-- ADM 다운로드 감사와 품질 게이트 보강 migration입니다.
-- 기준 설치 SQL(V1 baseline)에 포함된 항목을 이미 운영 중인 DB에 안전하게 반영합니다.

USE admDB;

CREATE TABLE IF NOT EXISTS adm_download_audit_log (
    DOWNLOAD_ID BIGINT NOT NULL AUTO_INCREMENT COMMENT '다운로드 감사 로그 순번',
    ADMIN_ID VARCHAR(50) NOT NULL COMMENT '요청 운영자 ID',
    MENU_ID VARCHAR(50) NULL COMMENT '메뉴 ID',
    SCREEN_ID VARCHAR(100) NULL COMMENT '화면 ID',
    DOWNLOAD_TYPE VARCHAR(50) NOT NULL COMMENT '다운로드 유형',
    TARGET_TYPE VARCHAR(50) NULL COMMENT '대상 유형',
    SEARCH_CONDITION_SUMMARY LONGTEXT NULL COMMENT '검색 조건 요약',
    ROW_COUNT INT NOT NULL DEFAULT 0 COMMENT '다운로드 행 수',
    MASKED_YN CHAR(1) NOT NULL DEFAULT 'Y' COMMENT '마스킹 적용 여부',
    INCLUDE_SENSITIVE_YN CHAR(1) NOT NULL DEFAULT 'N' COMMENT '민감정보 포함 요청 여부',
    REASON VARCHAR(500) NOT NULL COMMENT '다운로드 사유',
    CLIENT_IP VARCHAR(50) NULL COMMENT '클라이언트 IP',
    USER_AGENT VARCHAR(500) NULL COMMENT 'User-Agent',
    REQUESTED_AT DATETIME NOT NULL DEFAULT CURRENT_TIMESTAMP COMMENT '요청 일시',
    COMPLETED_AT DATETIME NULL COMMENT '완료 일시',
    STATUS VARCHAR(20) NOT NULL DEFAULT 'REQUESTED' COMMENT '처리 상태',
    FAILURE_REASON VARCHAR(1000) NULL COMMENT '실패 사유',
    FILE_NAME VARCHAR(300) NULL COMMENT '파일명',
    created_by VARCHAR(50) NOT NULL DEFAULT 'ADM' COMMENT '등록자',
    created_at DATETIME NOT NULL DEFAULT CURRENT_TIMESTAMP COMMENT '등록일시',
    updated_by VARCHAR(50) NOT NULL DEFAULT 'ADM' COMMENT '수정자',
    updated_at DATETIME NOT NULL DEFAULT CURRENT_TIMESTAMP ON UPDATE CURRENT_TIMESTAMP COMMENT '수정일시',
    PRIMARY KEY (DOWNLOAD_ID),
    INDEX ix_adm_download_audit_log_admin_time (ADMIN_ID, REQUESTED_AT),
    INDEX ix_adm_download_audit_log_type_time (DOWNLOAD_TYPE, REQUESTED_AT),
    INDEX ix_adm_download_audit_log_status_time (STATUS, REQUESTED_AT)
) ENGINE=InnoDB DEFAULT CHARSET=utf8mb4 COLLATE=utf8mb4_unicode_ci COMMENT='ADM 다운로드 감사 로그';

INSERT INTO adm_menu (MENU_ID, PARENT_MENU_ID, MENU_NAME, MENU_PATH, SORT_ORDER, USE_YN, created_by, updated_by)
VALUES
    ('NOTIFICATION', NULL, '알림 관리', '/adm#notifications', 55, 'Y', 'SYSTEM', 'SYSTEM'),
    ('DOWNLOAD', NULL, '다운로드 감사', '/adm#downloads', 58, 'Y', 'SYSTEM', 'SYSTEM')
ON DUPLICATE KEY UPDATE
    PARENT_MENU_ID = VALUES(PARENT_MENU_ID),
    MENU_NAME = VALUES(MENU_NAME),
    MENU_PATH = VALUES(MENU_PATH),
    SORT_ORDER = VALUES(SORT_ORDER),
    USE_YN = VALUES(USE_YN),
    updated_by = VALUES(updated_by),
    updated_at = CURRENT_TIMESTAMP;

INSERT INTO adm_button (BUTTON_ID, MENU_ID, ACTION_CODE, BUTTON_NAME, HTTP_METHOD, API_PATTERN, SORT_ORDER, USE_YN, created_by, updated_by)
VALUES
    ('NOTIFICATION_READ', 'NOTIFICATION', 'READ', '알림 조회', 'GET', '/adm/api/notifications/**', 10, 'Y', 'SYSTEM', 'SYSTEM'),
    ('NOTIFICATION_WRITE', 'NOTIFICATION', 'WRITE', '알림 등록/수정', 'POST', '/adm/api/notifications/**', 20, 'Y', 'SYSTEM', 'SYSTEM'),
    ('NOTIFICATION_DISABLE', 'NOTIFICATION', 'DISABLE', '알림 비활성화', 'PUT', '/adm/api/notifications/rules/*/disable', 30, 'Y', 'SYSTEM', 'SYSTEM'),
    ('NOTIFICATION_TEST_SEND', 'NOTIFICATION', 'TEST_SEND', '알림 테스트 발송', 'POST', '/adm/api/notifications/rules/*/test-send', 40, 'Y', 'SYSTEM', 'SYSTEM'),
    ('DOWNLOAD_READ', 'DOWNLOAD', 'READ', '다운로드 감사 조회', 'GET', '/adm/api/downloads/**', 10, 'Y', 'SYSTEM', 'SYSTEM'),
    ('DOWNLOAD_EXECUTE', 'DOWNLOAD', 'DOWNLOAD', 'CSV 다운로드', 'POST', '/adm/api/downloads/csv', 20, 'Y', 'SYSTEM', 'SYSTEM')
ON DUPLICATE KEY UPDATE
    MENU_ID = VALUES(MENU_ID),
    ACTION_CODE = VALUES(ACTION_CODE),
    BUTTON_NAME = VALUES(BUTTON_NAME),
    HTTP_METHOD = VALUES(HTTP_METHOD),
    API_PATTERN = VALUES(API_PATTERN),
    SORT_ORDER = VALUES(SORT_ORDER),
    USE_YN = VALUES(USE_YN),
    updated_by = VALUES(updated_by),
    updated_at = CURRENT_TIMESTAMP;

INSERT INTO adm_button (BUTTON_ID, MENU_ID, ACTION_CODE, BUTTON_NAME, HTTP_METHOD, API_PATTERN, SORT_ORDER, USE_YN, created_by, updated_by)
VALUES ('BATCH_SCHEDULER_RUN', 'BATCH', 'SCHEDULER_RUN', '스케줄러 1회 실행', 'POST', '/adm/api/batch/scheduler/run-once', 110, 'Y', 'SYSTEM', 'SYSTEM')
ON DUPLICATE KEY UPDATE
    MENU_ID = VALUES(MENU_ID),
    ACTION_CODE = VALUES(ACTION_CODE),
    BUTTON_NAME = VALUES(BUTTON_NAME),
    HTTP_METHOD = VALUES(HTTP_METHOD),
    API_PATTERN = VALUES(API_PATTERN),
    SORT_ORDER = VALUES(SORT_ORDER),
    USE_YN = VALUES(USE_YN),
    updated_by = VALUES(updated_by),
    updated_at = CURRENT_TIMESTAMP;

INSERT INTO adm_role_button (ROLE_ID, BUTTON_ID, ALLOW_YN, created_by, updated_by)
VALUES
    ('ADM_ADMIN', 'BATCH_SCHEDULER_RUN', 'Y', 'SYSTEM', 'SYSTEM'),
    ('ADM_DEV_OPERATOR', 'BATCH_SCHEDULER_RUN', 'Y', 'SYSTEM', 'SYSTEM'),
    ('ADM_BIZ_OPERATOR', 'BATCH_SCHEDULER_RUN', 'Y', 'SYSTEM', 'SYSTEM'),
    ('ADM_OPERATOR', 'BATCH_SCHEDULER_RUN', 'Y', 'SYSTEM', 'SYSTEM'),
    ('ADM_VIEWER', 'BATCH_SCHEDULER_RUN', 'N', 'SYSTEM', 'SYSTEM')
ON DUPLICATE KEY UPDATE
    ALLOW_YN = VALUES(ALLOW_YN),
    updated_by = VALUES(updated_by),
    updated_at = CURRENT_TIMESTAMP;

INSERT INTO adm_role_menu (ROLE_ID, MENU_ID, READ_YN, WRITE_YN, DELETE_YN, created_by, updated_by)
SELECT 'ADM_ADMIN', MENU_ID, 'Y', 'Y', 'Y', 'SYSTEM', 'SYSTEM'
FROM adm_menu
WHERE MENU_ID IN ('NOTIFICATION', 'DOWNLOAD')
ON DUPLICATE KEY UPDATE
    READ_YN = VALUES(READ_YN),
    WRITE_YN = VALUES(WRITE_YN),
    DELETE_YN = VALUES(DELETE_YN),
    updated_by = VALUES(updated_by),
    updated_at = CURRENT_TIMESTAMP;

INSERT INTO adm_role_menu (ROLE_ID, MENU_ID, READ_YN, WRITE_YN, DELETE_YN, created_by, updated_by)
VALUES
    ('ADM_DEV_OPERATOR', 'NOTIFICATION', 'Y', 'Y', 'N', 'SYSTEM', 'SYSTEM'),
    ('ADM_DEV_OPERATOR', 'DOWNLOAD', 'Y', 'Y', 'N', 'SYSTEM', 'SYSTEM'),
    ('ADM_BIZ_OPERATOR', 'NOTIFICATION', 'Y', 'N', 'N', 'SYSTEM', 'SYSTEM'),
    ('ADM_BIZ_OPERATOR', 'DOWNLOAD', 'Y', 'Y', 'N', 'SYSTEM', 'SYSTEM'),
    ('ADM_VIEWER', 'NOTIFICATION', 'Y', 'N', 'N', 'SYSTEM', 'SYSTEM'),
    ('ADM_VIEWER', 'DOWNLOAD', 'Y', 'N', 'N', 'SYSTEM', 'SYSTEM'),
    ('ADM_OPERATOR', 'NOTIFICATION', 'Y', 'Y', 'N', 'SYSTEM', 'SYSTEM'),
    ('ADM_OPERATOR', 'DOWNLOAD', 'Y', 'Y', 'N', 'SYSTEM', 'SYSTEM')
ON DUPLICATE KEY UPDATE
    READ_YN = VALUES(READ_YN),
    WRITE_YN = VALUES(WRITE_YN),
    DELETE_YN = VALUES(DELETE_YN),
    updated_by = VALUES(updated_by),
    updated_at = CURRENT_TIMESTAMP;

INSERT INTO adm_role_button (ROLE_ID, BUTTON_ID, ALLOW_YN, created_by, updated_by)
SELECT 'ADM_ADMIN', BUTTON_ID, 'Y', 'SYSTEM', 'SYSTEM'
FROM adm_button
WHERE MENU_ID IN ('NOTIFICATION', 'DOWNLOAD')
ON DUPLICATE KEY UPDATE
    ALLOW_YN = VALUES(ALLOW_YN),
    updated_by = VALUES(updated_by),
    updated_at = CURRENT_TIMESTAMP;

INSERT INTO adm_role_button (ROLE_ID, BUTTON_ID, ALLOW_YN, created_by, updated_by)
SELECT 'ADM_DEV_OPERATOR', BUTTON_ID, 'Y', 'SYSTEM', 'SYSTEM'
FROM adm_button
WHERE MENU_ID IN ('NOTIFICATION', 'DOWNLOAD')
ON DUPLICATE KEY UPDATE
    ALLOW_YN = VALUES(ALLOW_YN),
    updated_by = VALUES(updated_by),
    updated_at = CURRENT_TIMESTAMP;

INSERT INTO adm_role_button (ROLE_ID, BUTTON_ID, ALLOW_YN, created_by, updated_by)
SELECT 'ADM_BIZ_OPERATOR', BUTTON_ID,
       CASE WHEN BUTTON_ID IN ('NOTIFICATION_READ', 'DOWNLOAD_READ', 'DOWNLOAD_EXECUTE') THEN 'Y' ELSE 'N' END,
       'SYSTEM', 'SYSTEM'
FROM adm_button
WHERE MENU_ID IN ('NOTIFICATION', 'DOWNLOAD')
ON DUPLICATE KEY UPDATE
    ALLOW_YN = VALUES(ALLOW_YN),
    updated_by = VALUES(updated_by),
    updated_at = CURRENT_TIMESTAMP;

INSERT INTO adm_role_button (ROLE_ID, BUTTON_ID, ALLOW_YN, created_by, updated_by)
SELECT 'ADM_VIEWER', BUTTON_ID,
       CASE WHEN ACTION_CODE = 'READ' THEN 'Y' ELSE 'N' END,
       'SYSTEM', 'SYSTEM'
FROM adm_button
WHERE MENU_ID IN ('NOTIFICATION', 'DOWNLOAD')
ON DUPLICATE KEY UPDATE
    ALLOW_YN = VALUES(ALLOW_YN),
    updated_by = VALUES(updated_by),
    updated_at = CURRENT_TIMESTAMP;

INSERT INTO adm_role_button (ROLE_ID, BUTTON_ID, ALLOW_YN, created_by, updated_by)
SELECT 'ADM_OPERATOR', BUTTON_ID, 'Y', 'SYSTEM', 'SYSTEM'
FROM adm_button
WHERE MENU_ID IN ('NOTIFICATION', 'DOWNLOAD')
ON DUPLICATE KEY UPDATE
    ALLOW_YN = VALUES(ALLOW_YN),
    updated_by = VALUES(updated_by),
    updated_at = CURRENT_TIMESTAMP;
