bundle_id,related_exact_ids,related_request_ids,contract_files,implementation_refs,consumer_refs,test_refs,vendor_sql_refs,frontend_refs,evidence_refs,regression_status,closure_status
BND-BASELINE-PROVENANCE,,,S01~S06 source ledgers,results/detail/provenance/**,source consumers,source evidence,,,results/TEST_EXECUTION_LEDGER.csv|results/EVIDENCE_CATALOG_INDEX.csv,PASS,CLOSED
BND-CRYPTO-AGILITY,,S06-INT-CORE-CRYPTO-AGILITY,cpf-core security crypto,cpf-common JCE provider,ADM/security consumers,IntegrationClosureHarness,3 vendor integration closure SQL,,results/TEST_EXECUTION_LEDGER.csv|results/EVIDENCE_CATALOG_INDEX.csv,PASS,CLOSED
BND-TIME-STANDARD,,IR-S02-RUNTIME|S06-ENV-JAVA25-GRADLE91-RUNTIME|S06-INT-CACHE-VALKEY-MISSING-RUNTIME|S06-INT-CORE-TIME-STANDARD,cpf-core time contract,cpf-common time operations,lease/time health consumer,IntegrationClosureHarness,,ADM time health,results/TEST_EXECUTION_LEDGER.csv|results/EVIDENCE_CATALOG_INDEX.csv,PASS,CLOSED
BND-FIELD-ENCRYPTION,,S06-INT-DATA-FIELD-ENCRYPTION,cpf-core field encryption,cpf-common protected record,ADM data quality/data protection,IntegrationClosureHarness,3 vendor lifecycle SQL,,results/TEST_EXECUTION_LEDGER.csv|results/EVIDENCE_CATALOG_INDEX.csv,PASS,CLOSED
BND-DATA-QUALITY,,S06-INT-DATA-QUALITY-OPERATIONS,cpf-core data quality,cpf-common quarantine operations,ADM controller/generated client,IntegrationClosureHarness,3 vendor lifecycle SQL,ADM generated client,results/TEST_EXECUTION_LEDGER.csv|results/EVIDENCE_CATALOG_INDEX.csv,PASS,CLOSED
BND-WEBHOOK-LIFECYCLE,,S06-INT-WEBHOOK-CALLBACK-LIFECYCLE,cpf-core webhook,webhook starter provider,ADM DLQ/replay consumer,IntegrationClosureHarness concurrency/UNKNOWN,3 vendor lifecycle SQL,ADM generated client,results/TEST_EXECUTION_LEDGER.csv|results/EVIDENCE_CATALOG_INDEX.csv,PASS,CLOSED
BND-BATCH-UNKNOWN-RECONCILIATION,,ICR-V9-S02-S04-0002,Batch UNKNOWN fail-closed SQL,3 vendor runtime/provider SQL,scheduler/center-cut/remote-message consumers,batch unknown semantic gate,Oracle/PostgreSQL/MariaDB V103 lifecycle,,results/TEST_EXECUTION_LEDGER.csv|results/EVIDENCE_CATALOG_INDEX.csv,PASS,CLOSED
BND-ADM-INTEGRATION-CONSUMER,,,ADM REST/OpenAPI,AdmIntegrationClosureService/Controller,generated client/store,ADM javac + TypeScript tsc,,ADM frontend,results/TEST_EXECUTION_LEDGER.csv|results/EVIDENCE_CATALOG_INDEX.csv,PASS,CLOSED
BND-ADM-ROUTE-CLOSURE,,S06-INT-ADM-ROUTE-RAW-URL-OWNERSHIP,relative route ownership,routeClosureMethods,ADM batch consumer,raw URL gate,,ADM frontend,results/TEST_EXECUTION_LEDGER.csv|results/EVIDENCE_CATALOG_INDEX.csv,PASS,CLOSED
BND-ADM-BROWSER-RELEASE,,S06-INT-ADM-BROWSER-RELEASE-CONTRACT,Playwright release contract,playwright config,ADM browser suite,static project path review,,ADM frontend,results/TEST_EXECUTION_LEDGER.csv|results/EVIDENCE_CATALOG_INDEX.csv,STATIC_PASS_TARGET_BROWSER_TRACKED,CLOSED_DEVGPT
BND-NOTIFICATION-DB-PARITY,,S06-INT-NOTIFICATION-INCIDENT-CANONICAL-DB-PARITY,notification/incident canonical DB,3 vendor source schema,ADM notification/incident consumer,notification lifecycle gate,Oracle/PostgreSQL/MariaDB source parity,ADM pages,results/TEST_EXECUTION_LEDGER.csv|results/EVIDENCE_CATALOG_INDEX.csv,PASS,CLOSED
BND-STARTER-GENERATOR-PUBLICATION,,,starter catalog,webhook template/module,generated domain consumers,catalog/static gate,,,results/TEST_EXECUTION_LEDGER.csv|results/EVIDENCE_CATALOG_INDEX.csv,PASS,CLOSED
BND-FINAL-LEDGER,,,logical final ledger,split indexes/catalogs,review/QA/Codex consumer,lossless validator,,,results/TEST_EXECUTION_LEDGER.csv|results/EVIDENCE_CATALOG_INDEX.csv,PASS,CLOSED
BND-FINAL-INTEGRATION-CLOSURE,@INTEGRATION_SCOPE,ICR-DEVGPT-V9-S04-001|ICR-DEVGPT-V9-S04-002|ICR-DEVGPT-V9-S04-003|ICR-DEVGPT-V9-S04-004|ICR-DEVGPT-V9-S04-005|ICR-DEVGPT-V9-S04-006|ICR-V9-S02-MGMT-0002|ICR-V9-S02-S04-0002|ICR-V9-S02-S05-0001|ICR-V9-S05-S06-FULL-ASSIGNMENT-ALIASES-001|IR-S02-RUNTIME|IR-S04-DB|IR-S05-ADM-BZA|IR-S06-BUILD-GENERATOR|IR-S06-SECURITY-STARTERS|S03-ICR-001|S03-ICR-002|S03-ICR-003|S03-ICR-004|S03-ICR-005|S06-DELETE-OPENAPI-WEBMVC-STALE-ROOT|S06-ENV-JAVA25-GRADLE91-RUNTIME|S06-INT-ADM-APPROVAL-DUAL-PRIMARY|S06-INT-ADM-BROWSER-RELEASE-CONTRACT|S06-INT-ADM-ROUTE-RAW-URL-OWNERSHIP|S06-INT-CACHE-VALKEY-MISSING-RUNTIME|S06-INT-CORE-CRYPTO-AGILITY|S06-INT-CORE-TIME-STANDARD|S06-INT-DATA-FIELD-ENCRYPTION|S06-INT-DATA-QUALITY-OPERATIONS|S06-INT-NOTIFICATION-INCIDENT-CANONICAL-DB-PARITY|S06-INT-WEBHOOK-CALLBACK-LIFECYCLE,all S01~S06 requirements,baseline + product bundles,all CPF consumers,execution ledger,3 vendor packs,ADM/OpenAPI/Generator,results/TEST_EXECUTION_LEDGER.csv|results/EVIDENCE_CATALOG_INDEX.csv,PASS,CLOSED
