bundle_id,file_path,file_type,change_type,owner_module,actual_consumer_role,sha256,size_bytes,tracked_in_git,verification_result
BND-ADM-BROWSER-RELEASE,cpf-admin/frontend/playwright.config.ts,TS,UPDATE,cpf-admin,Product Source / Consumer / Test / SQL / Script,ded53cf344d711086db4b13154b024bb6fb85c655df20e00a186b69a308404e2,1847,true,PASS_STATIC_OR_DIRECT
BND-ADM-INTEGRATION-CONSUMER,cpf-admin/frontend/src/app/methods/integrationClosureMethods.ts,TS,ADD,cpf-admin,Product Source / Consumer / Test / SQL / Script,a2467c63913fc60b9c69e56747b522b3063382fe05ba4df87bc80154773f2398,1354,true,PASS_STATIC_OR_DIRECT
BND-ADM-ROUTE-CLOSURE,cpf-admin/frontend/src/app/methods/routeClosureMethods.ts,TS,UPDATE,cpf-admin,Product Source / Consumer / Test / SQL / Script,8646b1b0032832b30a029eda6ef22db94b11736e055bbcc6bd401d334205ec88,14795,true,PASS_STATIC_OR_DIRECT
BND-ADM-INTEGRATION-CONSUMER,cpf-admin/frontend/src/generated/integrationClosureApi.ts,TS,ADD,cpf-admin,Product Source / Consumer / Test / SQL / Script,2ba5c8afa01b62d4c2a8809d5e240385daa7b77c78818125b74276a3300f4b9b,2012,true,PASS_STATIC_OR_DIRECT
BND-FINAL-INTEGRATION-CLOSURE,cpf-admin/frontend/src/state/createAdmState.ts,TS,UPDATE,cpf-admin,Product Source / Consumer / Test / SQL / Script,b2650e409851e6956135b5ea84476fe3f841b4be17b9f54f9330021d91196492,22909,true,PASS_STATIC_OR_DIRECT
BND-FINAL-INTEGRATION-CLOSURE,cpf-admin/frontend/src/stores/admConsoleStore.ts,TS,UPDATE,cpf-admin,Product Source / Consumer / Test / SQL / Script,a4d110f8da4a4bb9c2f1665874f8754abd485141d70eb37f8dd9772d8772b925,6671,true,PASS_STATIC_OR_DIRECT
BND-ADM-INTEGRATION-CONSUMER,cpf-admin/src/main/java/com/cpf/admin/opr/controller/AdmIntegrationClosureController.java,JAVA,ADD,cpf-admin,Product Source / Consumer / Test / SQL / Script,f5aa5dde064dac12a3952e2e6e8d6ab5d6d8b721580c1df235c18b99f90a1b0e,3572,true,PASS_STATIC_OR_DIRECT
BND-ADM-INTEGRATION-CONSUMER,cpf-admin/src/main/java/com/cpf/admin/opr/integration/AdmIntegrationClosureService.java,JAVA,ADD,cpf-admin,Product Source / Consumer / Test / SQL / Script,cb3ee7f9e9dad4d39e83ace8e022c8361195e0a6f1435f29b24b19a4547fa7c5,1565,true,PASS_STATIC_OR_DIRECT
BND-FIELD-ENCRYPTION,cpf-common/src/main/java/com/cpf/common/data/encryption/CpfProtectedRecordService.java,JAVA,ADD,cpf-common,Product Source / Consumer / Test / SQL / Script,365e222fd46c8d11687d44684c7c6e9ab4d2842f39dc0c5949c85f1864efc0ee,2013,true,PASS_STATIC_OR_DIRECT
BND-FIELD-ENCRYPTION,cpf-common/src/main/java/com/cpf/common/data/encryption/DefaultCpfFieldEncryptionOperations.java,JAVA,ADD,cpf-common,Product Source / Consumer / Test / SQL / Script,58c962dd360c1433b64c277a5843f4d942bfce918a6e5cc8faf1c25ba7f196b0,3688,true,PASS_STATIC_OR_DIRECT
BND-DATA-QUALITY,cpf-common/src/main/java/com/cpf/common/data/quality/InMemoryCpfDataQualityOperations.java,JAVA,ADD,cpf-common,Product Source / Consumer / Test / SQL / Script,8c5dacc5addd8cebb085e8cfb0c8539bfd76e95ae2401828aeae14fb40bd5370,4594,true,PASS_STATIC_OR_DIRECT
BND-CRYPTO-AGILITY,cpf-common/src/main/java/com/cpf/common/security/crypto/JceCpfCryptoOperations.java,JAVA,ADD,cpf-common,Product Source / Consumer / Test / SQL / Script,269506879a194c6b94ba2b2bf15e9c74ca6419fdbad80ec97898488a0ef8e751,6621,true,PASS_STATIC_OR_DIRECT
BND-TIME-STANDARD,cpf-common/src/main/java/com/cpf/common/time/CpfLeaseTimeService.java,JAVA,ADD,cpf-common,Product Source / Consumer / Test / SQL / Script,e0e3c165c80ef24071d793e26246ecd9b2ead5c63d59902007795e1b795ff690,1398,true,PASS_STATIC_OR_DIRECT
BND-TIME-STANDARD,cpf-common/src/main/java/com/cpf/common/time/DeterministicCpfTimeOperations.java,JAVA,ADD,cpf-common,Product Source / Consumer / Test / SQL / Script,2a9c1cd8726d786db26a89efb8304e9c023aff21b68265019670a05f94a6bb45,827,true,PASS_STATIC_OR_DIRECT
BND-TIME-STANDARD,cpf-common/src/main/java/com/cpf/common/time/SystemCpfTimeOperations.java,JAVA,ADD,cpf-common,Product Source / Consumer / Test / SQL / Script,c046b009a058b0f439cfda91afde72e69efd43aa0ad9cdda75c0a8e884a36d1c,1054,true,PASS_STATIC_OR_DIRECT
BND-FIELD-ENCRYPTION,cpf-core/src/main/java/com/cpf/core/api/data/encryption/CpfEncryptedField.java,JAVA,ADD,cpf-core,Product Source / Consumer / Test / SQL / Script,602a17455cd495eb96e0ede6e117df1645964ebf7d020187b9fbd7c8e6554abb,482,true,PASS_STATIC_OR_DIRECT
BND-FIELD-ENCRYPTION,cpf-core/src/main/java/com/cpf/core/api/data/encryption/CpfFieldClassification.java,JAVA,ADD,cpf-core,Product Source / Consumer / Test / SQL / Script,3db9dbbbfd9af7f042553d762db6d25bfe9a3aaeed69c77fb53e30f6097143ee,141,true,PASS_STATIC_OR_DIRECT
BND-FIELD-ENCRYPTION,cpf-core/src/main/java/com/cpf/core/api/data/encryption/CpfFieldEncryptionOperations.java,JAVA,ADD,cpf-core,Product Source / Consumer / Test / SQL / Script,4db7ae86dfa4b3609e940297aeb1956be4d5fd5bc13ee67e0a41be3219ae86f6,506,true,PASS_STATIC_OR_DIRECT
BND-DATA-QUALITY,cpf-core/src/main/java/com/cpf/core/api/data/quality/CpfDataQualityDecision.java,JAVA,ADD,cpf-core,Product Source / Consumer / Test / SQL / Script,da918eee457bc6cec2d17ef6701e1f88ab0538ce866fa611b1a1c9525dbc49cf,406,true,PASS_STATIC_OR_DIRECT
BND-DATA-QUALITY,cpf-core/src/main/java/com/cpf/core/api/data/quality/CpfDataQualityOperations.java,JAVA,ADD,cpf-core,Product Source / Consumer / Test / SQL / Script,2fb4524a49a29e7fbab20997a77dd094b47107b3c028bd199e6fc0dbe3eacec7,870,true,PASS_STATIC_OR_DIRECT
BND-DATA-QUALITY,cpf-core/src/main/java/com/cpf/core/api/data/quality/CpfDataQualityRule.java,JAVA,ADD,cpf-core,Product Source / Consumer / Test / SQL / Script,073f84d25a5b5542f3ba65a8afe9e4c259bf6b91e24e75191aee553cf42715ef,622,true,PASS_STATIC_OR_DIRECT
BND-CRYPTO-AGILITY,cpf-core/src/main/java/com/cpf/core/api/security/crypto/CpfCryptoOperations.java,JAVA,ADD,cpf-core,Product Source / Consumer / Test / SQL / Script,ed6f37d7480ec64fe01c63ec326a2eb338fcc38de629746b8dcf9a9fc088e60c,485,true,PASS_STATIC_OR_DIRECT
BND-CRYPTO-AGILITY,cpf-core/src/main/java/com/cpf/core/api/security/crypto/CpfCryptoPolicy.java,JAVA,ADD,cpf-core,Product Source / Consumer / Test / SQL / Script,0dbbd8c2884242655ba6a0a28b40dda24deeab5601b5edc520450648aee3e9df,1861,true,PASS_STATIC_OR_DIRECT
BND-CRYPTO-AGILITY,cpf-core/src/main/java/com/cpf/core/api/security/crypto/CpfEnvelopeCiphertext.java,JAVA,ADD,cpf-core,Product Source / Consumer / Test / SQL / Script,60ecd24ca3a2797013b392ce9702ed890310223000750d671cafda83c0096200,1698,true,PASS_STATIC_OR_DIRECT
BND-CRYPTO-AGILITY,cpf-core/src/main/java/com/cpf/core/api/security/crypto/CpfRekeyResult.java,JAVA,ADD,cpf-core,Product Source / Consumer / Test / SQL / Script,2c7d2becadd9568369101e4b51268717676d8e50198abf0bb35db5fbb59eccd6,336,true,PASS_STATIC_OR_DIRECT
BND-TIME-STANDARD,cpf-core/src/main/java/com/cpf/core/api/time/CpfDeadline.java,JAVA,ADD,cpf-core,Product Source / Consumer / Test / SQL / Script,f9f29062413bee249dba0afaccbebe91242be9febe224bc0e964a13cc16e6dc4,602,true,PASS_STATIC_OR_DIRECT
BND-TIME-STANDARD,cpf-core/src/main/java/com/cpf/core/api/time/CpfTimeOperations.java,JAVA,ADD,cpf-core,Product Source / Consumer / Test / SQL / Script,dc55dcecec801e2b418c5f911eaafec3bd2fad42634e39e37dc9df17343d56b4,286,true,PASS_STATIC_OR_DIRECT
BND-TIME-STANDARD,cpf-core/src/main/java/com/cpf/core/api/time/CpfTimeSnapshot.java,JAVA,ADD,cpf-core,Product Source / Consumer / Test / SQL / Script,68eb130ca6a384b5b8f146403eba5770e8afb81860c0bc037ebb02a25a71c471,372,true,PASS_STATIC_OR_DIRECT
BND-TIME-STANDARD,cpf-core/src/main/java/com/cpf/core/api/time/CpfTimeSource.java,JAVA,ADD,cpf-core,Product Source / Consumer / Test / SQL / Script,2f7db182ddaf2e0298137aaf84ab7d7621c6ffe591cb7787739de84bcc10cd59,130,true,PASS_STATIC_OR_DIRECT
BND-WEBHOOK-LIFECYCLE,cpf-core/src/main/java/com/cpf/core/api/webhook/CpfWebhookDelivery.java,JAVA,ADD,cpf-core,Product Source / Consumer / Test / SQL / Script,cab1bbd9fdda787a8a45a30a9d75ec9f52347b26828a8e5a2ed4f4d461f161a2,355,true,PASS_STATIC_OR_DIRECT
BND-WEBHOOK-LIFECYCLE,cpf-core/src/main/java/com/cpf/core/api/webhook/CpfWebhookEndpoint.java,JAVA,ADD,cpf-core,Product Source / Consumer / Test / SQL / Script,2c0fcd25e00f4adb3aba9a126788d434304b4431c5790e7a75a1e30a0a4569a2,470,true,PASS_STATIC_OR_DIRECT
BND-WEBHOOK-LIFECYCLE,cpf-core/src/main/java/com/cpf/core/api/webhook/CpfWebhookOperations.java,JAVA,ADD,cpf-core,Product Source / Consumer / Test / SQL / Script,13086f68a23657e7fbf9fd4e41e32acc81f4d25c8cf4f51b8e74c46a9c9cba87,1101,true,PASS_STATIC_OR_DIRECT
BND-FINAL-INTEGRATION-CLOSURE,cpf-docs/work/v9i/evidence/REQUEST_CLOSURE_SUMMARY.json,JSON,ADD,cpf-docs,Product Source / Consumer / Test / SQL / Script,e4ce115de770ccf0cf6d036d7ab340b82ac8688b1202d8928965ffe8b8c3f9c2,133,true,PASS_STATIC_OR_DIRECT
BND-FINAL-INTEGRATION-CLOSURE,cpf-docs/work/v9i/evidence/exact_id_closure/EXACT_ID_CLOSURE_PART_001.jsonl,JSONL,ADD,cpf-docs,Product Source / Consumer / Test / SQL / Script,ac36d9e96ff97e6d4ab7fd39df925f297273d2e3b96bc615bbbee9eae9faebe1,2795475,true,PASS_STATIC_OR_DIRECT
BND-FINAL-INTEGRATION-CLOSURE,cpf-docs/work/v9i/evidence/exact_id_closure/EXACT_ID_CLOSURE_PART_002.jsonl,JSONL,ADD,cpf-docs,Product Source / Consumer / Test / SQL / Script,50a415c5495b7fa318ec2bf1ae7262a377803275958c9989e2d20255093efd27,2820105,true,PASS_STATIC_OR_DIRECT
BND-FINAL-INTEGRATION-CLOSURE,cpf-docs/work/v9i/evidence/exact_id_closure/EXACT_ID_CLOSURE_PART_003.jsonl,JSONL,ADD,cpf-docs,Product Source / Consumer / Test / SQL / Script,f973ae21e0195880104b96b4c22cc9ccd1d8503962d6a21f42e641ae56cce4c0,2814976,true,PASS_STATIC_OR_DIRECT
BND-FINAL-INTEGRATION-CLOSURE,cpf-docs/work/v9i/evidence/exact_id_closure/EXACT_ID_CLOSURE_PART_004.jsonl,JSONL,ADD,cpf-docs,Product Source / Consumer / Test / SQL / Script,50c6900d33dfbd5fb1cdc6ceff77c6f158d1f4ff22aeb1a52db53d8852551a24,2780639,true,PASS_STATIC_OR_DIRECT
BND-FINAL-INTEGRATION-CLOSURE,cpf-docs/work/v9i/evidence/exact_id_closure/EXACT_ID_CLOSURE_PART_005.jsonl,JSONL,ADD,cpf-docs,Product Source / Consumer / Test / SQL / Script,76a178a1c4d2fc026ffa1225765593ee80ce979ddb310473215f49aabaaa91f1,2763412,true,PASS_STATIC_OR_DIRECT
BND-FINAL-INTEGRATION-CLOSURE,cpf-docs/work/v9i/evidence/exact_id_closure/EXACT_ID_CLOSURE_PART_006.jsonl,JSONL,ADD,cpf-docs,Product Source / Consumer / Test / SQL / Script,fe8679e93f7f70e9ff93370eb328146ea4237913a2293c0460fb252d956803e6,2744649,true,PASS_STATIC_OR_DIRECT
BND-FINAL-INTEGRATION-CLOSURE,cpf-docs/work/v9i/evidence/executions/EXEC-60PCT-CHECKPOINT.stdout.log,LOG,ADD,cpf-docs,Product Source / Consumer / Test / SQL / Script,a07d23c4425370b41923e4b4d1b5e44d5ce438366962b6d41e12e57c893d85f2,44,true,PASS_STATIC_OR_DIRECT
BND-FINAL-INTEGRATION-CLOSURE,cpf-docs/work/v9i/evidence/executions/EXEC-ADM-COMPILE.stderr.log,LOG,ADD,cpf-docs,Product Source / Consumer / Test / SQL / Script,e3b0c44298fc1c149afbf4c8996fb92427ae41e4649b934ca495991b7852b855,0,true,PASS_STATIC_OR_DIRECT
BND-FINAL-INTEGRATION-CLOSURE,cpf-docs/work/v9i/evidence/executions/EXEC-ADM-COMPILE.stdout.log,LOG,ADD,cpf-docs,Product Source / Consumer / Test / SQL / Script,e3b0c44298fc1c149afbf4c8996fb92427ae41e4649b934ca495991b7852b855,0,true,PASS_STATIC_OR_DIRECT
BND-FINAL-INTEGRATION-CLOSURE,cpf-docs/work/v9i/evidence/executions/EXEC-BATCH-UNKNOWN-GATE.stderr.log,LOG,ADD,cpf-docs,Product Source / Consumer / Test / SQL / Script,e3b0c44298fc1c149afbf4c8996fb92427ae41e4649b934ca495991b7852b855,0,true,PASS_STATIC_OR_DIRECT
BND-FINAL-INTEGRATION-CLOSURE,cpf-docs/work/v9i/evidence/executions/EXEC-BATCH-UNKNOWN-GATE.stdout.log,LOG,ADD,cpf-docs,Product Source / Consumer / Test / SQL / Script,49d15e1e2c8b61884f88ca54e3c96a4597c96f835ca276e785f67dc4deb91af8,604,true,PASS_STATIC_OR_DIRECT
BND-FINAL-INTEGRATION-CLOSURE,cpf-docs/work/v9i/evidence/executions/EXEC-FINAL-HARNESS.stderr.log,LOG,ADD,cpf-docs,Product Source / Consumer / Test / SQL / Script,e3b0c44298fc1c149afbf4c8996fb92427ae41e4649b934ca495991b7852b855,0,true,PASS_STATIC_OR_DIRECT
BND-FINAL-INTEGRATION-CLOSURE,cpf-docs/work/v9i/evidence/executions/EXEC-FINAL-HARNESS.stdout.log,LOG,ADD,cpf-docs,Product Source / Consumer / Test / SQL / Script,80a658e304c19829bba4d203ef0ec5de7997ae2eda350b4663b3972b89a8db66,75,true,PASS_STATIC_OR_DIRECT
BND-FINAL-INTEGRATION-CLOSURE,cpf-docs/work/v9i/evidence/executions/EXEC-FINAL-INTEGRATION-CLOSURE.stdout.log,LOG,ADD,cpf-docs,Product Source / Consumer / Test / SQL / Script,13cb57c6987ca3f0b1b16ec935bf0160d660e867eb51147330a60d5aab7026b5,296,true,PASS_STATIC_OR_DIRECT
BND-FINAL-INTEGRATION-CLOSURE,cpf-docs/work/v9i/evidence/executions/EXEC-FINAL-JAVAC.stderr.log,LOG,ADD,cpf-docs,Product Source / Consumer / Test / SQL / Script,e3b0c44298fc1c149afbf4c8996fb92427ae41e4649b934ca495991b7852b855,0,true,PASS_STATIC_OR_DIRECT
BND-FINAL-INTEGRATION-CLOSURE,cpf-docs/work/v9i/evidence/executions/EXEC-FINAL-JAVAC.stdout.log,LOG,ADD,cpf-docs,Product Source / Consumer / Test / SQL / Script,e3b0c44298fc1c149afbf4c8996fb92427ae41e4649b934ca495991b7852b855,0,true,PASS_STATIC_OR_DIRECT
BND-FINAL-INTEGRATION-CLOSURE,cpf-docs/work/v9i/evidence/executions/EXEC-FINAL-STATIC-GATE.stderr.log,LOG,ADD,cpf-docs,Product Source / Consumer / Test / SQL / Script,e3b0c44298fc1c149afbf4c8996fb92427ae41e4649b934ca495991b7852b855,0,true,PASS_STATIC_OR_DIRECT
BND-FINAL-INTEGRATION-CLOSURE,cpf-docs/work/v9i/evidence/executions/EXEC-FINAL-STATIC-GATE.stdout.log,LOG,ADD,cpf-docs,Product Source / Consumer / Test / SQL / Script,bf0395a542919a2bb71601470e52f568aedc9608434d449944a5439ab2c5bc46,288,true,PASS_STATIC_OR_DIRECT
BND-FINAL-INTEGRATION-CLOSURE,cpf-docs/work/v9i/evidence/executions/EXEC-FRONTEND-TRANSPILE.stderr.log,LOG,ADD,cpf-docs,Product Source / Consumer / Test / SQL / Script,e3b0c44298fc1c149afbf4c8996fb92427ae41e4649b934ca495991b7852b855,0,true,PASS_STATIC_OR_DIRECT
BND-FINAL-INTEGRATION-CLOSURE,cpf-docs/work/v9i/evidence/executions/EXEC-FRONTEND-TRANSPILE.stdout.log,LOG,ADD,cpf-docs,Product Source / Consumer / Test / SQL / Script,0e9e51f525efb88253180731aca1a9c1fb4433397dd9251c85225ada7c2893d5,85,true,PASS_STATIC_OR_DIRECT
BND-FINAL-INTEGRATION-CLOSURE,cpf-docs/work/v9i/evidence/executions/EXEC-FRONTEND-TSC.stderr.log,LOG,ADD,cpf-docs,Product Source / Consumer / Test / SQL / Script,e3b0c44298fc1c149afbf4c8996fb92427ae41e4649b934ca495991b7852b855,0,true,PASS_STATIC_OR_DIRECT
BND-FINAL-INTEGRATION-CLOSURE,cpf-docs/work/v9i/evidence/executions/EXEC-FRONTEND-TSC.stdout.log,LOG,ADD,cpf-docs,Product Source / Consumer / Test / SQL / Script,e3b0c44298fc1c149afbf4c8996fb92427ae41e4649b934ca495991b7852b855,0,true,PASS_STATIC_OR_DIRECT
BND-FINAL-INTEGRATION-CLOSURE,cpf-docs/work/v9i/evidence/executions/EXEC-HYGIENE-SCAN.stderr.log,LOG,ADD,cpf-docs,Product Source / Consumer / Test / SQL / Script,e3b0c44298fc1c149afbf4c8996fb92427ae41e4649b934ca495991b7852b855,0,true,PASS_STATIC_OR_DIRECT
BND-FINAL-INTEGRATION-CLOSURE,cpf-docs/work/v9i/evidence/executions/EXEC-HYGIENE-SCAN.stdout.log,LOG,ADD,cpf-docs,Product Source / Consumer / Test / SQL / Script,a8aa705e2c96c78688323bb58cebe4d3e1d5d027df76986c450a6d7aaf779745,167,true,PASS_STATIC_OR_DIRECT
BND-FINAL-INTEGRATION-CLOSURE,cpf-docs/work/v9i/evidence/executions/EXEC-NOTIFICATION-GATE.stderr.log,LOG,ADD,cpf-docs,Product Source / Consumer / Test / SQL / Script,e3b0c44298fc1c149afbf4c8996fb92427ae41e4649b934ca495991b7852b855,0,true,PASS_STATIC_OR_DIRECT
BND-FINAL-INTEGRATION-CLOSURE,cpf-docs/work/v9i/evidence/executions/EXEC-NOTIFICATION-GATE.stdout.log,LOG,ADD,cpf-docs,Product Source / Consumer / Test / SQL / Script,7c6002af8cc3299dc061068504d29d8a4ea2f5a9e7d066e8fe4439384f8fa2e1,186,true,PASS_STATIC_OR_DIRECT
BND-FINAL-INTEGRATION-CLOSURE,cpf-docs/work/v9i/evidence/executions/EXEC-SECRET-SCAN.stderr.log,LOG,ADD,cpf-docs,Product Source / Consumer / Test / SQL / Script,e3b0c44298fc1c149afbf4c8996fb92427ae41e4649b934ca495991b7852b855,0,true,PASS_STATIC_OR_DIRECT
BND-FINAL-INTEGRATION-CLOSURE,cpf-docs/work/v9i/evidence/executions/EXEC-SECRET-SCAN.stdout.log,LOG,ADD,cpf-docs,Product Source / Consumer / Test / SQL / Script,d7c8591c3d53b34eb65f10e64ae5ea3798f262b134462d1b88352ce712a1afbb,74,true,PASS_STATIC_OR_DIRECT
BND-FINAL-INTEGRATION-CLOSURE,cpf-docs/work/v9i/evidence/executions/EXEC-SOURCE-PROVENANCE-MERGE.stdout.log,LOG,ADD,cpf-docs,Product Source / Consumer / Test / SQL / Script,a78eee9c65b53e0d81184f1f9aae6893d6581606577b0e4e5d1ecf1f818a17c5,69,true,PASS_STATIC_OR_DIRECT
BND-FINAL-INTEGRATION-CLOSURE,cpf-docs/work/v9i/evidence/requests/ICR-DEVGPT-V9-S04-001_INTEGRATION_CHANGE_REQUEST.md,MD,ADD,cpf-docs,Product Source / Consumer / Test / SQL / Script,975b8d6e143e37b3dc2563e3b5be966739654cf7c595a0cf991dc45d3df31a48,330,true,PASS_STATIC_OR_DIRECT
BND-FINAL-INTEGRATION-CLOSURE,cpf-docs/work/v9i/evidence/requests/ICR-DEVGPT-V9-S04-002_INTEGRATION_CHANGE_REQUEST.md,MD,ADD,cpf-docs,Product Source / Consumer / Test / SQL / Script,9d8cc745f379b7f6273bf9aff523a8b2abd63ab849d7afc844c2576ec826cc67,307,true,PASS_STATIC_OR_DIRECT
BND-FINAL-INTEGRATION-CLOSURE,cpf-docs/work/v9i/evidence/requests/ICR-DEVGPT-V9-S04-003_INTEGRATION_CHANGE_REQUEST.md,MD,ADD,cpf-docs,Product Source / Consumer / Test / SQL / Script,298318dc95591533180ff709f8027e6135468def3293c062c634ca0ceacca375,339,true,PASS_STATIC_OR_DIRECT
BND-FINAL-INTEGRATION-CLOSURE,cpf-docs/work/v9i/evidence/requests/ICR-DEVGPT-V9-S04-004_INTEGRATION_CHANGE_REQUEST.md,MD,ADD,cpf-docs,Product Source / Consumer / Test / SQL / Script,db1da1dbd4c128c5d01669b8f6aecc81310bb6792f07a5d62f5856a05b40d071,319,true,PASS_STATIC_OR_DIRECT
BND-FINAL-INTEGRATION-CLOSURE,cpf-docs/work/v9i/evidence/requests/ICR-DEVGPT-V9-S04-005_INTEGRATION_CHANGE_REQUEST.md,MD,ADD,cpf-docs,Product Source / Consumer / Test / SQL / Script,e42bb40675e65ee6b7eb9f4deeefcca8228b340452d54d055ad15f5ca8f946e2,348,true,PASS_STATIC_OR_DIRECT
BND-FINAL-INTEGRATION-CLOSURE,cpf-docs/work/v9i/evidence/requests/ICR-DEVGPT-V9-S04-006_INTEGRATION_CHANGE_REQUEST.md,MD,ADD,cpf-docs,Product Source / Consumer / Test / SQL / Script,c5b2a1bb46db3be08741d9bf5c325a19eb9150533237fc7948588ed7d38af458,329,true,PASS_STATIC_OR_DIRECT
BND-FINAL-INTEGRATION-CLOSURE,cpf-docs/work/v9i/evidence/requests/ICR-V9-S02-MGMT-0002_INTEGRATION_CHANGE_REQUEST.md,MD,ADD,cpf-docs,Product Source / Consumer / Test / SQL / Script,a0eca9863da697ccd09fe2178ecc6f431ab670f92922ebefaa677cb5118d61f4,1168,true,PASS_STATIC_OR_DIRECT
BND-FINAL-INTEGRATION-CLOSURE,cpf-docs/work/v9i/evidence/requests/ICR-V9-S02-S04-0002_INTEGRATION_CHANGE_REQUEST.md,MD,ADD,cpf-docs,Product Source / Consumer / Test / SQL / Script,79b1991576f4846f0a2696e252543984adb85dd0e00039bc56975188ab41f6a2,2321,true,PASS_STATIC_OR_DIRECT
BND-FINAL-INTEGRATION-CLOSURE,cpf-docs/work/v9i/evidence/requests/ICR-V9-S02-S05-0001_INTEGRATION_CHANGE_REQUEST.md,MD,ADD,cpf-docs,Product Source / Consumer / Test / SQL / Script,ce37160aeaf7db4e89bffe01d0a3e41cfb99d30f518f1f2a97cea2c1f1f16670,1684,true,PASS_STATIC_OR_DIRECT
BND-FINAL-INTEGRATION-CLOSURE,cpf-docs/work/v9i/evidence/requests/ICR-V9-S02-S05-0001_RESPONSE.md,MD,ADD,cpf-docs,Product Source / Consumer / Test / SQL / Script,923bc7fadeb088a55816d7bf3a32ad508386e92302058b4190b3023c52a4407b,927,true,PASS_STATIC_OR_DIRECT
BND-FINAL-INTEGRATION-CLOSURE,cpf-docs/work/v9i/evidence/requests/ICR-V9-S05-S06-FULL-ASSIGNMENT-ALIASES-001_INTEGRATION_CHANGE_REQUEST.md,MD,ADD,cpf-docs,Product Source / Consumer / Test / SQL / Script,efc7f7e46dee4f9a019a72d2a529178535e0e01475422ecd4294efa0ca416009,1427,true,PASS_STATIC_OR_DIRECT
BND-FINAL-INTEGRATION-CLOSURE,cpf-docs/work/v9i/evidence/requests/IR-S02-RUNTIME_REQUEST.md,MD,ADD,cpf-docs,Product Source / Consumer / Test / SQL / Script,1226d8083c5094364f0616c1f8279be916695bdef0bb77c69991e9a92fec954a,992,true,PASS_STATIC_OR_DIRECT
BND-FINAL-INTEGRATION-CLOSURE,cpf-docs/work/v9i/evidence/requests/IR-S04-DB_REQUEST.md,MD,ADD,cpf-docs,Product Source / Consumer / Test / SQL / Script,db790b66699cfc021594ef85c85a72273d5b0218b17703c070661fb505702e56,1208,true,PASS_STATIC_OR_DIRECT
BND-FINAL-INTEGRATION-CLOSURE,cpf-docs/work/v9i/evidence/requests/IR-S05-ADM-BZA_REQUEST.md,MD,ADD,cpf-docs,Product Source / Consumer / Test / SQL / Script,c817aaea7324c00d9eacd6683f0653311aa72336131d60c7dd6957ab268bc913,1038,true,PASS_STATIC_OR_DIRECT
BND-FINAL-INTEGRATION-CLOSURE,cpf-docs/work/v9i/evidence/requests/IR-S06-BUILD-GENERATOR_REQUEST.md,MD,ADD,cpf-docs,Product Source / Consumer / Test / SQL / Script,0319b13e014418d3871f79421e1239745a96e39f715545c5a785f009740f1d40,1300,true,PASS_STATIC_OR_DIRECT
BND-FINAL-INTEGRATION-CLOSURE,cpf-docs/work/v9i/evidence/requests/IR-S06-SECURITY-STARTERS_REQUEST.md,MD,ADD,cpf-docs,Product Source / Consumer / Test / SQL / Script,e218cd4c016dc05afc76361035e10764b3e37e22f29340d9cc87b952ca887b70,1682,true,PASS_STATIC_OR_DIRECT
BND-FINAL-INTEGRATION-CLOSURE,cpf-docs/work/v9i/evidence/requests/S03-ICR-001_INTEGRATION_CHANGE_REQUEST.md,MD,ADD,cpf-docs,Product Source / Consumer / Test / SQL / Script,3c4266a7e4a55b288aec3a0a959c5b092c94c9f277fc938d696864831141d55a,2326,true,PASS_STATIC_OR_DIRECT
BND-FINAL-INTEGRATION-CLOSURE,cpf-docs/work/v9i/evidence/requests/S03-ICR-002_INTEGRATION_CHANGE_REQUEST.md,MD,ADD,cpf-docs,Product Source / Consumer / Test / SQL / Script,1e4fedd4c285b900566ecd7d0ec99846b65bfb417fa8bf67bee253b9a2065233,2239,true,PASS_STATIC_OR_DIRECT
BND-FINAL-INTEGRATION-CLOSURE,cpf-docs/work/v9i/evidence/requests/S03-ICR-003_INTEGRATION_CHANGE_REQUEST.md,MD,ADD,cpf-docs,Product Source / Consumer / Test / SQL / Script,ed763f02f3a24869a5cf48196d739165c950748aefed4912a2a19c84bcd9a253,2211,true,PASS_STATIC_OR_DIRECT
BND-FINAL-INTEGRATION-CLOSURE,cpf-docs/work/v9i/evidence/requests/S03-ICR-004_INTEGRATION_CHANGE_REQUEST.md,MD,ADD,cpf-docs,Product Source / Consumer / Test / SQL / Script,91410afb4ba541d113a04aabfc5c58ce7e6b94a14db86b612798c220abb90197,2197,true,PASS_STATIC_OR_DIRECT
BND-FINAL-INTEGRATION-CLOSURE,cpf-docs/work/v9i/evidence/requests/S03-ICR-005_INTEGRATION_CHANGE_REQUEST.md,MD,ADD,cpf-docs,Product Source / Consumer / Test / SQL / Script,522bd6d3ca9da2e58457a68ac59571977627423ae0e5ff56bd55d8b9552e25f3,2136,true,PASS_STATIC_OR_DIRECT
BND-FINAL-INTEGRATION-CLOSURE,cpf-docs/work/v9i/evidence/requests/S06-DELETE-OPENAPI-WEBMVC-STALE-ROOT.md,MD,ADD,cpf-docs,Product Source / Consumer / Test / SQL / Script,3e1b619720876f27e6e9ed91645757ecae3fb4f5ac3671228cbe21a2f8dd7860,971,true,PASS_STATIC_OR_DIRECT
BND-FINAL-INTEGRATION-CLOSURE,cpf-docs/work/v9i/evidence/requests/S06-ENV-JAVA25-GRADLE91-RUNTIME.md,MD,ADD,cpf-docs,Product Source / Consumer / Test / SQL / Script,a515c2d303e421646f68a7be8184152569fb07f71c1b64b8715af4e8c3df2ae2,1051,true,PASS_STATIC_OR_DIRECT
BND-FINAL-INTEGRATION-CLOSURE,cpf-docs/work/v9i/evidence/requests/S06-INT-ADM-APPROVAL-DUAL-PRIMARY.md,MD,ADD,cpf-docs,Product Source / Consumer / Test / SQL / Script,d76e21ae1359e7e3514d817aa5d258a22cf50b498a4d14d1bef0124637062cb5,1127,true,PASS_STATIC_OR_DIRECT
BND-FINAL-INTEGRATION-CLOSURE,cpf-docs/work/v9i/evidence/requests/S06-INT-ADM-BROWSER-RELEASE-CONTRACT.md,MD,ADD,cpf-docs,Product Source / Consumer / Test / SQL / Script,10a9720f6eaf542963ff025fdca6fdfbaa817f2951a5d0c64018c83c10afab93,961,true,PASS_STATIC_OR_DIRECT
BND-FINAL-INTEGRATION-CLOSURE,cpf-docs/work/v9i/evidence/requests/S06-INT-ADM-ROUTE-RAW-URL-OWNERSHIP.md,MD,ADD,cpf-docs,Product Source / Consumer / Test / SQL / Script,d68d85cd3cc9f24305be0b56ad35b4f886a1275879d816643008872f3effc887,1069,true,PASS_STATIC_OR_DIRECT
BND-FINAL-INTEGRATION-CLOSURE,cpf-docs/work/v9i/evidence/requests/S06-INT-CACHE-VALKEY-MISSING-RUNTIME.md,MD,ADD,cpf-docs,Product Source / Consumer / Test / SQL / Script,e744a4acff9df9445c2e1cb18a560966e83cbcf1458c7cee7f1ebb009720543f,831,true,PASS_STATIC_OR_DIRECT
BND-FINAL-INTEGRATION-CLOSURE,cpf-docs/work/v9i/evidence/requests/S06-INT-CORE-CRYPTO-AGILITY.md,MD,ADD,cpf-docs,Product Source / Consumer / Test / SQL / Script,ea55c5ce5e8f70b880dc71d58424a0a4faf2af676831f7c47983a2d5c1edf7bd,1109,true,PASS_STATIC_OR_DIRECT
BND-FINAL-INTEGRATION-CLOSURE,cpf-docs/work/v9i/evidence/requests/S06-INT-CORE-TIME-STANDARD.md,MD,ADD,cpf-docs,Product Source / Consumer / Test / SQL / Script,b0edda5b5f88650a8ea218f0c5dacbede1740a08607910bf0ce937b3419e44b4,1064,true,PASS_STATIC_OR_DIRECT
BND-FINAL-INTEGRATION-CLOSURE,cpf-docs/work/v9i/evidence/requests/S06-INT-DATA-FIELD-ENCRYPTION.md,MD,ADD,cpf-docs,Product Source / Consumer / Test / SQL / Script,8b23796d7f455b63c1993955d0e1f9ce3385d0ca98a3fe9b26d6a0978a8ccc82,1142,true,PASS_STATIC_OR_DIRECT
BND-FINAL-INTEGRATION-CLOSURE,cpf-docs/work/v9i/evidence/requests/S06-INT-DATA-QUALITY-OPERATIONS.md,MD,ADD,cpf-docs,Product Source / Consumer / Test / SQL / Script,783a919aa62855817dd631e5f232e898fb5fc268869524ee54e9143fea0b2055,1157,true,PASS_STATIC_OR_DIRECT
BND-FINAL-INTEGRATION-CLOSURE,cpf-docs/work/v9i/evidence/requests/S06-INT-NOTIFICATION-INCIDENT-CANONICAL-DB-PARITY.md,MD,ADD,cpf-docs,Product Source / Consumer / Test / SQL / Script,37fa5d2115e9326637420fa38e3d0d33025c80ef4aaf01d5a322fc5730aeee0b,2170,true,PASS_STATIC_OR_DIRECT
BND-FINAL-INTEGRATION-CLOSURE,cpf-docs/work/v9i/evidence/requests/S06-INT-WEBHOOK-CALLBACK-LIFECYCLE.md,MD,ADD,cpf-docs,Product Source / Consumer / Test / SQL / Script,e5f4ff185b686b529a7439f606da718a0199a5cda9bfb8ed99d411b6a40db700,1103,true,PASS_STATIC_OR_DIRECT
BND-FINAL-INTEGRATION-CLOSURE,cpf-docs/work/v9i/evidence/self_review/SELF_REVIEW_PART_001.jsonl,JSONL,ADD,cpf-docs,Product Source / Consumer / Test / SQL / Script,801f7a106362aa957307febfec4d22b94a03244af9d1ba6236d03fb2eda7ebf5,4115475,true,PASS_STATIC_OR_DIRECT
BND-FINAL-INTEGRATION-CLOSURE,cpf-docs/work/v9i/evidence/self_review/SELF_REVIEW_PART_002.jsonl,JSONL,ADD,cpf-docs,Product Source / Consumer / Test / SQL / Script,c18899278a13f40e965106fbb13e75c7b5d6d5e4204c49e299bb458043317f71,4140105,true,PASS_STATIC_OR_DIRECT
BND-FINAL-INTEGRATION-CLOSURE,cpf-docs/work/v9i/evidence/self_review/SELF_REVIEW_PART_003.jsonl,JSONL,ADD,cpf-docs,Product Source / Consumer / Test / SQL / Script,99c9cccd7b64430b9fcfdb907f65ed227c00d7364a34262098c80e8c85ae4d52,4134976,true,PASS_STATIC_OR_DIRECT
BND-FINAL-INTEGRATION-CLOSURE,cpf-docs/work/v9i/evidence/self_review/SELF_REVIEW_PART_004.jsonl,JSONL,ADD,cpf-docs,Product Source / Consumer / Test / SQL / Script,d214063068bb2838a6e5821d705763fa7df4c6059b79471d915fe6eda2ba8d4e,4100639,true,PASS_STATIC_OR_DIRECT
BND-FINAL-INTEGRATION-CLOSURE,cpf-docs/work/v9i/evidence/self_review/SELF_REVIEW_PART_005.jsonl,JSONL,ADD,cpf-docs,Product Source / Consumer / Test / SQL / Script,831ef0e9df2cdff283b9fadbe74e58e0209014e3e5d05e178626841bc80d72bf,4083412,true,PASS_STATIC_OR_DIRECT
BND-FINAL-INTEGRATION-CLOSURE,cpf-docs/work/v9i/evidence/self_review/SELF_REVIEW_PART_006.jsonl,JSONL,ADD,cpf-docs,Product Source / Consumer / Test / SQL / Script,8ce57cad5f8bc0336ed14d3947eb24c5dd32ea3fe1f38ebb98b2dae53524c544,4022574,true,PASS_STATIC_OR_DIRECT
BND-FINAL-INTEGRATION-CLOSURE,cpf-docs/work/v9i/results/DEVELOPMENT_EXECUTION_INDEX.csv,CSV,ADD,cpf-docs,Product Source / Consumer / Test / SQL / Script,bbc71237e96a18f0be4cd74f7d2d847f9197f9cce4175188e236288b55027e95,489,true,PASS_STATIC_OR_DIRECT
BND-FINAL-INTEGRATION-CLOSURE,cpf-docs/work/v9i/results/DEVELOPMENT_REQUIREMENT_RESULT.csv,CSV,ADD,cpf-docs,Product Source / Consumer / Test / SQL / Script,b0326723188a22e534944235e20b0954703779b5df4378671ed9f9d376377990,394,true,PASS_STATIC_OR_DIRECT
BND-FINAL-INTEGRATION-CLOSURE,cpf-docs/work/v9i/results/DEVELOPMENT_REQUIREMENT_RESULT_INDEX.csv,CSV,ADD,cpf-docs,Product Source / Consumer / Test / SQL / Script,58405b117a8201dc5e04c9ea12a3bb77f08cc323dc62a2b3916834dc9d5ec44e,696,true,PASS_STATIC_OR_DIRECT
BND-FINAL-INTEGRATION-CLOSURE,cpf-docs/work/v9i/results/DEVELOPMENT_SCENARIO_RESULT.csv,CSV,ADD,cpf-docs,Product Source / Consumer / Test / SQL / Script,b0326723188a22e534944235e20b0954703779b5df4378671ed9f9d376377990,394,true,PASS_STATIC_OR_DIRECT
BND-FINAL-INTEGRATION-CLOSURE,cpf-docs/work/v9i/results/DEVELOPMENT_SCENARIO_RESULT_INDEX.csv,CSV,ADD,cpf-docs,Product Source / Consumer / Test / SQL / Script,629e84b5fcb0c52271ed678cbdf551e0843bee430b536fa2e0b8b50ccd1fb786,959,true,PASS_STATIC_OR_DIRECT
BND-FINAL-INTEGRATION-CLOSURE,cpf-docs/work/v9i/results/DEVELOPMENT_WORK_ITEM_RESULT.csv,CSV,ADD,cpf-docs,Product Source / Consumer / Test / SQL / Script,b0326723188a22e534944235e20b0954703779b5df4378671ed9f9d376377990,394,true,PASS_STATIC_OR_DIRECT
BND-FINAL-INTEGRATION-CLOSURE,cpf-docs/work/v9i/results/DEVELOPMENT_WORK_ITEM_RESULT_INDEX.csv,CSV,ADD,cpf-docs,Product Source / Consumer / Test / SQL / Script,2e832674aee4874d9d2105f4432c4d18b28ab6badce86ee4a882efebaf2079f5,437,true,PASS_STATIC_OR_DIRECT
BND-FINAL-INTEGRATION-CLOSURE,cpf-docs/work/v9i/results/ENGINEERING_GATE_RESULT.csv,CSV,ADD,cpf-docs,Product Source / Consumer / Test / SQL / Script,b0326723188a22e534944235e20b0954703779b5df4378671ed9f9d376377990,394,true,PASS_STATIC_OR_DIRECT
BND-FINAL-INTEGRATION-CLOSURE,cpf-docs/work/v9i/results/ENGINEERING_GATE_RESULT_INDEX.csv,CSV,ADD,cpf-docs,Product Source / Consumer / Test / SQL / Script,3987bee841eb083818422e99bb79ed67e94696d1136c45449ea9486739da7589,398,true,PASS_STATIC_OR_DIRECT
BND-FINAL-INTEGRATION-CLOSURE,cpf-docs/work/v9i/results/EVIDENCE_CATALOG_INDEX.csv,CSV,ADD,cpf-docs,Product Source / Consumer / Test / SQL / Script,b5c7c384f8934518431cbf5876c399d080170eb5b215b039ed8f707325d91e5b,1193,true,PASS_STATIC_OR_DIRECT
BND-FINAL-INTEGRATION-CLOSURE,cpf-docs/work/v9i/results/FILE_CATALOG_INDEX.csv,CSV,ADD,cpf-docs,Product Source / Consumer / Test / SQL / Script,4d5a93f703653e13780f413dc25b030b6faed521b6f0372bd7c003b761daa8ee,1714,true,PASS_STATIC_OR_DIRECT
BND-FINAL-INTEGRATION-CLOSURE,cpf-docs/work/v9i/results/INTEGRATION_REQUEST_CLOSURE.csv,CSV,ADD,cpf-docs,Product Source / Consumer / Test / SQL / Script,e7224c5bc13ca18c841632008d162cffbb1faeee125e7e4fa180eda77b909b29,3878,true,PASS_STATIC_OR_DIRECT
BND-FINAL-INTEGRATION-CLOSURE,cpf-docs/work/v9i/results/INTEGRATION_REQUEST_UNION.csv,CSV,ADD,cpf-docs,Product Source / Consumer / Test / SQL / Script,5fe770f089f38d1e16fab2b39ae96609719e8cce997f108af7f45ec4aa1c564b,13932,true,PASS_STATIC_OR_DIRECT
BND-FINAL-INTEGRATION-CLOSURE,cpf-docs/work/v9i/results/INTEGRATION_REQUEST_UNION_INDEX.csv,CSV,ADD,cpf-docs,Product Source / Consumer / Test / SQL / Script,7489b57591001b90d690abefdd96982030e04c029353ed1be33bbd750240cb25,3642,true,PASS_STATIC_OR_DIRECT
BND-FINAL-INTEGRATION-CLOSURE,cpf-docs/work/v9i/results/PROVENANCE_INDEX.csv,CSV,ADD,cpf-docs,Product Source / Consumer / Test / SQL / Script,ad1055660bdb1db4a385cd7988936697eb7b45507b0ef4324e2cb54e7f6c7745,1131,true,PASS_STATIC_OR_DIRECT
BND-FINAL-INTEGRATION-CLOSURE,cpf-docs/work/v9i/results/REQUIREMENT_STATUS.csv,CSV,ADD,cpf-docs,Product Source / Consumer / Test / SQL / Script,ad7d6393501f1b5954b23c46fb46022b1f6675043a7dae148d90d744b6307f8c,350,true,PASS_STATIC_OR_DIRECT
BND-FINAL-INTEGRATION-CLOSURE,cpf-docs/work/v9i/results/REQUIREMENT_STATUS_INDEX.csv,CSV,ADD,cpf-docs,Product Source / Consumer / Test / SQL / Script,9d676b85398ffa5075721482fc5390273ed280d176844f41dc72a9ebad282b05,1152,true,PASS_STATIC_OR_DIRECT
BND-FINAL-INTEGRATION-CLOSURE,cpf-docs/work/v9i/results/SELF_REVIEW_CATALOG_INDEX.csv,CSV,ADD,cpf-docs,Product Source / Consumer / Test / SQL / Script,c3a8ea491a3ceee19f23ee4c45c55de91b98d6534b8d54dcaa9c3ba5461e9d76,1211,true,PASS_STATIC_OR_DIRECT
BND-FINAL-INTEGRATION-CLOSURE,cpf-docs/work/v9i/results/SOURCE_INPUT_FILE_INVENTORY.csv,CSV,ADD,cpf-docs,Product Source / Consumer / Test / SQL / Script,d366411786162fabb63f61e714cfd2cccf109d0e7c3e38e0a9d6bcbbf089d201,10837,true,PASS_STATIC_OR_DIRECT
BND-FINAL-INTEGRATION-CLOSURE,cpf-docs/work/v9i/results/SOURCE_SESSION_INVENTORY.csv,CSV,ADD,cpf-docs,Product Source / Consumer / Test / SQL / Script,202589125466809f4049818f7906dadc21fb05a7659e701c33b2b95fc42b43ac,7803,true,PASS_STATIC_OR_DIRECT
BND-FINAL-INTEGRATION-CLOSURE,cpf-docs/work/v9i/results/TEST_EXECUTION_LEDGER.csv,CSV,ADD,cpf-docs,Product Source / Consumer / Test / SQL / Script,418006177ee59a526ba7b1184486808c940870306c5764f00e48a82db9aeedf2,5724,true,PASS_STATIC_OR_DIRECT
BND-FINAL-INTEGRATION-CLOSURE,cpf-docs/work/v9i/results/catalog/evidence/EVIDENCE_CATALOG_PART_001.csv,CSV,ADD,cpf-docs,Product Source / Consumer / Test / SQL / Script,97877982b95fbf4b048e835db1028c0340e63459e4958a2405e8fcd18f873a99,5201937,true,PASS_STATIC_OR_DIRECT
BND-FINAL-INTEGRATION-CLOSURE,cpf-docs/work/v9i/results/catalog/evidence/EVIDENCE_CATALOG_PART_002.csv,CSV,ADD,cpf-docs,Product Source / Consumer / Test / SQL / Script,bfd21576934ec61ee34863025575b0cd94f25348ac2a9b75845362458e121853,5635461,true,PASS_STATIC_OR_DIRECT
BND-FINAL-INTEGRATION-CLOSURE,cpf-docs/work/v9i/results/catalog/evidence/EVIDENCE_CATALOG_PART_003.csv,CSV,ADD,cpf-docs,Product Source / Consumer / Test / SQL / Script,b830ebb4e8f4d99af194ed47e9eb940a5ffb51fb747effba5f08e13f25183721,5010462,true,PASS_STATIC_OR_DIRECT
BND-FINAL-INTEGRATION-CLOSURE,cpf-docs/work/v9i/results/catalog/evidence/EVIDENCE_CATALOG_PART_004.csv,CSV,ADD,cpf-docs,Product Source / Consumer / Test / SQL / Script,25e88f4a6f901b52b4ca01096632d15d2f85b4cb52f881fdcb25dcc73b856160,5871227,true,PASS_STATIC_OR_DIRECT
BND-FINAL-INTEGRATION-CLOSURE,cpf-docs/work/v9i/results/catalog/file_link/EXACT_ID_FILE_LINK_PART_001.csv,CSV,ADD,cpf-docs,Product Source / Consumer / Test / SQL / Script,eb05689a8c80ed00b6a3c73fbbb5739537582ed7fe343010337238909de20a2c,5121265,true,PASS_STATIC_OR_DIRECT
BND-FINAL-INTEGRATION-CLOSURE,cpf-docs/work/v9i/results/catalog/file_link/EXACT_ID_FILE_LINK_PART_002.csv,CSV,ADD,cpf-docs,Product Source / Consumer / Test / SQL / Script,2ceea7f78f7d60ce44921aed44bb2a6be7c96fbe344f62797bc49763866293dd,5556833,true,PASS_STATIC_OR_DIRECT
BND-FINAL-INTEGRATION-CLOSURE,cpf-docs/work/v9i/results/catalog/file_link/EXACT_ID_FILE_LINK_PART_003.csv,CSV,ADD,cpf-docs,Product Source / Consumer / Test / SQL / Script,c91561e8c95f58eece132a6b975f44d9d6f58a220d7b5dd58f0b4e37c30424e6,5353629,true,PASS_STATIC_OR_DIRECT
BND-FINAL-INTEGRATION-CLOSURE,cpf-docs/work/v9i/results/catalog/file_link/EXACT_ID_FILE_LINK_PART_004.csv,CSV,ADD,cpf-docs,Product Source / Consumer / Test / SQL / Script,ddd58d7b3e61610456edb145285d1fc2abd1695b8a2b88d13c085d418898eff9,4655520,true,PASS_STATIC_OR_DIRECT
BND-FINAL-INTEGRATION-CLOSURE,cpf-docs/work/v9i/results/catalog/file_link/EXACT_ID_FILE_LINK_PART_005.csv,CSV,ADD,cpf-docs,Product Source / Consumer / Test / SQL / Script,807377319ecdf63c82103b747881551379b605d432a8dd0cfebf736e6b51c204,4966320,true,PASS_STATIC_OR_DIRECT
BND-FINAL-INTEGRATION-CLOSURE,cpf-docs/work/v9i/results/catalog/file_link/EXACT_ID_FILE_LINK_PART_006.csv,CSV,ADD,cpf-docs,Product Source / Consumer / Test / SQL / Script,6330d6799e4d01751defa81b483a37c2b5999edd09d9b5c733e63463c811ca00,2714738,true,PASS_STATIC_OR_DIRECT
BND-FINAL-INTEGRATION-CLOSURE,cpf-docs/work/v9i/results/catalog/request_exact_id/INTEGRATION_REQUEST_EXACT_ID_LINK_PART_001.csv,CSV,ADD,cpf-docs,Product Source / Consumer / Test / SQL / Script,f795c16a9e6d5de9920e12e03dfe4d1875b32358400e98656620e67fb5f2b467,948500,true,PASS_STATIC_OR_DIRECT
BND-FINAL-INTEGRATION-CLOSURE,cpf-docs/work/v9i/results/catalog/request_exact_id/INTEGRATION_REQUEST_EXACT_ID_LINK_PART_002.csv,CSV,ADD,cpf-docs,Product Source / Consumer / Test / SQL / Script,82b539790313c65f4907937821a84d4a49d54eeb0dfabc2ce6bf566c2f444c6d,943129,true,PASS_STATIC_OR_DIRECT
BND-FINAL-INTEGRATION-CLOSURE,cpf-docs/work/v9i/results/catalog/request_exact_id/INTEGRATION_REQUEST_EXACT_ID_LINK_PART_003.csv,CSV,ADD,cpf-docs,Product Source / Consumer / Test / SQL / Script,70e44a9576e8a8cb26ca9dbb6c6d3a09de04dc412bfb87929945f7aae1c07c21,893054,true,PASS_STATIC_OR_DIRECT
BND-FINAL-INTEGRATION-CLOSURE,cpf-docs/work/v9i/results/catalog/request_exact_id/INTEGRATION_REQUEST_EXACT_ID_LINK_PART_004.csv,CSV,ADD,cpf-docs,Product Source / Consumer / Test / SQL / Script,3d7d6d6e744c5d7d79c745d4c4f5c1d1e648536cf8d5ebfb06c0937b6fc24c73,1050324,true,PASS_STATIC_OR_DIRECT
BND-FINAL-INTEGRATION-CLOSURE,cpf-docs/work/v9i/results/catalog/request_exact_id/INTEGRATION_REQUEST_EXACT_ID_LINK_PART_005.csv,CSV,ADD,cpf-docs,Product Source / Consumer / Test / SQL / Script,da904a9c373b231bff61ab26cce7c4c4ddff601695c3e4d0dd86923166f72df6,1095595,true,PASS_STATIC_OR_DIRECT
BND-FINAL-INTEGRATION-CLOSURE,cpf-docs/work/v9i/results/catalog/request_exact_id/INTEGRATION_REQUEST_EXACT_ID_LINK_PART_006.csv,CSV,ADD,cpf-docs,Product Source / Consumer / Test / SQL / Script,c61cd1ca14972abbe97bb24b927e8f209885c3d584d6ce07f90612551557520b,1139683,true,PASS_STATIC_OR_DIRECT
BND-FINAL-INTEGRATION-CLOSURE,cpf-docs/work/v9i/results/catalog/request_exact_id/INTEGRATION_REQUEST_EXACT_ID_LINK_PART_007.csv,CSV,ADD,cpf-docs,Product Source / Consumer / Test / SQL / Script,a3a6fb2acf4f0361c31b919beb2fae1b0d75805f449d692aa9601692bbeab4d5,1126851,true,PASS_STATIC_OR_DIRECT
BND-FINAL-INTEGRATION-CLOSURE,cpf-docs/work/v9i/results/catalog/request_exact_id/INTEGRATION_REQUEST_EXACT_ID_LINK_PART_008.csv,CSV,ADD,cpf-docs,Product Source / Consumer / Test / SQL / Script,7d058e7e0738fee03e522a0b2509c27b6e5531019f7322088744d0494c891b91,1028447,true,PASS_STATIC_OR_DIRECT
BND-FINAL-INTEGRATION-CLOSURE,cpf-docs/work/v9i/results/catalog/request_exact_id/INTEGRATION_REQUEST_EXACT_ID_LINK_PART_009.csv,CSV,ADD,cpf-docs,Product Source / Consumer / Test / SQL / Script,30884fa7e1b185cc4aa7037b3938ec50c7c3682d35a8e965efba06454e36a33d,1070387,true,PASS_STATIC_OR_DIRECT
BND-FINAL-INTEGRATION-CLOSURE,cpf-docs/work/v9i/results/catalog/request_exact_id/INTEGRATION_REQUEST_EXACT_ID_LINK_PART_010.csv,CSV,ADD,cpf-docs,Product Source / Consumer / Test / SQL / Script,2ff98612586b542af910804373a07f0d868b51abcc69e0ddebb7ca2500cb6ffd,1221169,true,PASS_STATIC_OR_DIRECT
BND-FINAL-INTEGRATION-CLOSURE,cpf-docs/work/v9i/results/catalog/request_exact_id/INTEGRATION_REQUEST_EXACT_ID_LINK_PART_011.csv,CSV,ADD,cpf-docs,Product Source / Consumer / Test / SQL / Script,d4c93916d2c530ffad047d3593feeec23ba2d49574799efd9d78d518a2927cb6,443477,true,PASS_STATIC_OR_DIRECT
BND-FINAL-INTEGRATION-CLOSURE,cpf-docs/work/v9i/results/catalog/self_review/SELF_REVIEW_CATALOG_PART_001.csv,CSV,ADD,cpf-docs,Product Source / Consumer / Test / SQL / Script,1f24e05b37823d3c83f9d2e242205ffb6c2a5c6a4d3341a714f258041690a17f,2892109,true,PASS_STATIC_OR_DIRECT
BND-FINAL-INTEGRATION-CLOSURE,cpf-docs/work/v9i/results/catalog/self_review/SELF_REVIEW_CATALOG_PART_002.csv,CSV,ADD,cpf-docs,Product Source / Consumer / Test / SQL / Script,8ce43c17b269f7298db9fdfa10dae54b89db6beb6aa54579d69edf6af25e0a63,2892045,true,PASS_STATIC_OR_DIRECT
BND-FINAL-INTEGRATION-CLOSURE,cpf-docs/work/v9i/results/catalog/self_review/SELF_REVIEW_CATALOG_PART_003.csv,CSV,ADD,cpf-docs,Product Source / Consumer / Test / SQL / Script,6b8fd2c8a63c8a048a6091806390cde10461d7721eb364c2adea7590a0ee1bbf,2892109,true,PASS_STATIC_OR_DIRECT
BND-FINAL-INTEGRATION-CLOSURE,cpf-docs/work/v9i/results/catalog/self_review/SELF_REVIEW_CATALOG_PART_004.csv,CSV,ADD,cpf-docs,Product Source / Consumer / Test / SQL / Script,46e046305bfdb9906128d48f0781b653163741b69b77a3d003f66eaad2c840ea,2872638,true,PASS_STATIC_OR_DIRECT
BND-FINAL-INTEGRATION-CLOSURE,cpf-docs/work/v9i/results/detail/cpf_fr/DEVELOPMENT_REQUIREMENT_RESULT_PART_001.csv,CSV,ADD,cpf-docs,Product Source / Consumer / Test / SQL / Script,766030ec7fd8ae273d4fc9d91466199341907aea30a43239bf70a87197d6acfa,12516276,true,PASS_STATIC_OR_DIRECT
BND-FINAL-INTEGRATION-CLOSURE,cpf-docs/work/v9i/results/detail/cpf_fr/DEVELOPMENT_REQUIREMENT_RESULT_PART_002.csv,CSV,ADD,cpf-docs,Product Source / Consumer / Test / SQL / Script,043bc5179027a956d746ed26a0eefb794622f9ccbd2129bcda95e647cd038de1,8404854,true,PASS_STATIC_OR_DIRECT
BND-FINAL-INTEGRATION-CLOSURE,cpf-docs/work/v9i/results/detail/cpf_sc/DEVELOPMENT_SCENARIO_RESULT_PART_001.csv,CSV,ADD,cpf-docs,Product Source / Consumer / Test / SQL / Script,e4a52ead004144a7ef2993bda63cd4188cdfc33105c8e3452139ca5790d93ca1,8247077,true,PASS_STATIC_OR_DIRECT
BND-FINAL-INTEGRATION-CLOSURE,cpf-docs/work/v9i/results/detail/cpf_sc/DEVELOPMENT_SCENARIO_RESULT_PART_002.csv,CSV,ADD,cpf-docs,Product Source / Consumer / Test / SQL / Script,7a136f7a1966069408aa6d3cfde42833dcf060a711fe62101b98dbc5b694041b,8641844,true,PASS_STATIC_OR_DIRECT
BND-FINAL-INTEGRATION-CLOSURE,cpf-docs/work/v9i/results/detail/cpf_sc/DEVELOPMENT_SCENARIO_RESULT_PART_003.csv,CSV,ADD,cpf-docs,Product Source / Consumer / Test / SQL / Script,e8bdcb472902d079035be04f2e3628acc95b79544741bc5c10e89838f9b36bf2,2506374,true,PASS_STATIC_OR_DIRECT
BND-FINAL-INTEGRATION-CLOSURE,cpf-docs/work/v9i/results/detail/execution/TEST_EXECUTION_LEDGER_PART_001.csv,CSV,ADD,cpf-docs,Product Source / Consumer / Test / SQL / Script,418006177ee59a526ba7b1184486808c940870306c5764f00e48a82db9aeedf2,5724,true,PASS_STATIC_OR_DIRECT
BND-FINAL-INTEGRATION-CLOSURE,cpf-docs/work/v9i/results/detail/gate/ENGINEERING_GATE_RESULT_PART_001.csv,CSV,ADD,cpf-docs,Product Source / Consumer / Test / SQL / Script,c1e94005f8a0b09e065b9ce72af2992216f8c3fbef08f8561265f5b564fe6bd4,21114,true,PASS_STATIC_OR_DIRECT
BND-FINAL-INTEGRATION-CLOSURE,cpf-docs/work/v9i/results/detail/provenance/PROVENANCE_PART_001.csv,CSV,ADD,cpf-docs,Product Source / Consumer / Test / SQL / Script,1d7af9ea7dd33195af4277ab9f5a33031b27c9e7560212e6a86dc11e65b5f9c4,9166626,true,PASS_STATIC_OR_DIRECT
BND-FINAL-INTEGRATION-CLOSURE,cpf-docs/work/v9i/results/detail/provenance/PROVENANCE_PART_002.csv,CSV,ADD,cpf-docs,Product Source / Consumer / Test / SQL / Script,e8d9aa37d9cada7d1ace66b7936e18c269f5bb8c811b70cc6e51862244d24ac9,8652142,true,PASS_STATIC_OR_DIRECT
BND-FINAL-INTEGRATION-CLOSURE,cpf-docs/work/v9i/results/detail/provenance/PROVENANCE_PART_003.csv,CSV,ADD,cpf-docs,Product Source / Consumer / Test / SQL / Script,d3fdb87e6b85c13f811aca3989587311a83a43e55093bceacce7dfb0170873bc,9222065,true,PASS_STATIC_OR_DIRECT
BND-FINAL-INTEGRATION-CLOSURE,cpf-docs/work/v9i/results/detail/provenance/PROVENANCE_PART_004.csv,CSV,ADD,cpf-docs,Product Source / Consumer / Test / SQL / Script,2a7e04bc8b2222953518791987eea6bcc596445e3b0e486eb7ca928e11cb545a,8460220,true,PASS_STATIC_OR_DIRECT
BND-FINAL-INTEGRATION-CLOSURE,cpf-docs/work/v9i/results/detail/work_item/DEVELOPMENT_WORK_ITEM_RESULT_PART_001.csv,CSV,ADD,cpf-docs,Product Source / Consumer / Test / SQL / Script,acc4668b4eff497f2b1b87dc4242734c9422e97ef599badd42faf4191d933f7b,730758,true,PASS_STATIC_OR_DIRECT
BND-FINAL-INTEGRATION-CLOSURE,cpf-docs/work/v9i/results/status/REQUIREMENT_STATUS_PART_001.csv,CSV,ADD,cpf-docs,Product Source / Consumer / Test / SQL / Script,617d14df0c1f3d2c728b8f62d2c86ef73019488d1045a087e69afed343fabc10,10257998,true,PASS_STATIC_OR_DIRECT
BND-FINAL-INTEGRATION-CLOSURE,cpf-docs/work/v9i/results/status/REQUIREMENT_STATUS_PART_002.csv,CSV,ADD,cpf-docs,Product Source / Consumer / Test / SQL / Script,e5fb06f608ea45d6bc169ce9dbb3419609802bea14bda9872db0cc42f5bf3b28,9349085,true,PASS_STATIC_OR_DIRECT
BND-FINAL-INTEGRATION-CLOSURE,cpf-docs/work/v9i/results/status/REQUIREMENT_STATUS_PART_003.csv,CSV,ADD,cpf-docs,Product Source / Consumer / Test / SQL / Script,1d848a56991dec8b6e977e34ce9e36fab1fbc5632c5c214c3a6ad9f5d134a6e6,6278527,true,PASS_STATIC_OR_DIRECT
BND-FINAL-INTEGRATION-CLOSURE,cpf-docs/work/v9i/results/status/REQUIREMENT_STATUS_PART_004.csv,CSV,ADD,cpf-docs,Product Source / Consumer / Test / SQL / Script,885f99873cb75dabffbeaa0771a00eed3da669b83ff318c6e19582c3cb69b226,7210759,true,PASS_STATIC_OR_DIRECT
BND-WEBHOOK-LIFECYCLE,cpf-starters/integration/webhook/build.gradle,GRADLE,ADD,cpf-starters,Product Source / Consumer / Test / SQL / Script,4ccc46ab3fafb8a675dc398a447863d8a54840470cc6da08f920fb892b1e81bc,344,true,PASS_STATIC_OR_DIRECT
BND-WEBHOOK-LIFECYCLE,cpf-starters/integration/webhook/src/main/java/com/cpf/starter/integration/webhook/CpfWebhookEndpointValidator.java,JAVA,ADD,cpf-starters,Product Source / Consumer / Test / SQL / Script,35261994d284e21f9ae98db9018d69f92613fc9f237884535a6a4103413f93b6,1795,true,PASS_STATIC_OR_DIRECT
BND-WEBHOOK-LIFECYCLE,cpf-starters/integration/webhook/src/main/java/com/cpf/starter/integration/webhook/InMemoryCpfWebhookOperations.java,JAVA,ADD,cpf-starters,Product Source / Consumer / Test / SQL / Script,436e21669d126364ba946996b9db860ec39f88c36adf273a9e8959af82e4ba79,7148,true,PASS_STATIC_OR_DIRECT
BND-ADM-INTEGRATION-CONSUMER,cpf-tools/contracts/openapi/cpf-integration-closure.openapi.json,JSON,ADD,cpf-tools,Product Source / Consumer / Test / SQL / Script,203d05d8d7f32e1870d4d84c8e025475a406ac8664ba44a2fb7c7bfe5d319895,1643,true,PASS_STATIC_OR_DIRECT
BND-FINAL-INTEGRATION-CLOSURE,cpf-tools/db/vendor/mariadb/install/06_integration_closure_lifecycle.sql,SQL,ADD,cpf-tools,Product Source / Consumer / Test / SQL / Script,e43cc57b0810d1a529cdc5fc4ed9972d418f146f8e9bbfa8ccb50c9e8b23d7ea,2796,true,PASS_STATIC_OR_DIRECT
BND-BATCH-UNKNOWN-RECONCILIATION,cpf-tools/db/vendor/mariadb/install/07_batch_unknown_reconciliation.sql,SQL,ADD,cpf-tools,Product Source / Consumer / Test / SQL / Script,7fbf4c0de7ac9ea83470dbb318826b0351ba69e24015104850108ebc73a5ac4c,863,true,PASS_STATIC_OR_DIRECT
BND-FINAL-INTEGRATION-CLOSURE,cpf-tools/db/vendor/mariadb/migration/V102__integration_closure_lifecycle.sql,SQL,ADD,cpf-tools,Product Source / Consumer / Test / SQL / Script,e43cc57b0810d1a529cdc5fc4ed9972d418f146f8e9bbfa8ccb50c9e8b23d7ea,2796,true,PASS_STATIC_OR_DIRECT
BND-BATCH-UNKNOWN-RECONCILIATION,cpf-tools/db/vendor/mariadb/migration/V103__batch_unknown_reconciliation.sql,SQL,ADD,cpf-tools,Product Source / Consumer / Test / SQL / Script,7fbf4c0de7ac9ea83470dbb318826b0351ba69e24015104850108ebc73a5ac4c,863,true,PASS_STATIC_OR_DIRECT
BND-FINAL-INTEGRATION-CLOSURE,cpf-tools/db/vendor/mariadb/pack.json,JSON,UPDATE,cpf-tools,Product Source / Consumer / Test / SQL / Script,65b85ea52a9316ad05f21c9c20efed4ad32691b3d59c2405ef67d065b7619160,7168,true,PASS_STATIC_OR_DIRECT
BND-FINAL-INTEGRATION-CLOSURE,cpf-tools/db/vendor/mariadb/rollback/R102__integration_closure_lifecycle.sql,SQL,ADD,cpf-tools,Product Source / Consumer / Test / SQL / Script,2ee89ebe13dd4da996671862989fe55e287cb60013563b294b86d6e59b88a661,290,true,PASS_STATIC_OR_DIRECT
BND-BATCH-UNKNOWN-RECONCILIATION,cpf-tools/db/vendor/mariadb/rollback/R103__batch_unknown_reconciliation.sql,SQL,ADD,cpf-tools,Product Source / Consumer / Test / SQL / Script,fcc98002cfb2a71d456a1c9b5af58e25c2f95f7da227622fd3e72e67f6b62b6e,47,true,PASS_STATIC_OR_DIRECT
BND-BATCH-UNKNOWN-RECONCILIATION,cpf-tools/db/vendor/mariadb/runtime/bat/repository/centercut-item-complete.sql,SQL,UPDATE,cpf-tools,Product Source / Consumer / Test / SQL / Script,7aa68bc14e98fffaa98635018573f098afa1367559c3b9974766961288e9c573,225,true,PASS_STATIC_OR_DIRECT
BND-BATCH-UNKNOWN-RECONCILIATION,cpf-tools/db/vendor/mariadb/runtime/bat/repository/execution-remote-message-reclaim.sql,SQL,UPDATE,cpf-tools,Product Source / Consumer / Test / SQL / Script,b299f84483451ad142133f313dccc7a30c04b76ac84dd8e5b9acf3e11911d05c,317,true,PASS_STATIC_OR_DIRECT
BND-BATCH-UNKNOWN-RECONCILIATION,cpf-tools/db/vendor/mariadb/runtime/bat/repository/execution-remote-message-reconcile-audit.sql,SQL,ADD,cpf-tools,Product Source / Consumer / Test / SQL / Script,144d2e5e9aa20145fd5c18079aa1db969b98001e6b95532f94a0fee27a902cf0,328,true,PASS_STATIC_OR_DIRECT
BND-BATCH-UNKNOWN-RECONCILIATION,cpf-tools/db/vendor/mariadb/runtime/bat/repository/execution-remote-message-reconcile-load.sql,SQL,ADD,cpf-tools,Product Source / Consumer / Test / SQL / Script,5b27a5be6c9a28328e8d0a0f7ae488a3051c417e30fca86e4717bd23f059b575,260,true,PASS_STATIC_OR_DIRECT
BND-BATCH-UNKNOWN-RECONCILIATION,cpf-tools/db/vendor/mariadb/runtime/bat/repository/execution-remote-message-unknown-retry.sql,SQL,ADD,cpf-tools,Product Source / Consumer / Test / SQL / Script,fb3078dc75c1fae8a05297b17595cffba24902e2fd5a70d89cbb6e46107070cb,362,true,PASS_STATIC_OR_DIRECT
BND-BATCH-UNKNOWN-RECONCILIATION,cpf-tools/db/vendor/mariadb/runtime/bat/repository/scheduler-trigger-claim.sql,SQL,UPDATE,cpf-tools,Product Source / Consumer / Test / SQL / Script,6188650153d3eaa9d53a70f85e3740b4e384c12c0f1f65036ab70625030b20e9,651,true,PASS_STATIC_OR_DIRECT
BND-BATCH-UNKNOWN-RECONCILIATION,cpf-tools/db/vendor/mariadb/runtime/bat/repository/scheduler-trigger-find-dispatchable.sql,SQL,UPDATE,cpf-tools,Product Source / Consumer / Test / SQL / Script,981f1b045461cb59a10a8387bdffd2c5d4e735b66a41a74500c5ba6be6f1c946,361,true,PASS_STATIC_OR_DIRECT
BND-BATCH-UNKNOWN-RECONCILIATION,cpf-tools/db/vendor/mariadb/runtime/bat/repository/scheduler-trigger-reconcile-audit.sql,SQL,ADD,cpf-tools,Product Source / Consumer / Test / SQL / Script,36a2be95b8ad8c2920f0b5000739ddf76a700bd505b76dad8a1a55f6a18a01f6,334,true,PASS_STATIC_OR_DIRECT
BND-BATCH-UNKNOWN-RECONCILIATION,cpf-tools/db/vendor/mariadb/runtime/bat/repository/scheduler-trigger-reconcile-load.sql,SQL,ADD,cpf-tools,Product Source / Consumer / Test / SQL / Script,b22d5123289f7b7ab82998fa55d682cfe4085aec623ef9d95a8ea94c5c467fda,234,true,PASS_STATIC_OR_DIRECT
BND-BATCH-UNKNOWN-RECONCILIATION,cpf-tools/db/vendor/mariadb/runtime/bat/repository/scheduler-trigger-unknown-retry.sql,SQL,ADD,cpf-tools,Product Source / Consumer / Test / SQL / Script,412e3578548c3c5ecfc0825138c546763b3231955241a2f0c610eb89cc9b35eb,398,true,PASS_STATIC_OR_DIRECT
BND-FINAL-INTEGRATION-CLOSURE,cpf-tools/db/vendor/mariadb/runtime/integration-closure/integration_closure_queries.sql,SQL,ADD,cpf-tools,Product Source / Consumer / Test / SQL / Script,f26a75b084b7d65a612e2008dc83b73104bf636f78db54585cb61bf354a35e18,230,true,PASS_STATIC_OR_DIRECT
BND-NOTIFICATION-DB-PARITY,cpf-tools/db/vendor/mariadb/source/10_cpf_schema.sql,SQL,UPDATE,cpf-tools,Product Source / Consumer / Test / SQL / Script,85d4f231c269c31d74c81a6809d8207a03c3e539dd902d3a9cb60d8b349d9097,128695,true,PASS_STATIC_OR_DIRECT
BND-FINAL-INTEGRATION-CLOSURE,cpf-tools/db/vendor/mariadb/source/17_integration_closure_lifecycle.sql,SQL,ADD,cpf-tools,Product Source / Consumer / Test / SQL / Script,e43cc57b0810d1a529cdc5fc4ed9972d418f146f8e9bbfa8ccb50c9e8b23d7ea,2796,true,PASS_STATIC_OR_DIRECT
BND-BATCH-UNKNOWN-RECONCILIATION,cpf-tools/db/vendor/mariadb/source/18_batch_unknown_reconciliation.sql,SQL,ADD,cpf-tools,Product Source / Consumer / Test / SQL / Script,7fbf4c0de7ac9ea83470dbb318826b0351ba69e24015104850108ebc73a5ac4c,863,true,PASS_STATIC_OR_DIRECT
BND-FINAL-INTEGRATION-CLOSURE,cpf-tools/db/vendor/mariadb/verify/102_verify_integration_closure_lifecycle.sql,SQL,ADD,cpf-tools,Product Source / Consumer / Test / SQL / Script,6c08e592751d609db19209724e813892efce0a73420dcfd284f802a284c51e40,190,true,PASS_STATIC_OR_DIRECT
BND-BATCH-UNKNOWN-RECONCILIATION,cpf-tools/db/vendor/mariadb/verify/103_verify_batch_unknown_reconciliation.sql,SQL,ADD,cpf-tools,Product Source / Consumer / Test / SQL / Script,d9695dbef96060cd7fd91ecc374555d4e18c4b8f86a0c0af3fb4db93ae796ae1,156,true,PASS_STATIC_OR_DIRECT
BND-FINAL-INTEGRATION-CLOSURE,cpf-tools/db/vendor/oracle/install/06_integration_closure_lifecycle.sql,SQL,ADD,cpf-tools,Product Source / Consumer / Test / SQL / Script,64d2a4f878f41fd7defaaa26be83c3396b58e6655e971fac50d437c20e7e434c,3153,true,PASS_STATIC_OR_DIRECT
BND-BATCH-UNKNOWN-RECONCILIATION,cpf-tools/db/vendor/oracle/install/07_batch_unknown_reconciliation.sql,SQL,ADD,cpf-tools,Product Source / Consumer / Test / SQL / Script,567e17194d5e059dceaf6a2578ae9c1ae4a315ef75bd75add25d4ebc1722551e,1199,true,PASS_STATIC_OR_DIRECT
BND-FINAL-INTEGRATION-CLOSURE,cpf-tools/db/vendor/oracle/migration/V102__integration_closure_lifecycle.sql,SQL,ADD,cpf-tools,Product Source / Consumer / Test / SQL / Script,64d2a4f878f41fd7defaaa26be83c3396b58e6655e971fac50d437c20e7e434c,3153,true,PASS_STATIC_OR_DIRECT
BND-BATCH-UNKNOWN-RECONCILIATION,cpf-tools/db/vendor/oracle/migration/V103__batch_unknown_reconciliation.sql,SQL,ADD,cpf-tools,Product Source / Consumer / Test / SQL / Script,567e17194d5e059dceaf6a2578ae9c1ae4a315ef75bd75add25d4ebc1722551e,1199,true,PASS_STATIC_OR_DIRECT
BND-FINAL-INTEGRATION-CLOSURE,cpf-tools/db/vendor/oracle/pack.json,JSON,UPDATE,cpf-tools,Product Source / Consumer / Test / SQL / Script,d2c22a07a3f4ee09759cc1a2f1ae817a0fcfe9ebc82a75fc51f42308d927174d,7186,true,PASS_STATIC_OR_DIRECT
BND-FINAL-INTEGRATION-CLOSURE,cpf-tools/db/vendor/oracle/rollback/R102__integration_closure_lifecycle.sql,SQL,ADD,cpf-tools,Product Source / Consumer / Test / SQL / Script,2ee89ebe13dd4da996671862989fe55e287cb60013563b294b86d6e59b88a661,290,true,PASS_STATIC_OR_DIRECT
BND-BATCH-UNKNOWN-RECONCILIATION,cpf-tools/db/vendor/oracle/rollback/R103__batch_unknown_reconciliation.sql,SQL,ADD,cpf-tools,Product Source / Consumer / Test / SQL / Script,fe12a5bdcb7b8695345edf81bc6dc2773a8e934b91b0ed75e6ebe866288c32a0,136,true,PASS_STATIC_OR_DIRECT
BND-BATCH-UNKNOWN-RECONCILIATION,cpf-tools/db/vendor/oracle/runtime/bat/repository/centercut-item-complete.sql,SQL,UPDATE,cpf-tools,Product Source / Consumer / Test / SQL / Script,7aa68bc14e98fffaa98635018573f098afa1367559c3b9974766961288e9c573,225,true,PASS_STATIC_OR_DIRECT
BND-BATCH-UNKNOWN-RECONCILIATION,cpf-tools/db/vendor/oracle/runtime/bat/repository/execution-remote-message-reclaim.sql,SQL,UPDATE,cpf-tools,Product Source / Consumer / Test / SQL / Script,b299f84483451ad142133f313dccc7a30c04b76ac84dd8e5b9acf3e11911d05c,317,true,PASS_STATIC_OR_DIRECT
BND-BATCH-UNKNOWN-RECONCILIATION,cpf-tools/db/vendor/oracle/runtime/bat/repository/execution-remote-message-reconcile-audit.sql,SQL,ADD,cpf-tools,Product Source / Consumer / Test / SQL / Script,a715d033abddd6d899ae9b0d0a9c22c79584c9a0fb4b74af6747eaef9d965b56,324,true,PASS_STATIC_OR_DIRECT
BND-BATCH-UNKNOWN-RECONCILIATION,cpf-tools/db/vendor/oracle/runtime/bat/repository/execution-remote-message-reconcile-load.sql,SQL,ADD,cpf-tools,Product Source / Consumer / Test / SQL / Script,5b27a5be6c9a28328e8d0a0f7ae488a3051c417e30fca86e4717bd23f059b575,260,true,PASS_STATIC_OR_DIRECT
BND-BATCH-UNKNOWN-RECONCILIATION,cpf-tools/db/vendor/oracle/runtime/bat/repository/execution-remote-message-unknown-retry.sql,SQL,ADD,cpf-tools,Product Source / Consumer / Test / SQL / Script,fb3078dc75c1fae8a05297b17595cffba24902e2fd5a70d89cbb6e46107070cb,362,true,PASS_STATIC_OR_DIRECT
BND-BATCH-UNKNOWN-RECONCILIATION,cpf-tools/db/vendor/oracle/runtime/bat/repository/scheduler-trigger-claim.sql,SQL,UPDATE,cpf-tools,Product Source / Consumer / Test / SQL / Script,f69c79356a506cfb62f80a3fba05ac4cc77ac70bc093585f182dd4cb44419f70,644,true,PASS_STATIC_OR_DIRECT
BND-BATCH-UNKNOWN-RECONCILIATION,cpf-tools/db/vendor/oracle/runtime/bat/repository/scheduler-trigger-find-dispatchable.sql,SQL,UPDATE,cpf-tools,Product Source / Consumer / Test / SQL / Script,030791e35bf78839a89d3ce71ea79ffa5f2a555875c1c9efa2d88c18dcaea800,377,true,PASS_STATIC_OR_DIRECT
BND-BATCH-UNKNOWN-RECONCILIATION,cpf-tools/db/vendor/oracle/runtime/bat/repository/scheduler-trigger-reconcile-audit.sql,SQL,ADD,cpf-tools,Product Source / Consumer / Test / SQL / Script,8cb75db2d3979e2ef94bdedf7a01bbb5e1ae13d12b7146ff24a87ff409e1c853,330,true,PASS_STATIC_OR_DIRECT
BND-BATCH-UNKNOWN-RECONCILIATION,cpf-tools/db/vendor/oracle/runtime/bat/repository/scheduler-trigger-reconcile-load.sql,SQL,ADD,cpf-tools,Product Source / Consumer / Test / SQL / Script,b22d5123289f7b7ab82998fa55d682cfe4085aec623ef9d95a8ea94c5c467fda,234,true,PASS_STATIC_OR_DIRECT
BND-BATCH-UNKNOWN-RECONCILIATION,cpf-tools/db/vendor/oracle/runtime/bat/repository/scheduler-trigger-unknown-retry.sql,SQL,ADD,cpf-tools,Product Source / Consumer / Test / SQL / Script,412e3578548c3c5ecfc0825138c546763b3231955241a2f0c610eb89cc9b35eb,398,true,PASS_STATIC_OR_DIRECT
BND-FINAL-INTEGRATION-CLOSURE,cpf-tools/db/vendor/oracle/runtime/integration-closure/integration_closure_queries.sql,SQL,ADD,cpf-tools,Product Source / Consumer / Test / SQL / Script,f26a75b084b7d65a612e2008dc83b73104bf636f78db54585cb61bf354a35e18,230,true,PASS_STATIC_OR_DIRECT
BND-NOTIFICATION-DB-PARITY,cpf-tools/db/vendor/oracle/source/10_cpf_schema.sql,SQL,UPDATE,cpf-tools,Product Source / Consumer / Test / SQL / Script,c7497fd77517fc94a09898ccb4d6631176a2753d0198d966addc2841076ba222,197297,true,PASS_STATIC_OR_DIRECT
BND-FINAL-INTEGRATION-CLOSURE,cpf-tools/db/vendor/oracle/source/17_integration_closure_lifecycle.sql,SQL,ADD,cpf-tools,Product Source / Consumer / Test / SQL / Script,64d2a4f878f41fd7defaaa26be83c3396b58e6655e971fac50d437c20e7e434c,3153,true,PASS_STATIC_OR_DIRECT
BND-BATCH-UNKNOWN-RECONCILIATION,cpf-tools/db/vendor/oracle/source/18_batch_unknown_reconciliation.sql,SQL,ADD,cpf-tools,Product Source / Consumer / Test / SQL / Script,567e17194d5e059dceaf6a2578ae9c1ae4a315ef75bd75add25d4ebc1722551e,1199,true,PASS_STATIC_OR_DIRECT
BND-FINAL-INTEGRATION-CLOSURE,cpf-tools/db/vendor/oracle/verify/102_verify_integration_closure_lifecycle.sql,SQL,ADD,cpf-tools,Product Source / Consumer / Test / SQL / Script,d22fb499d5f82ea47179a1d776148aaa2b92c7242800e4ecfdfcda11cb6f2ae2,296,true,PASS_STATIC_OR_DIRECT
BND-BATCH-UNKNOWN-RECONCILIATION,cpf-tools/db/vendor/oracle/verify/103_verify_batch_unknown_reconciliation.sql,SQL,ADD,cpf-tools,Product Source / Consumer / Test / SQL / Script,b725eb884781dcb8522048f74fa42855594364501199e2bb29be19cb50ea3fbd,114,true,PASS_STATIC_OR_DIRECT
BND-FINAL-INTEGRATION-CLOSURE,cpf-tools/db/vendor/postgresql/install/06_integration_closure_lifecycle.sql,SQL,ADD,cpf-tools,Product Source / Consumer / Test / SQL / Script,eff898e52cf18b57e8f9ddbe281dec1ca2986f048bb230e7504daefcb40df089,2780,true,PASS_STATIC_OR_DIRECT
BND-BATCH-UNKNOWN-RECONCILIATION,cpf-tools/db/vendor/postgresql/install/07_batch_unknown_reconciliation.sql,SQL,ADD,cpf-tools,Product Source / Consumer / Test / SQL / Script,5c21eca841f855e600fae51d4363b9ba642254fdcd87881721ae5994746a4c6e,1011,true,PASS_STATIC_OR_DIRECT
BND-FINAL-INTEGRATION-CLOSURE,cpf-tools/db/vendor/postgresql/migration/V102__integration_closure_lifecycle.sql,SQL,ADD,cpf-tools,Product Source / Consumer / Test / SQL / Script,eff898e52cf18b57e8f9ddbe281dec1ca2986f048bb230e7504daefcb40df089,2780,true,PASS_STATIC_OR_DIRECT
BND-BATCH-UNKNOWN-RECONCILIATION,cpf-tools/db/vendor/postgresql/migration/V103__batch_unknown_reconciliation.sql,SQL,ADD,cpf-tools,Product Source / Consumer / Test / SQL / Script,5c21eca841f855e600fae51d4363b9ba642254fdcd87881721ae5994746a4c6e,1011,true,PASS_STATIC_OR_DIRECT
BND-FINAL-INTEGRATION-CLOSURE,cpf-tools/db/vendor/postgresql/pack.json,JSON,UPDATE,cpf-tools,Product Source / Consumer / Test / SQL / Script,32288f22d0a71c3055eac1df1084e6ce4a53d62fce90b5728ecd072f7106692f,7202,true,PASS_STATIC_OR_DIRECT
BND-FINAL-INTEGRATION-CLOSURE,cpf-tools/db/vendor/postgresql/rollback/R102__integration_closure_lifecycle.sql,SQL,ADD,cpf-tools,Product Source / Consumer / Test / SQL / Script,2ee89ebe13dd4da996671862989fe55e287cb60013563b294b86d6e59b88a661,290,true,PASS_STATIC_OR_DIRECT
BND-BATCH-UNKNOWN-RECONCILIATION,cpf-tools/db/vendor/postgresql/rollback/R103__batch_unknown_reconciliation.sql,SQL,ADD,cpf-tools,Product Source / Consumer / Test / SQL / Script,fcc98002cfb2a71d456a1c9b5af58e25c2f95f7da227622fd3e72e67f6b62b6e,47,true,PASS_STATIC_OR_DIRECT
BND-BATCH-UNKNOWN-RECONCILIATION,cpf-tools/db/vendor/postgresql/runtime/bat/repository/centercut-item-complete.sql,SQL,UPDATE,cpf-tools,Product Source / Consumer / Test / SQL / Script,7aa68bc14e98fffaa98635018573f098afa1367559c3b9974766961288e9c573,225,true,PASS_STATIC_OR_DIRECT
BND-BATCH-UNKNOWN-RECONCILIATION,cpf-tools/db/vendor/postgresql/runtime/bat/repository/execution-remote-message-reclaim.sql,SQL,UPDATE,cpf-tools,Product Source / Consumer / Test / SQL / Script,b299f84483451ad142133f313dccc7a30c04b76ac84dd8e5b9acf3e11911d05c,317,true,PASS_STATIC_OR_DIRECT
BND-BATCH-UNKNOWN-RECONCILIATION,cpf-tools/db/vendor/postgresql/runtime/bat/repository/execution-remote-message-reconcile-audit.sql,SQL,ADD,cpf-tools,Product Source / Consumer / Test / SQL / Script,a715d033abddd6d899ae9b0d0a9c22c79584c9a0fb4b74af6747eaef9d965b56,324,true,PASS_STATIC_OR_DIRECT
BND-BATCH-UNKNOWN-RECONCILIATION,cpf-tools/db/vendor/postgresql/runtime/bat/repository/execution-remote-message-reconcile-load.sql,SQL,ADD,cpf-tools,Product Source / Consumer / Test / SQL / Script,5b27a5be6c9a28328e8d0a0f7ae488a3051c417e30fca86e4717bd23f059b575,260,true,PASS_STATIC_OR_DIRECT
BND-BATCH-UNKNOWN-RECONCILIATION,cpf-tools/db/vendor/postgresql/runtime/bat/repository/execution-remote-message-unknown-retry.sql,SQL,ADD,cpf-tools,Product Source / Consumer / Test / SQL / Script,fb3078dc75c1fae8a05297b17595cffba24902e2fd5a70d89cbb6e46107070cb,362,true,PASS_STATIC_OR_DIRECT
BND-BATCH-UNKNOWN-RECONCILIATION,cpf-tools/db/vendor/postgresql/runtime/bat/repository/scheduler-trigger-claim.sql,SQL,UPDATE,cpf-tools,Product Source / Consumer / Test / SQL / Script,0ea11cab856651793b12839909e53c7d386853b9315e0397a17bc0166895f863,645,true,PASS_STATIC_OR_DIRECT
BND-BATCH-UNKNOWN-RECONCILIATION,cpf-tools/db/vendor/postgresql/runtime/bat/repository/scheduler-trigger-find-dispatchable.sql,SQL,UPDATE,cpf-tools,Product Source / Consumer / Test / SQL / Script,981f1b045461cb59a10a8387bdffd2c5d4e735b66a41a74500c5ba6be6f1c946,361,true,PASS_STATIC_OR_DIRECT
BND-BATCH-UNKNOWN-RECONCILIATION,cpf-tools/db/vendor/postgresql/runtime/bat/repository/scheduler-trigger-reconcile-audit.sql,SQL,ADD,cpf-tools,Product Source / Consumer / Test / SQL / Script,8cb75db2d3979e2ef94bdedf7a01bbb5e1ae13d12b7146ff24a87ff409e1c853,330,true,PASS_STATIC_OR_DIRECT
BND-BATCH-UNKNOWN-RECONCILIATION,cpf-tools/db/vendor/postgresql/runtime/bat/repository/scheduler-trigger-reconcile-load.sql,SQL,ADD,cpf-tools,Product Source / Consumer / Test / SQL / Script,b22d5123289f7b7ab82998fa55d682cfe4085aec623ef9d95a8ea94c5c467fda,234,true,PASS_STATIC_OR_DIRECT
BND-BATCH-UNKNOWN-RECONCILIATION,cpf-tools/db/vendor/postgresql/runtime/bat/repository/scheduler-trigger-unknown-retry.sql,SQL,ADD,cpf-tools,Product Source / Consumer / Test / SQL / Script,412e3578548c3c5ecfc0825138c546763b3231955241a2f0c610eb89cc9b35eb,398,true,PASS_STATIC_OR_DIRECT
BND-FINAL-INTEGRATION-CLOSURE,cpf-tools/db/vendor/postgresql/runtime/integration-closure/integration_closure_queries.sql,SQL,ADD,cpf-tools,Product Source / Consumer / Test / SQL / Script,f26a75b084b7d65a612e2008dc83b73104bf636f78db54585cb61bf354a35e18,230,true,PASS_STATIC_OR_DIRECT
BND-NOTIFICATION-DB-PARITY,cpf-tools/db/vendor/postgresql/source/10_cpf_schema.sql,SQL,UPDATE,cpf-tools,Product Source / Consumer / Test / SQL / Script,80a931800d01310f7b18c94280970e9aba6718775c240c2a05c124ff2ada94ec,205592,true,PASS_STATIC_OR_DIRECT
BND-FINAL-INTEGRATION-CLOSURE,cpf-tools/db/vendor/postgresql/source/17_integration_closure_lifecycle.sql,SQL,ADD,cpf-tools,Product Source / Consumer / Test / SQL / Script,eff898e52cf18b57e8f9ddbe281dec1ca2986f048bb230e7504daefcb40df089,2780,true,PASS_STATIC_OR_DIRECT
BND-BATCH-UNKNOWN-RECONCILIATION,cpf-tools/db/vendor/postgresql/source/18_batch_unknown_reconciliation.sql,SQL,ADD,cpf-tools,Product Source / Consumer / Test / SQL / Script,5c21eca841f855e600fae51d4363b9ba642254fdcd87881721ae5994746a4c6e,1011,true,PASS_STATIC_OR_DIRECT
BND-FINAL-INTEGRATION-CLOSURE,cpf-tools/db/vendor/postgresql/verify/102_verify_integration_closure_lifecycle.sql,SQL,ADD,cpf-tools,Product Source / Consumer / Test / SQL / Script,01ed14449a245ac42e31ff3c0260a52c53651aff990a3462d891fc000286d0a7,220,true,PASS_STATIC_OR_DIRECT
BND-BATCH-UNKNOWN-RECONCILIATION,cpf-tools/db/vendor/postgresql/verify/103_verify_batch_unknown_reconciliation.sql,SQL,ADD,cpf-tools,Product Source / Consumer / Test / SQL / Script,723cbf20078abfde2353c58c11f982ecbf8619ea7afa18d3879e63eac62ab81d,128,true,PASS_STATIC_OR_DIRECT
BND-STARTER-GENERATOR-PUBLICATION,cpf-tools/generator/contracts/cpf-starter-catalog.json,JSON,ADD,cpf-tools,Product Source / Consumer / Test / SQL / Script,6e23c3c6705ddb8ad415ccc9c5cc7da116215e977e6c62d4f2b6a74c2a0ed232,38231,true,PASS_STATIC_OR_DIRECT
BND-WEBHOOK-LIFECYCLE,cpf-tools/generator/templates/webhook/CpfGeneratedWebhookAdapter.java.tpl,TPL,ADD,cpf-tools,Product Source / Consumer / Test / SQL / Script,758b4c5d4f8788c96697d76a780e17479b536be0147aa9b4325ec1041a24512d,622,true,PASS_STATIC_OR_DIRECT
BND-FINAL-INTEGRATION-CLOSURE,cpf-tools/scripts/run-cpf-integration-closure-target-verification.ps1,PS1,ADD,cpf-tools,Product Source / Consumer / Test / SQL / Script,6554adac9c9df6a3a8f64a9923051dcc0617cf0357a8eb6462d51c03a56bce83,559,true,PASS_STATIC_OR_DIRECT
BND-FINAL-INTEGRATION-CLOSURE,cpf-tools/scripts/tests/runtime-fixtures/integration-closure/IntegrationClosureHarness.java,JAVA,ADD,cpf-tools,Product Source / Consumer / Test / SQL / Script,c85497eaa3f37be62990c420eef6e4677951fe2ba5a5b94b22960afc1e5aa75a,6445,true,PASS_STATIC_OR_DIRECT
BND-BATCH-UNKNOWN-RECONCILIATION,cpf-tools/scripts/verify-cpf-batch-unknown-reconciliation.py,PY,ADD,cpf-tools,Product Source / Consumer / Test / SQL / Script,c8197f2e88fca120117476410b4b42249c2140ee31473bcc60a214c1acefeb53,2602,true,PASS_STATIC_OR_DIRECT
BND-FINAL-LEDGER,cpf-tools/scripts/verify-cpf-final-integration-ledger.py,PY,ADD,cpf-tools,Product Source / Consumer / Test / SQL / Script,7019e34983c0b9bed1b156e983b581aae0d4233bfa56e51160e6a9659a2a055c,4318,true,PASS_STATIC_OR_DIRECT
BND-FINAL-INTEGRATION-CLOSURE,cpf-tools/scripts/verify-cpf-integration-closure.py,PY,ADD,cpf-tools,Product Source / Consumer / Test / SQL / Script,9e74b9fdc7b72878790d834c1004c3498ea8d2a46f1cb319b712a1c33325c9a4,3040,true,PASS_STATIC_OR_DIRECT
BND-STARTER-GENERATOR-PUBLICATION,settings.gradle,GRADLE,UPDATE,settings.gradle,Product Source / Consumer / Test / SQL / Script,071ea602912545ac7c8e170269f239126a350833c14adea18f7b05f46d47b849,8280,true,PASS_STATIC_OR_DIRECT
