requirement_id,catalog_group,owner_scope,development_status,development_basis,static_gate,verification_class,verification_status,verification_owner,completion_note
ARCH-MISSION,Architecture/Core,cpf-core; cpf-tools/scripts/check-architecture-ownership.ps1; cpf-tools/verification/20260729_04/check_final_source_closure.py,완료,b8941577b99535ff3e64a4fad99b74bafa544227 기준선 구현 유지 + 20260729_04 Root Overlay Source/SQL/API/Test/Guide 보강,cpf-tools/verification/20260729_04/check_final_source_closure.py,BUILD_TEST_RUNTIME,미검증,Codex 검수 전용,실행 Evidence가 필요한 항목은 미검증이며 Source 미구현/부분 구현과 구분한다.
ARCH-MSA,Architecture/Core,cpf-core; cpf-tools/scripts/check-architecture-ownership.ps1; cpf-tools/verification/20260729_04/check_final_source_closure.py,완료,b8941577b99535ff3e64a4fad99b74bafa544227 기준선 구현 유지 + 20260729_04 Root Overlay Source/SQL/API/Test/Guide 보강,cpf-tools/verification/20260729_04/check_final_source_closure.py,BUILD_TEST_RUNTIME,미검증,Codex 검수 전용,실행 Evidence가 필요한 항목은 미검증이며 Source 미구현/부분 구현과 구분한다.
ARCH-BOUNDARY,Architecture/Core,cpf-core; cpf-tools/scripts/check-architecture-ownership.ps1; cpf-tools/verification/20260729_04/check_final_source_closure.py,완료,b8941577b99535ff3e64a4fad99b74bafa544227 기준선 구현 유지 + 20260729_04 Root Overlay Source/SQL/API/Test/Guide 보강,cpf-tools/verification/20260729_04/check_final_source_closure.py,STATIC_AND_EXACT_SHA_REVIEW,정적 검증 완료,Codex 검수 전용,실행 Evidence가 필요한 항목은 미검증이며 Source 미구현/부분 구현과 구분한다.
ARCH-LAYER,Architecture/Core,cpf-core; cpf-tools/scripts/check-architecture-ownership.ps1; cpf-tools/verification/20260729_04/check_final_source_closure.py,완료,b8941577b99535ff3e64a4fad99b74bafa544227 기준선 구현 유지 + 20260729_04 Root Overlay Source/SQL/API/Test/Guide 보강,cpf-tools/verification/20260729_04/check_final_source_closure.py,STATIC_AND_EXACT_SHA_REVIEW,정적 검증 완료,Codex 검수 전용,실행 Evidence가 필요한 항목은 미검증이며 Source 미구현/부분 구현과 구분한다.
CORE-API,Architecture/Core,cpf-core; cpf-tools/scripts/check-architecture-ownership.ps1; cpf-tools/verification/20260729_04/check_final_source_closure.py,완료,b8941577b99535ff3e64a4fad99b74bafa544227 기준선 구현 유지 + 20260729_04 Root Overlay Source/SQL/API/Test/Guide 보강,cpf-tools/verification/20260729_04/check_final_source_closure.py,STATIC_AND_EXACT_SHA_REVIEW,정적 검증 완료,Codex 검수 전용,실행 Evidence가 필요한 항목은 미검증이며 Source 미구현/부분 구현과 구분한다.
CORE-SPI,Architecture/Core,cpf-core; cpf-tools/scripts/check-architecture-ownership.ps1; cpf-tools/verification/20260729_04/check_final_source_closure.py,완료,b8941577b99535ff3e64a4fad99b74bafa544227 기준선 구현 유지 + 20260729_04 Root Overlay Source/SQL/API/Test/Guide 보강,cpf-tools/verification/20260729_04/check_final_source_closure.py,STATIC_AND_EXACT_SHA_REVIEW,정적 검증 완료,Codex 검수 전용,실행 Evidence가 필요한 항목은 미검증이며 Source 미구현/부분 구현과 구분한다.
CORE-CONFIG,Architecture/Core,cpf-core; cpf-tools/scripts/check-architecture-ownership.ps1; cpf-tools/verification/20260729_04/check_final_source_closure.py,완료,b8941577b99535ff3e64a4fad99b74bafa544227 기준선 구현 유지 + 20260729_04 Root Overlay Source/SQL/API/Test/Guide 보강,cpf-tools/verification/20260729_04/check_final_source_closure.py,BUILD_TEST_RUNTIME,미검증,Codex 검수 전용,실행 Evidence가 필요한 항목은 미검증이며 Source 미구현/부분 구현과 구분한다.
CORE-TESTKIT,Architecture/Core,cpf-core; cpf-tools/scripts/check-architecture-ownership.ps1; cpf-tools/verification/20260729_04/check_final_source_closure.py,완료,b8941577b99535ff3e64a4fad99b74bafa544227 기준선 구현 유지 + 20260729_04 Root Overlay Source/SQL/API/Test/Guide 보강,cpf-tools/verification/20260729_04/check_final_source_closure.py,BUILD_TEST_RUNTIME,미검증,Codex 검수 전용,실행 Evidence가 필요한 항목은 미검증이며 Source 미구현/부분 구현과 구분한다.
CPF-CALL,Architecture/Core,cpf-core; cpf-tools/scripts/check-architecture-ownership.ps1; cpf-tools/verification/20260729_04/check_final_source_closure.py,완료,b8941577b99535ff3e64a4fad99b74bafa544227 기준선 구현 유지 + 20260729_04 Root Overlay Source/SQL/API/Test/Guide 보강,cpf-tools/verification/20260729_04/check_final_source_closure.py,BUILD_TEST_RUNTIME,미검증,Codex 검수 전용,실행 Evidence가 필요한 항목은 미검증이며 Source 미구현/부분 구현과 구분한다.
CPF-REGISTRY,Architecture/Core,cpf-core; cpf-tools/scripts/check-architecture-ownership.ps1; cpf-tools/verification/20260729_04/check_final_source_closure.py,완료,b8941577b99535ff3e64a4fad99b74bafa544227 기준선 구현 유지 + 20260729_04 Root Overlay Source/SQL/API/Test/Guide 보강,cpf-tools/verification/20260729_04/check_final_source_closure.py,BUILD_TEST_RUNTIME,미검증,Codex 검수 전용,실행 Evidence가 필요한 항목은 미검증이며 Source 미구현/부분 구현과 구분한다.
CPF-ROUTING,Architecture/Core,cpf-core; cpf-tools/scripts/check-architecture-ownership.ps1; cpf-tools/verification/20260729_04/check_final_source_closure.py,완료,b8941577b99535ff3e64a4fad99b74bafa544227 기준선 구현 유지 + 20260729_04 Root Overlay Source/SQL/API/Test/Guide 보강,cpf-tools/verification/20260729_04/check_final_source_closure.py,BUILD_TEST_RUNTIME,미검증,Codex 검수 전용,실행 Evidence가 필요한 항목은 미검증이며 Source 미구현/부분 구현과 구분한다.
CPF-HEALTH,Architecture/Core,cpf-core; cpf-tools/scripts/check-architecture-ownership.ps1; cpf-tools/verification/20260729_04/check_final_source_closure.py,완료,b8941577b99535ff3e64a4fad99b74bafa544227 기준선 구현 유지 + 20260729_04 Root Overlay Source/SQL/API/Test/Guide 보강,cpf-tools/verification/20260729_04/check_final_source_closure.py,BUILD_TEST_RUNTIME,미검증,Codex 검수 전용,실행 Evidence가 필요한 항목은 미검증이며 Source 미구현/부분 구현과 구분한다.
CPF-HEADER,Architecture/Core,cpf-core; cpf-tools/scripts/check-architecture-ownership.ps1; cpf-tools/verification/20260729_04/check_final_source_closure.py,완료,b8941577b99535ff3e64a4fad99b74bafa544227 기준선 구현 유지 + 20260729_04 Root Overlay Source/SQL/API/Test/Guide 보강,cpf-tools/verification/20260729_04/check_final_source_closure.py,BUILD_TEST_RUNTIME,미검증,Codex 검수 전용,실행 Evidence가 필요한 항목은 미검증이며 Source 미구현/부분 구현과 구분한다.
CPF-CONTEXT,Architecture/Core,cpf-core; cpf-tools/scripts/check-architecture-ownership.ps1; cpf-tools/verification/20260729_04/check_final_source_closure.py,완료,b8941577b99535ff3e64a4fad99b74bafa544227 기준선 구현 유지 + 20260729_04 Root Overlay Source/SQL/API/Test/Guide 보강,cpf-tools/verification/20260729_04/check_final_source_closure.py,BUILD_TEST_RUNTIME,미검증,Codex 검수 전용,실행 Evidence가 필요한 항목은 미검증이며 Source 미구현/부분 구현과 구분한다.
CPF-TXID,Architecture/Core,cpf-core; cpf-tools/scripts/check-architecture-ownership.ps1; cpf-tools/verification/20260729_04/check_final_source_closure.py,완료,b8941577b99535ff3e64a4fad99b74bafa544227 기준선 구현 유지 + 20260729_04 Root Overlay Source/SQL/API/Test/Guide 보강,cpf-tools/verification/20260729_04/check_final_source_closure.py,BUILD_TEST_RUNTIME,미검증,Codex 검수 전용,실행 Evidence가 필요한 항목은 미검증이며 Source 미구현/부분 구현과 구분한다.
CPF-ROLE,Architecture/Core,cpf-core; cpf-tools/scripts/check-architecture-ownership.ps1; cpf-tools/verification/20260729_04/check_final_source_closure.py,완료,b8941577b99535ff3e64a4fad99b74bafa544227 기준선 구현 유지 + 20260729_04 Root Overlay Source/SQL/API/Test/Guide 보강,cpf-tools/verification/20260729_04/check_final_source_closure.py,BUILD_TEST_RUNTIME,미검증,Codex 검수 전용,실행 Evidence가 필요한 항목은 미검증이며 Source 미구현/부분 구현과 구분한다.
CPF-ERROR,Architecture/Core,cpf-core; cpf-tools/scripts/check-architecture-ownership.ps1; cpf-tools/verification/20260729_04/check_final_source_closure.py,완료,b8941577b99535ff3e64a4fad99b74bafa544227 기준선 구현 유지 + 20260729_04 Root Overlay Source/SQL/API/Test/Guide 보강,cpf-tools/verification/20260729_04/check_final_source_closure.py,BUILD_TEST_RUNTIME,미검증,Codex 검수 전용,실행 Evidence가 필요한 항목은 미검증이며 Source 미구현/부분 구현과 구분한다.
CPF-VALID,Architecture/Core,cpf-core; cpf-tools/scripts/check-architecture-ownership.ps1; cpf-tools/verification/20260729_04/check_final_source_closure.py,완료,b8941577b99535ff3e64a4fad99b74bafa544227 기준선 구현 유지 + 20260729_04 Root Overlay Source/SQL/API/Test/Guide 보강,cpf-tools/verification/20260729_04/check_final_source_closure.py,BUILD_TEST_RUNTIME,미검증,Codex 검수 전용,실행 Evidence가 필요한 항목은 미검증이며 Source 미구현/부분 구현과 구분한다.
CPF-IDEMP,Architecture/Core,cpf-core; cpf-tools/scripts/check-architecture-ownership.ps1; cpf-tools/verification/20260729_04/check_final_source_closure.py,완료,b8941577b99535ff3e64a4fad99b74bafa544227 기준선 구현 유지 + 20260729_04 Root Overlay Source/SQL/API/Test/Guide 보강,cpf-tools/verification/20260729_04/check_final_source_closure.py,BUILD_TEST_RUNTIME,미검증,Codex 검수 전용,실행 Evidence가 필요한 항목은 미검증이며 Source 미구현/부분 구현과 구분한다.
CPF-STATE,Architecture/Core,cpf-core; cpf-tools/scripts/check-architecture-ownership.ps1; cpf-tools/verification/20260729_04/check_final_source_closure.py,완료,b8941577b99535ff3e64a4fad99b74bafa544227 기준선 구현 유지 + 20260729_04 Root Overlay Source/SQL/API/Test/Guide 보강,cpf-tools/verification/20260729_04/check_final_source_closure.py,BUILD_TEST_RUNTIME,미검증,Codex 검수 전용,실행 Evidence가 필요한 항목은 미검증이며 Source 미구현/부분 구현과 구분한다.
CPF-LOCK,Architecture/Core,cpf-core; cpf-tools/scripts/check-architecture-ownership.ps1; cpf-tools/verification/20260729_04/check_final_source_closure.py,완료,b8941577b99535ff3e64a4fad99b74bafa544227 기준선 구현 유지 + 20260729_04 Root Overlay Source/SQL/API/Test/Guide 보강,cpf-tools/verification/20260729_04/check_final_source_closure.py,BUILD_TEST_RUNTIME,미검증,Codex 검수 전용,실행 Evidence가 필요한 항목은 미검증이며 Source 미구현/부분 구현과 구분한다.
CPF-RESILIENCE,Architecture/Core,cpf-core; cpf-tools/scripts/check-architecture-ownership.ps1; cpf-tools/verification/20260729_04/check_final_source_closure.py,완료,b8941577b99535ff3e64a4fad99b74bafa544227 기준선 구현 유지 + 20260729_04 Root Overlay Source/SQL/API/Test/Guide 보강,cpf-tools/verification/20260729_04/check_final_source_closure.py,BUILD_TEST_RUNTIME,미검증,Codex 검수 전용,실행 Evidence가 필요한 항목은 미검증이며 Source 미구현/부분 구현과 구분한다.
CPF-DEADLINE,Architecture/Core,cpf-core; cpf-tools/scripts/check-architecture-ownership.ps1; cpf-tools/verification/20260729_04/check_final_source_closure.py,완료,b8941577b99535ff3e64a4fad99b74bafa544227 기준선 구현 유지 + 20260729_04 Root Overlay Source/SQL/API/Test/Guide 보강,cpf-tools/verification/20260729_04/check_final_source_closure.py,BUILD_TEST_RUNTIME,미검증,Codex 검수 전용,실행 Evidence가 필요한 항목은 미검증이며 Source 미구현/부분 구현과 구분한다.
CPF-SCHED,Architecture/Core,cpf-core; cpf-tools/scripts/check-architecture-ownership.ps1; cpf-tools/verification/20260729_04/check_final_source_closure.py,완료,b8941577b99535ff3e64a4fad99b74bafa544227 기준선 구현 유지 + 20260729_04 Root Overlay Source/SQL/API/Test/Guide 보강,cpf-tools/verification/20260729_04/check_final_source_closure.py,BUILD_TEST_RUNTIME,미검증,Codex 검수 전용,실행 Evidence가 필요한 항목은 미검증이며 Source 미구현/부분 구현과 구분한다.
CPF-OPSDB,Architecture/Core,cpf-core; cpf-tools/scripts/check-architecture-ownership.ps1; cpf-tools/verification/20260729_04/check_final_source_closure.py,완료,b8941577b99535ff3e64a4fad99b74bafa544227 기준선 구현 유지 + 20260729_04 Root Overlay Source/SQL/API/Test/Guide 보강,cpf-tools/verification/20260729_04/check_final_source_closure.py,BUILD_TEST_RUNTIME,미검증,Codex 검수 전용,실행 Evidence가 필요한 항목은 미검증이며 Source 미구현/부분 구현과 구분한다.
CPF-LOGDB,Architecture/Core,cpf-core; cpf-tools/scripts/check-architecture-ownership.ps1; cpf-tools/verification/20260729_04/check_final_source_closure.py,완료,b8941577b99535ff3e64a4fad99b74bafa544227 기준선 구현 유지 + 20260729_04 Root Overlay Source/SQL/API/Test/Guide 보강,cpf-tools/verification/20260729_04/check_final_source_closure.py,BUILD_TEST_RUNTIME,미검증,Codex 검수 전용,실행 Evidence가 필요한 항목은 미검증이며 Source 미구현/부분 구현과 구분한다.
CPF-FILELOG,Architecture/Core,cpf-core; cpf-tools/scripts/check-architecture-ownership.ps1; cpf-tools/verification/20260729_04/check_final_source_closure.py,완료,b8941577b99535ff3e64a4fad99b74bafa544227 기준선 구현 유지 + 20260729_04 Root Overlay Source/SQL/API/Test/Guide 보강,cpf-tools/verification/20260729_04/check_final_source_closure.py,BUILD_TEST_RUNTIME,미검증,Codex 검수 전용,실행 Evidence가 필요한 항목은 미검증이며 Source 미구현/부분 구현과 구분한다.
CPF-LOGFAIL,Architecture/Core,cpf-core; cpf-tools/scripts/check-architecture-ownership.ps1; cpf-tools/verification/20260729_04/check_final_source_closure.py,완료,b8941577b99535ff3e64a4fad99b74bafa544227 기준선 구현 유지 + 20260729_04 Root Overlay Source/SQL/API/Test/Guide 보강,cpf-tools/verification/20260729_04/check_final_source_closure.py,BUILD_TEST_RUNTIME,미검증,Codex 검수 전용,실행 Evidence가 필요한 항목은 미검증이며 Source 미구현/부분 구현과 구분한다.
CPF-TRACE,Architecture/Core,cpf-core; cpf-tools/scripts/check-architecture-ownership.ps1; cpf-tools/verification/20260729_04/check_final_source_closure.py,완료,b8941577b99535ff3e64a4fad99b74bafa544227 기준선 구현 유지 + 20260729_04 Root Overlay Source/SQL/API/Test/Guide 보강,cpf-tools/verification/20260729_04/check_final_source_closure.py,BUILD_TEST_RUNTIME,미검증,Codex 검수 전용,실행 Evidence가 필요한 항목은 미검증이며 Source 미구현/부분 구현과 구분한다.
CPF-MASK,Architecture/Core,cpf-core; cpf-tools/scripts/check-architecture-ownership.ps1; cpf-tools/verification/20260729_04/check_final_source_closure.py,완료,b8941577b99535ff3e64a4fad99b74bafa544227 기준선 구현 유지 + 20260729_04 Root Overlay Source/SQL/API/Test/Guide 보강,cpf-tools/verification/20260729_04/check_final_source_closure.py,BUILD_TEST_RUNTIME,미검증,Codex 검수 전용,실행 Evidence가 필요한 항목은 미검증이며 Source 미구현/부분 구현과 구분한다.
CORE-FIXED,Architecture/Core,cpf-core; cpf-tools/scripts/check-architecture-ownership.ps1; cpf-tools/verification/20260729_04/check_final_source_closure.py,완료,b8941577b99535ff3e64a4fad99b74bafa544227 기준선 구현 유지 + 20260729_04 Root Overlay Source/SQL/API/Test/Guide 보강,cpf-tools/verification/20260729_04/check_final_source_closure.py,BUILD_TEST_RUNTIME,미검증,Codex 검수 전용,실행 Evidence가 필요한 항목은 미검증이며 Source 미구현/부분 구현과 구분한다.
CORE-FILE,Architecture/Core,cpf-core; cpf-tools/scripts/check-architecture-ownership.ps1; cpf-tools/verification/20260729_04/check_final_source_closure.py,완료,b8941577b99535ff3e64a4fad99b74bafa544227 기준선 구현 유지 + 20260729_04 Root Overlay Source/SQL/API/Test/Guide 보강,cpf-tools/verification/20260729_04/check_final_source_closure.py,BUILD_TEST_RUNTIME,미검증,Codex 검수 전용,실행 Evidence가 필요한 항목은 미검증이며 Source 미구현/부분 구현과 구분한다.
CORE-MESSAGE,Architecture/Core,cpf-core; cpf-tools/scripts/check-architecture-ownership.ps1; cpf-tools/verification/20260729_04/check_final_source_closure.py,완료,b8941577b99535ff3e64a4fad99b74bafa544227 기준선 구현 유지 + 20260729_04 Root Overlay Source/SQL/API/Test/Guide 보강,cpf-tools/verification/20260729_04/check_final_source_closure.py,BUILD_TEST_RUNTIME,미검증,Codex 검수 전용,실행 Evidence가 필요한 항목은 미검증이며 Source 미구현/부분 구현과 구분한다.
CMN-EXTENSION,Common/Data,cpf-common; cpf-admin; cpf-core/src/main/java/com/cpf/core/api,완료,b8941577b99535ff3e64a4fad99b74bafa544227 기준선 구현 유지 + 20260729_04 Root Overlay Source/SQL/API/Test/Guide 보강,cpf-tools/verification/20260729_04/check_final_source_closure.py,BUILD_TEST_RUNTIME,미검증,Codex 검수 전용,실행 Evidence가 필요한 항목은 미검증이며 Source 미구현/부분 구현과 구분한다.
CMN-SAMPLE-DB,Common/Data,cpf-common; cpf-admin; cpf-core/src/main/java/com/cpf/core/api,완료,b8941577b99535ff3e64a4fad99b74bafa544227 기준선 구현 유지 + 20260729_04 Root Overlay Source/SQL/API/Test/Guide 보강,cpf-tools/verification/20260729_04/check_final_source_closure.py,BUILD_TEST_RUNTIME,미검증,Codex 검수 전용,실행 Evidence가 필요한 항목은 미검증이며 Source 미구현/부분 구현과 구분한다.
CMN-CODE,Common/Data,cpf-common; cpf-admin; cpf-core/src/main/java/com/cpf/core/api,완료,b8941577b99535ff3e64a4fad99b74bafa544227 기준선 구현 유지 + 20260729_04 Root Overlay Source/SQL/API/Test/Guide 보강,cpf-tools/verification/20260729_04/check_final_source_closure.py,BUILD_TEST_RUNTIME,미검증,Codex 검수 전용,실행 Evidence가 필요한 항목은 미검증이며 Source 미구현/부분 구현과 구분한다.
CMN-MSG,Common/Data,cpf-common; cpf-admin; cpf-core/src/main/java/com/cpf/core/api,완료,b8941577b99535ff3e64a4fad99b74bafa544227 기준선 구현 유지 + 20260729_04 Root Overlay Source/SQL/API/Test/Guide 보강,cpf-tools/verification/20260729_04/check_final_source_closure.py,BUILD_TEST_RUNTIME,미검증,Codex 검수 전용,실행 Evidence가 필요한 항목은 미검증이며 Source 미구현/부분 구현과 구분한다.
CMN-CALENDAR,Common/Data,cpf-common; cpf-admin; cpf-core/src/main/java/com/cpf/core/api,완료,b8941577b99535ff3e64a4fad99b74bafa544227 기준선 구현 유지 + 20260729_04 Root Overlay Source/SQL/API/Test/Guide 보강,cpf-tools/verification/20260729_04/check_final_source_closure.py,BUILD_TEST_RUNTIME,미검증,Codex 검수 전용,실행 Evidence가 필요한 항목은 미검증이며 Source 미구현/부분 구현과 구분한다.
CMN-TEMPLATE,Common/Data,cpf-common; cpf-admin; cpf-core/src/main/java/com/cpf/core/api,완료,b8941577b99535ff3e64a4fad99b74bafa544227 기준선 구현 유지 + 20260729_04 Root Overlay Source/SQL/API/Test/Guide 보강,cpf-tools/verification/20260729_04/check_final_source_closure.py,BUILD_TEST_RUNTIME,미검증,Codex 검수 전용,실행 Evidence가 필요한 항목은 미검증이며 Source 미구현/부분 구현과 구분한다.
DB-OWNERSHIP,Common/Data,cpf-tools/db; cpf-tools/scripts/sync-database-artifacts.ps1; cpf-tools/db/metadata,완료,b8941577b99535ff3e64a4fad99b74bafa544227 기준선 구현 유지 + 20260729_04 Root Overlay Source/SQL/API/Test/Guide 보강,cpf-tools/verification/20260729_04/check_final_source_closure.py,THREE_DB_LIFECYCLE,미검증,Codex 검수 전용,실행 Evidence가 필요한 항목은 미검증이며 Source 미구현/부분 구현과 구분한다.
DB-INSTALL,Common/Data,cpf-tools/db; cpf-tools/scripts/sync-database-artifacts.ps1; cpf-tools/db/metadata,완료,b8941577b99535ff3e64a4fad99b74bafa544227 기준선 구현 유지 + 20260729_04 Root Overlay Source/SQL/API/Test/Guide 보강,cpf-tools/verification/20260729_04/check_final_source_closure.py,THREE_DB_LIFECYCLE,미검증,Codex 검수 전용,실행 Evidence가 필요한 항목은 미검증이며 Source 미구현/부분 구현과 구분한다.
DB-MIGRATION,Common/Data,cpf-tools/db; cpf-tools/scripts/sync-database-artifacts.ps1; cpf-tools/db/metadata,완료,b8941577b99535ff3e64a4fad99b74bafa544227 기준선 구현 유지 + 20260729_04 Root Overlay Source/SQL/API/Test/Guide 보강,cpf-tools/verification/20260729_04/check_final_source_closure.py,THREE_DB_LIFECYCLE,미검증,Codex 검수 전용,실행 Evidence가 필요한 항목은 미검증이며 Source 미구현/부분 구현과 구분한다.
DB-ROLLBACK,Common/Data,cpf-tools/db; cpf-tools/scripts/sync-database-artifacts.ps1; cpf-tools/db/metadata,완료,b8941577b99535ff3e64a4fad99b74bafa544227 기준선 구현 유지 + 20260729_04 Root Overlay Source/SQL/API/Test/Guide 보강,cpf-tools/verification/20260729_04/check_final_source_closure.py,THREE_DB_LIFECYCLE,미검증,Codex 검수 전용,실행 Evidence가 필요한 항목은 미검증이며 Source 미구현/부분 구현과 구분한다.
DB-BACKUP,Common/Data,cpf-tools/db; cpf-tools/scripts/sync-database-artifacts.ps1; cpf-tools/db/metadata,완료,b8941577b99535ff3e64a4fad99b74bafa544227 기준선 구현 유지 + 20260729_04 Root Overlay Source/SQL/API/Test/Guide 보강,cpf-tools/verification/20260729_04/check_final_source_closure.py,THREE_DB_LIFECYCLE,미검증,Codex 검수 전용,실행 Evidence가 필요한 항목은 미검증이며 Source 미구현/부분 구현과 구분한다.
DB-MULTI-VENDOR,Common/Data,cpf-tools/db; cpf-tools/scripts/sync-database-artifacts.ps1; cpf-tools/db/metadata,완료,b8941577b99535ff3e64a4fad99b74bafa544227 기준선 구현 유지 + 20260729_04 Root Overlay Source/SQL/API/Test/Guide 보강,cpf-tools/verification/20260729_04/check_final_source_closure.py,STATIC_AND_EXACT_SHA_REVIEW,정적 검증 완료,Codex 검수 전용,실행 Evidence가 필요한 항목은 미검증이며 Source 미구현/부분 구현과 구분한다.
DB-SQL,Common/Data,cpf-tools/db; cpf-tools/scripts/sync-database-artifacts.ps1; cpf-tools/db/metadata,완료,b8941577b99535ff3e64a4fad99b74bafa544227 기준선 구현 유지 + 20260729_04 Root Overlay Source/SQL/API/Test/Guide 보강,cpf-tools/verification/20260729_04/check_final_source_closure.py,THREE_DB_LIFECYCLE,미검증,Codex 검수 전용,실행 Evidence가 필요한 항목은 미검증이며 Source 미구현/부분 구현과 구분한다.
DB-PERF,Common/Data,cpf-tools/db; cpf-tools/scripts/sync-database-artifacts.ps1; cpf-tools/db/metadata,완료,b8941577b99535ff3e64a4fad99b74bafa544227 기준선 구현 유지 + 20260729_04 Root Overlay Source/SQL/API/Test/Guide 보강,cpf-tools/verification/20260729_04/check_final_source_closure.py,THREE_DB_LIFECYCLE,미검증,Codex 검수 전용,실행 Evidence가 필요한 항목은 미검증이며 Source 미구현/부분 구현과 구분한다.
DB-MULTI,Common/Data,cpf-tools/db; cpf-tools/scripts/sync-database-artifacts.ps1; cpf-tools/db/metadata,완료,b8941577b99535ff3e64a4fad99b74bafa544227 기준선 구현 유지 + 20260729_04 Root Overlay Source/SQL/API/Test/Guide 보강,cpf-tools/verification/20260729_04/check_final_source_closure.py,THREE_DB_LIFECYCLE,미검증,Codex 검수 전용,실행 Evidence가 필요한 항목은 미검증이며 Source 미구현/부분 구현과 구분한다.
DATA-LINEAGE,Common/Data,cpf-tools/db; cpf-tools/scripts/sync-database-artifacts.ps1; cpf-tools/db/metadata,완료,b8941577b99535ff3e64a4fad99b74bafa544227 기준선 구현 유지 + 20260729_04 Root Overlay Source/SQL/API/Test/Guide 보강,cpf-tools/verification/20260729_04/check_final_source_closure.py,THREE_DB_LIFECYCLE,미검증,Codex 검수 전용,실행 Evidence가 필요한 항목은 미검증이며 Source 미구현/부분 구현과 구분한다.
DATA-RETENTION,Common/Data,cpf-tools/db; cpf-tools/scripts/sync-database-artifacts.ps1; cpf-tools/db/metadata,완료,b8941577b99535ff3e64a4fad99b74bafa544227 기준선 구현 유지 + 20260729_04 Root Overlay Source/SQL/API/Test/Guide 보강,cpf-tools/verification/20260729_04/check_final_source_closure.py,THREE_DB_LIFECYCLE,미검증,Codex 검수 전용,실행 Evidence가 필요한 항목은 미검증이며 Source 미구현/부분 구현과 구분한다.
GWY-ENTRY,Gateway/External/Event,cpf-gateway; cpf-core/src/main/java/com/cpf/core/api/gateway; cpf-core/src/main/java/com/cpf/core/api/servicecall,완료,b8941577b99535ff3e64a4fad99b74bafa544227 기준선 구현 유지 + 20260729_04 Root Overlay Source/SQL/API/Test/Guide 보강,cpf-tools/verification/20260729_04/check_final_source_closure.py,RUNTIME_FAULT_MULTI_INSTANCE,미검증,Codex 검수 전용,실행 Evidence가 필요한 항목은 미검증이며 Source 미구현/부분 구현과 구분한다.
GWY-ROUTING,Gateway/External/Event,cpf-gateway; cpf-core/src/main/java/com/cpf/core/api/gateway; cpf-core/src/main/java/com/cpf/core/api/servicecall,완료,b8941577b99535ff3e64a4fad99b74bafa544227 기준선 구현 유지 + 20260729_04 Root Overlay Source/SQL/API/Test/Guide 보강,cpf-tools/verification/20260729_04/check_final_source_closure.py,RUNTIME_FAULT_MULTI_INSTANCE,미검증,Codex 검수 전용,실행 Evidence가 필요한 항목은 미검증이며 Source 미구현/부분 구현과 구분한다.
GWY-TRUST,Gateway/External/Event,cpf-gateway; cpf-core/src/main/java/com/cpf/core/api/gateway; cpf-core/src/main/java/com/cpf/core/api/servicecall,완료,b8941577b99535ff3e64a4fad99b74bafa544227 기준선 구현 유지 + 20260729_04 Root Overlay Source/SQL/API/Test/Guide 보강,cpf-tools/verification/20260729_04/check_final_source_closure.py,RUNTIME_FAULT_MULTI_INSTANCE,미검증,Codex 검수 전용,실행 Evidence가 필요한 항목은 미검증이며 Source 미구현/부분 구현과 구분한다.
GWY-RESILIENCE,Gateway/External/Event,cpf-gateway; cpf-core/src/main/java/com/cpf/core/api/gateway; cpf-core/src/main/java/com/cpf/core/api/servicecall,완료,b8941577b99535ff3e64a4fad99b74bafa544227 기준선 구현 유지 + 20260729_04 Root Overlay Source/SQL/API/Test/Guide 보강,cpf-tools/verification/20260729_04/check_final_source_closure.py,RUNTIME_FAULT_MULTI_INSTANCE,미검증,Codex 검수 전용,실행 Evidence가 필요한 항목은 미검증이며 Source 미구현/부분 구현과 구분한다.
API-LIMIT,Gateway/External/Event,cpf-gateway; cpf-core/src/main/java/com/cpf/core/api/gateway; cpf-core/src/main/java/com/cpf/core/api/servicecall,완료,b8941577b99535ff3e64a4fad99b74bafa544227 기준선 구현 유지 + 20260729_04 Root Overlay Source/SQL/API/Test/Guide 보강,cpf-tools/verification/20260729_04/check_final_source_closure.py,BUILD_TEST_RUNTIME,미검증,Codex 검수 전용,실행 Evidence가 필요한 항목은 미검증이며 Source 미구현/부분 구현과 구분한다.
EXS-INST,Gateway/External/Event,cpf-tools/generator; cpf-reference; cpf-core/src/main/java/com/cpf/core/api/filetransfer; cpf-core/src/main/java/com/cpf/core/api/fixedlength,완료,b8941577b99535ff3e64a4fad99b74bafa544227 기준선 구현 유지 + 20260729_04 Root Overlay Source/SQL/API/Test/Guide 보강,cpf-tools/verification/20260729_04/check_final_source_closure.py,RUNTIME_FAULT_MULTI_INSTANCE,미검증,Codex 검수 전용,실행 Evidence가 필요한 항목은 미검증이며 Source 미구현/부분 구현과 구분한다.
EXS-REST,Gateway/External/Event,cpf-tools/generator; cpf-reference; cpf-core/src/main/java/com/cpf/core/api/filetransfer; cpf-core/src/main/java/com/cpf/core/api/fixedlength,완료,b8941577b99535ff3e64a4fad99b74bafa544227 기준선 구현 유지 + 20260729_04 Root Overlay Source/SQL/API/Test/Guide 보강,cpf-tools/verification/20260729_04/check_final_source_closure.py,RUNTIME_FAULT_MULTI_INSTANCE,미검증,Codex 검수 전용,실행 Evidence가 필요한 항목은 미검증이며 Source 미구현/부분 구현과 구분한다.
EXS-FIXED,Gateway/External/Event,cpf-tools/generator; cpf-reference; cpf-core/src/main/java/com/cpf/core/api/filetransfer; cpf-core/src/main/java/com/cpf/core/api/fixedlength,완료,b8941577b99535ff3e64a4fad99b74bafa544227 기준선 구현 유지 + 20260729_04 Root Overlay Source/SQL/API/Test/Guide 보강,cpf-tools/verification/20260729_04/check_final_source_closure.py,RUNTIME_FAULT_MULTI_INSTANCE,미검증,Codex 검수 전용,실행 Evidence가 필요한 항목은 미검증이며 Source 미구현/부분 구현과 구분한다.
EXS-SEC,Gateway/External/Event,cpf-tools/generator; cpf-reference; cpf-core/src/main/java/com/cpf/core/api/filetransfer; cpf-core/src/main/java/com/cpf/core/api/fixedlength,완료,b8941577b99535ff3e64a4fad99b74bafa544227 기준선 구현 유지 + 20260729_04 Root Overlay Source/SQL/API/Test/Guide 보강,cpf-tools/verification/20260729_04/check_final_source_closure.py,RUNTIME_FAULT_MULTI_INSTANCE,미검증,Codex 검수 전용,실행 Evidence가 필요한 항목은 미검증이며 Source 미구현/부분 구현과 구분한다.
EXS-FILE,Gateway/External/Event,cpf-tools/generator; cpf-reference; cpf-core/src/main/java/com/cpf/core/api/filetransfer; cpf-core/src/main/java/com/cpf/core/api/fixedlength,완료,b8941577b99535ff3e64a4fad99b74bafa544227 기준선 구현 유지 + 20260729_04 Root Overlay Source/SQL/API/Test/Guide 보강,cpf-tools/verification/20260729_04/check_final_source_closure.py,RUNTIME_FAULT_MULTI_INSTANCE,미검증,Codex 검수 전용,실행 Evidence가 필요한 항목은 미검증이며 Source 미구현/부분 구현과 구분한다.
EXS-UNKNOWN,Gateway/External/Event,cpf-tools/generator; cpf-reference; cpf-core/src/main/java/com/cpf/core/api/filetransfer; cpf-core/src/main/java/com/cpf/core/api/fixedlength,완료,b8941577b99535ff3e64a4fad99b74bafa544227 기준선 구현 유지 + 20260729_04 Root Overlay Source/SQL/API/Test/Guide 보강,cpf-tools/verification/20260729_04/check_final_source_closure.py,RUNTIME_FAULT_MULTI_INSTANCE,미검증,Codex 검수 전용,실행 Evidence가 필요한 항목은 미검증이며 Source 미구현/부분 구현과 구분한다.
EXS-RECON,Gateway/External/Event,cpf-tools/generator; cpf-reference; cpf-core/src/main/java/com/cpf/core/api/filetransfer; cpf-core/src/main/java/com/cpf/core/api/fixedlength,완료,b8941577b99535ff3e64a4fad99b74bafa544227 기준선 구현 유지 + 20260729_04 Root Overlay Source/SQL/API/Test/Guide 보강,cpf-tools/verification/20260729_04/check_final_source_closure.py,RUNTIME_FAULT_MULTI_INSTANCE,미검증,Codex 검수 전용,실행 Evidence가 필요한 항목은 미검증이며 Source 미구현/부분 구현과 구분한다.
EVENT-CORE,Gateway/External/Event,cpf-core/src/main/java/com/cpf/core/api/broker; cpf-core/src/main/java/com/cpf/core/common/broker; cpf-core/src/main/java/com/cpf/core/common/saga,완료,b8941577b99535ff3e64a4fad99b74bafa544227 기준선 구현 유지 + 20260729_04 Root Overlay Source/SQL/API/Test/Guide 보강,cpf-tools/verification/20260729_04/check_final_source_closure.py,RUNTIME_FAULT_MULTI_INSTANCE,미검증,Codex 검수 전용,실행 Evidence가 필요한 항목은 미검증이며 Source 미구현/부분 구현과 구분한다.
EVENT-OUTBOX,Gateway/External/Event,cpf-core/src/main/java/com/cpf/core/api/broker; cpf-core/src/main/java/com/cpf/core/common/broker; cpf-core/src/main/java/com/cpf/core/common/saga,완료,b8941577b99535ff3e64a4fad99b74bafa544227 기준선 구현 유지 + 20260729_04 Root Overlay Source/SQL/API/Test/Guide 보강,cpf-tools/verification/20260729_04/check_final_source_closure.py,RUNTIME_FAULT_MULTI_INSTANCE,미검증,Codex 검수 전용,실행 Evidence가 필요한 항목은 미검증이며 Source 미구현/부분 구현과 구분한다.
EVENT-BROKER,Gateway/External/Event,cpf-core/src/main/java/com/cpf/core/api/broker; cpf-core/src/main/java/com/cpf/core/common/broker; cpf-core/src/main/java/com/cpf/core/common/saga,완료,b8941577b99535ff3e64a4fad99b74bafa544227 기준선 구현 유지 + 20260729_04 Root Overlay Source/SQL/API/Test/Guide 보강,cpf-tools/verification/20260729_04/check_final_source_closure.py,RUNTIME_FAULT_MULTI_INSTANCE,미검증,Codex 검수 전용,실행 Evidence가 필요한 항목은 미검증이며 Source 미구현/부분 구현과 구분한다.
EVENT-DLQ,Gateway/External/Event,cpf-core/src/main/java/com/cpf/core/api/broker; cpf-core/src/main/java/com/cpf/core/common/broker; cpf-core/src/main/java/com/cpf/core/common/saga,완료,b8941577b99535ff3e64a4fad99b74bafa544227 기준선 구현 유지 + 20260729_04 Root Overlay Source/SQL/API/Test/Guide 보강,cpf-tools/verification/20260729_04/check_final_source_closure.py,RUNTIME_FAULT_MULTI_INSTANCE,미검증,Codex 검수 전용,실행 Evidence가 필요한 항목은 미검증이며 Source 미구현/부분 구현과 구분한다.
SAGA-CORE,Gateway/External/Event,cpf-core/src/main/java/com/cpf/core/api/broker; cpf-core/src/main/java/com/cpf/core/common/broker; cpf-core/src/main/java/com/cpf/core/common/saga,완료,b8941577b99535ff3e64a4fad99b74bafa544227 기준선 구현 유지 + 20260729_04 Root Overlay Source/SQL/API/Test/Guide 보강,cpf-tools/verification/20260729_04/check_final_source_closure.py,RUNTIME_FAULT_MULTI_INSTANCE,미검증,Codex 검수 전용,실행 Evidence가 필요한 항목은 미검증이며 Source 미구현/부분 구현과 구분한다.
SAGA-COMP,Gateway/External/Event,cpf-core/src/main/java/com/cpf/core/api/broker; cpf-core/src/main/java/com/cpf/core/common/broker; cpf-core/src/main/java/com/cpf/core/common/saga,완료,b8941577b99535ff3e64a4fad99b74bafa544227 기준선 구현 유지 + 20260729_04 Root Overlay Source/SQL/API/Test/Guide 보강,cpf-tools/verification/20260729_04/check_final_source_closure.py,RUNTIME_FAULT_MULTI_INSTANCE,미검증,Codex 검수 전용,실행 Evidence가 필요한 항목은 미검증이며 Source 미구현/부분 구현과 구분한다.
SAGA-MANUAL,Gateway/External/Event,cpf-core/src/main/java/com/cpf/core/api/broker; cpf-core/src/main/java/com/cpf/core/common/broker; cpf-core/src/main/java/com/cpf/core/common/saga,완료,b8941577b99535ff3e64a4fad99b74bafa544227 기준선 구현 유지 + 20260729_04 Root Overlay Source/SQL/API/Test/Guide 보강,cpf-tools/verification/20260729_04/check_final_source_closure.py,RUNTIME_FAULT_MULTI_INSTANCE,미검증,Codex 검수 전용,실행 Evidence가 필요한 항목은 미검증이며 Source 미구현/부분 구현과 구분한다.
BAT-CORE,Batch/Center-Cut,cpf-batch; cpf-local-batch-runtime; cpf-admin/src/main/java/com/cpf/admin/opr/controller/AdmBatchController.java,완료,b8941577b99535ff3e64a4fad99b74bafa544227 기준선 구현 유지 + 20260729_04 Root Overlay Source/SQL/API/Test/Guide 보강,cpf-tools/verification/20260729_04/check_final_source_closure.py,BATCH_MULTI_PROCESS_RUNTIME,미검증,Codex 검수 전용,실행 Evidence가 필요한 항목은 미검증이며 Source 미구현/부분 구현과 구분한다.
BAT-JOB,Batch/Center-Cut,cpf-batch; cpf-local-batch-runtime; cpf-admin/src/main/java/com/cpf/admin/opr/controller/AdmBatchController.java,완료,b8941577b99535ff3e64a4fad99b74bafa544227 기준선 구현 유지 + 20260729_04 Root Overlay Source/SQL/API/Test/Guide 보강,cpf-tools/verification/20260729_04/check_final_source_closure.py,BATCH_MULTI_PROCESS_RUNTIME,미검증,Codex 검수 전용,실행 Evidence가 필요한 항목은 미검증이며 Source 미구현/부분 구현과 구분한다.
BAT-ITEM,Batch/Center-Cut,cpf-batch; cpf-local-batch-runtime; cpf-admin/src/main/java/com/cpf/admin/opr/controller/AdmBatchController.java,완료,b8941577b99535ff3e64a4fad99b74bafa544227 기준선 구현 유지 + 20260729_04 Root Overlay Source/SQL/API/Test/Guide 보강,cpf-tools/verification/20260729_04/check_final_source_closure.py,BATCH_MULTI_PROCESS_RUNTIME,미검증,Codex 검수 전용,실행 Evidence가 필요한 항목은 미검증이며 Source 미구현/부분 구현과 구분한다.
BAT-EXECUTOR,Batch/Center-Cut,cpf-batch; cpf-local-batch-runtime; cpf-admin/src/main/java/com/cpf/admin/opr/controller/AdmBatchController.java,완료,b8941577b99535ff3e64a4fad99b74bafa544227 기준선 구현 유지 + 20260729_04 Root Overlay Source/SQL/API/Test/Guide 보강,cpf-tools/verification/20260729_04/check_final_source_closure.py,BATCH_MULTI_PROCESS_RUNTIME,미검증,Codex 검수 전용,실행 Evidence가 필요한 항목은 미검증이며 Source 미구현/부분 구현과 구분한다.
BAT-AGENT,Batch/Center-Cut,cpf-batch; cpf-local-batch-runtime; cpf-admin/src/main/java/com/cpf/admin/opr/controller/AdmBatchController.java,완료,b8941577b99535ff3e64a4fad99b74bafa544227 기준선 구현 유지 + 20260729_04 Root Overlay Source/SQL/API/Test/Guide 보강,cpf-tools/verification/20260729_04/check_final_source_closure.py,BATCH_MULTI_PROCESS_RUNTIME,미검증,Codex 검수 전용,실행 Evidence가 필요한 항목은 미검증이며 Source 미구현/부분 구현과 구분한다.
BAT-CALL-SYNC,Batch/Center-Cut,cpf-batch; cpf-local-batch-runtime; cpf-admin/src/main/java/com/cpf/admin/opr/controller/AdmBatchController.java,완료,b8941577b99535ff3e64a4fad99b74bafa544227 기준선 구현 유지 + 20260729_04 Root Overlay Source/SQL/API/Test/Guide 보강,cpf-tools/verification/20260729_04/check_final_source_closure.py,BATCH_MULTI_PROCESS_RUNTIME,미검증,Codex 검수 전용,실행 Evidence가 필요한 항목은 미검증이며 Source 미구현/부분 구현과 구분한다.
BAT-CALL-ASYNC,Batch/Center-Cut,cpf-batch; cpf-local-batch-runtime; cpf-admin/src/main/java/com/cpf/admin/opr/controller/AdmBatchController.java,완료,b8941577b99535ff3e64a4fad99b74bafa544227 기준선 구현 유지 + 20260729_04 Root Overlay Source/SQL/API/Test/Guide 보강,cpf-tools/verification/20260729_04/check_final_source_closure.py,BATCH_MULTI_PROCESS_RUNTIME,미검증,Codex 검수 전용,실행 Evidence가 필요한 항목은 미검증이며 Source 미구현/부분 구현과 구분한다.
BAT-SHARED,Batch/Center-Cut,cpf-batch; cpf-local-batch-runtime; cpf-admin/src/main/java/com/cpf/admin/opr/controller/AdmBatchController.java,완료,b8941577b99535ff3e64a4fad99b74bafa544227 기준선 구현 유지 + 20260729_04 Root Overlay Source/SQL/API/Test/Guide 보강,cpf-tools/verification/20260729_04/check_final_source_closure.py,BATCH_MULTI_PROCESS_RUNTIME,미검증,Codex 검수 전용,실행 Evidence가 필요한 항목은 미검증이며 Source 미구현/부분 구현과 구분한다.
CENTER-CORE,Batch/Center-Cut,cpf-batch; cpf-local-batch-runtime; cpf-admin/src/main/java/com/cpf/admin/opr/controller/AdmBatchController.java,완료,b8941577b99535ff3e64a4fad99b74bafa544227 기준선 구현 유지 + 20260729_04 Root Overlay Source/SQL/API/Test/Guide 보강,cpf-tools/verification/20260729_04/check_final_source_closure.py,BATCH_MULTI_PROCESS_RUNTIME,미검증,Codex 검수 전용,실행 Evidence가 필요한 항목은 미검증이며 Source 미구현/부분 구현과 구분한다.
CENTER-RUNNER,Batch/Center-Cut,cpf-batch; cpf-local-batch-runtime; cpf-admin/src/main/java/com/cpf/admin/opr/controller/AdmBatchController.java,완료,b8941577b99535ff3e64a4fad99b74bafa544227 기준선 구현 유지 + 20260729_04 Root Overlay Source/SQL/API/Test/Guide 보강,cpf-tools/verification/20260729_04/check_final_source_closure.py,BATCH_MULTI_PROCESS_RUNTIME,미검증,Codex 검수 전용,실행 Evidence가 필요한 항목은 미검증이며 Source 미구현/부분 구현과 구분한다.
CENTER-PARAM,Batch/Center-Cut,cpf-batch; cpf-local-batch-runtime; cpf-admin/src/main/java/com/cpf/admin/opr/controller/AdmBatchController.java,완료,b8941577b99535ff3e64a4fad99b74bafa544227 기준선 구현 유지 + 20260729_04 Root Overlay Source/SQL/API/Test/Guide 보강,cpf-tools/verification/20260729_04/check_final_source_closure.py,BATCH_MULTI_PROCESS_RUNTIME,미검증,Codex 검수 전용,실행 Evidence가 필요한 항목은 미검증이며 Source 미구현/부분 구현과 구분한다.
CENTER-CLAIM,Batch/Center-Cut,cpf-batch; cpf-local-batch-runtime; cpf-admin/src/main/java/com/cpf/admin/opr/controller/AdmBatchController.java,완료,b8941577b99535ff3e64a4fad99b74bafa544227 기준선 구현 유지 + 20260729_04 Root Overlay Source/SQL/API/Test/Guide 보강,cpf-tools/verification/20260729_04/check_final_source_closure.py,BATCH_MULTI_PROCESS_RUNTIME,미검증,Codex 검수 전용,실행 Evidence가 필요한 항목은 미검증이며 Source 미구현/부분 구현과 구분한다.
CENTER-RATE,Batch/Center-Cut,cpf-batch; cpf-local-batch-runtime; cpf-admin/src/main/java/com/cpf/admin/opr/controller/AdmBatchController.java,완료,b8941577b99535ff3e64a4fad99b74bafa544227 기준선 구현 유지 + 20260729_04 Root Overlay Source/SQL/API/Test/Guide 보강,cpf-tools/verification/20260729_04/check_final_source_closure.py,BATCH_MULTI_PROCESS_RUNTIME,미검증,Codex 검수 전용,실행 Evidence가 필요한 항목은 미검증이며 Source 미구현/부분 구현과 구분한다.
CENTER-REPROCESS,Batch/Center-Cut,cpf-batch; cpf-local-batch-runtime; cpf-admin/src/main/java/com/cpf/admin/opr/controller/AdmBatchController.java,완료,b8941577b99535ff3e64a4fad99b74bafa544227 기준선 구현 유지 + 20260729_04 Root Overlay Source/SQL/API/Test/Guide 보강,cpf-tools/verification/20260729_04/check_final_source_closure.py,BATCH_MULTI_PROCESS_RUNTIME,미검증,Codex 검수 전용,실행 Evidence가 필요한 항목은 미검증이며 Source 미구현/부분 구현과 구분한다.
CENTER-UNKNOWN,Batch/Center-Cut,cpf-batch; cpf-local-batch-runtime; cpf-admin/src/main/java/com/cpf/admin/opr/controller/AdmBatchController.java,완료,b8941577b99535ff3e64a4fad99b74bafa544227 기준선 구현 유지 + 20260729_04 Root Overlay Source/SQL/API/Test/Guide 보강,cpf-tools/verification/20260729_04/check_final_source_closure.py,BATCH_MULTI_PROCESS_RUNTIME,미검증,Codex 검수 전용,실행 Evidence가 필요한 항목은 미검증이며 Source 미구현/부분 구현과 구분한다.
CENTER-OPS,Batch/Center-Cut,cpf-batch; cpf-local-batch-runtime; cpf-admin/src/main/java/com/cpf/admin/opr/controller/AdmBatchController.java,완료,b8941577b99535ff3e64a4fad99b74bafa544227 기준선 구현 유지 + 20260729_04 Root Overlay Source/SQL/API/Test/Guide 보강,cpf-tools/verification/20260729_04/check_final_source_closure.py,BATCH_MULTI_PROCESS_RUNTIME,미검증,Codex 검수 전용,실행 Evidence가 필요한 항목은 미검증이며 Source 미구현/부분 구현과 구분한다.
ADM-AUTH,Admin/Security/Operations,cpf-admin; cpf-core/src/main/java/com/cpf/core/api/runtimecontrol,완료,b8941577b99535ff3e64a4fad99b74bafa544227 기준선 구현 유지 + 20260729_04 Root Overlay Source/SQL/API/Test/Guide 보강,cpf-tools/verification/20260729_04/check_final_source_closure.py,BUILD_DB_BROWSER_RUNTIME,미검증,Codex 검수 전용,실행 Evidence가 필요한 항목은 미검증이며 Source 미구현/부분 구현과 구분한다.
ADM-RBAC,Admin/Security/Operations,cpf-admin; cpf-core/src/main/java/com/cpf/core/api/runtimecontrol,완료,b8941577b99535ff3e64a4fad99b74bafa544227 기준선 구현 유지 + 20260729_04 Root Overlay Source/SQL/API/Test/Guide 보강,cpf-tools/verification/20260729_04/check_final_source_closure.py,BUILD_DB_BROWSER_RUNTIME,미검증,Codex 검수 전용,실행 Evidence가 필요한 항목은 미검증이며 Source 미구현/부분 구현과 구분한다.
ADM-AUDIT,Admin/Security/Operations,cpf-admin; cpf-core/src/main/java/com/cpf/core/api/runtimecontrol,완료,b8941577b99535ff3e64a4fad99b74bafa544227 기준선 구현 유지 + 20260729_04 Root Overlay Source/SQL/API/Test/Guide 보강,cpf-tools/verification/20260729_04/check_final_source_closure.py,BUILD_DB_BROWSER_RUNTIME,미검증,Codex 검수 전용,실행 Evidence가 필요한 항목은 미검증이며 Source 미구현/부분 구현과 구분한다.
ADM-TX,Admin/Security/Operations,cpf-admin; cpf-core/src/main/java/com/cpf/core/api/runtimecontrol,완료,b8941577b99535ff3e64a4fad99b74bafa544227 기준선 구현 유지 + 20260729_04 Root Overlay Source/SQL/API/Test/Guide 보강,cpf-tools/verification/20260729_04/check_final_source_closure.py,BUILD_DB_BROWSER_RUNTIME,미검증,Codex 검수 전용,실행 Evidence가 필요한 항목은 미검증이며 Source 미구현/부분 구현과 구분한다.
ADM-TIMELINE,Admin/Security/Operations,cpf-admin; cpf-core/src/main/java/com/cpf/core/api/runtimecontrol,완료,b8941577b99535ff3e64a4fad99b74bafa544227 기준선 구현 유지 + 20260729_04 Root Overlay Source/SQL/API/Test/Guide 보강,cpf-tools/verification/20260729_04/check_final_source_closure.py,BUILD_DB_BROWSER_RUNTIME,미검증,Codex 검수 전용,실행 Evidence가 필요한 항목은 미검증이며 Source 미구현/부분 구현과 구분한다.
ADM-SERVICE,Admin/Security/Operations,cpf-admin; cpf-core/src/main/java/com/cpf/core/api/runtimecontrol,완료,b8941577b99535ff3e64a4fad99b74bafa544227 기준선 구현 유지 + 20260729_04 Root Overlay Source/SQL/API/Test/Guide 보강,cpf-tools/verification/20260729_04/check_final_source_closure.py,BUILD_DB_BROWSER_RUNTIME,미검증,Codex 검수 전용,실행 Evidence가 필요한 항목은 미검증이며 Source 미구현/부분 구현과 구분한다.
ADM-LOG,Admin/Security/Operations,cpf-admin; cpf-core/src/main/java/com/cpf/core/api/runtimecontrol,완료,b8941577b99535ff3e64a4fad99b74bafa544227 기준선 구현 유지 + 20260729_04 Root Overlay Source/SQL/API/Test/Guide 보강,cpf-tools/verification/20260729_04/check_final_source_closure.py,BUILD_DB_BROWSER_RUNTIME,미검증,Codex 검수 전용,실행 Evidence가 필요한 항목은 미검증이며 Source 미구현/부분 구현과 구분한다.
ADM-BATCH,Admin/Security/Operations,cpf-admin; cpf-core/src/main/java/com/cpf/core/api/runtimecontrol,완료,b8941577b99535ff3e64a4fad99b74bafa544227 기준선 구현 유지 + 20260729_04 Root Overlay Source/SQL/API/Test/Guide 보강,cpf-tools/verification/20260729_04/check_final_source_closure.py,BUILD_DB_BROWSER_RUNTIME,미검증,Codex 검수 전용,실행 Evidence가 필요한 항목은 미검증이며 Source 미구현/부분 구현과 구분한다.
ADM-CENTER,Admin/Security/Operations,cpf-admin; cpf-core/src/main/java/com/cpf/core/api/runtimecontrol,완료,b8941577b99535ff3e64a4fad99b74bafa544227 기준선 구현 유지 + 20260729_04 Root Overlay Source/SQL/API/Test/Guide 보강,cpf-tools/verification/20260729_04/check_final_source_closure.py,BUILD_DB_BROWSER_RUNTIME,미검증,Codex 검수 전용,실행 Evidence가 필요한 항목은 미검증이며 Source 미구현/부분 구현과 구분한다.
ADM-AGENT,Admin/Security/Operations,cpf-admin; cpf-core/src/main/java/com/cpf/core/api/runtimecontrol,완료,b8941577b99535ff3e64a4fad99b74bafa544227 기준선 구현 유지 + 20260729_04 Root Overlay Source/SQL/API/Test/Guide 보강,cpf-tools/verification/20260729_04/check_final_source_closure.py,BUILD_DB_BROWSER_RUNTIME,미검증,Codex 검수 전용,실행 Evidence가 필요한 항목은 미검증이며 Source 미구현/부분 구현과 구분한다.
ADM-EXS,Admin/Security/Operations,cpf-admin; cpf-core/src/main/java/com/cpf/core/api/runtimecontrol,완료,b8941577b99535ff3e64a4fad99b74bafa544227 기준선 구현 유지 + 20260729_04 Root Overlay Source/SQL/API/Test/Guide 보강,cpf-tools/verification/20260729_04/check_final_source_closure.py,BUILD_DB_BROWSER_RUNTIME,미검증,Codex 검수 전용,실행 Evidence가 필요한 항목은 미검증이며 Source 미구현/부분 구현과 구분한다.
ADM-RECOVERY,Admin/Security/Operations,cpf-admin; cpf-core/src/main/java/com/cpf/core/api/runtimecontrol,완료,b8941577b99535ff3e64a4fad99b74bafa544227 기준선 구현 유지 + 20260729_04 Root Overlay Source/SQL/API/Test/Guide 보강,cpf-tools/verification/20260729_04/check_final_source_closure.py,BUILD_DB_BROWSER_RUNTIME,미검증,Codex 검수 전용,실행 Evidence가 필요한 항목은 미검증이며 Source 미구현/부분 구현과 구분한다.
ADM-INCIDENT,Admin/Security/Operations,cpf-admin; cpf-core/src/main/java/com/cpf/core/api/runtimecontrol,완료,b8941577b99535ff3e64a4fad99b74bafa544227 기준선 구현 유지 + 20260729_04 Root Overlay Source/SQL/API/Test/Guide 보강,cpf-tools/verification/20260729_04/check_final_source_closure.py,BUILD_DB_BROWSER_RUNTIME,미검증,Codex 검수 전용,실행 Evidence가 필요한 항목은 미검증이며 Source 미구현/부분 구현과 구분한다.
ADM-UX,Admin/Security/Operations,cpf-admin; cpf-core/src/main/java/com/cpf/core/api/runtimecontrol,완료,b8941577b99535ff3e64a4fad99b74bafa544227 기준선 구현 유지 + 20260729_04 Root Overlay Source/SQL/API/Test/Guide 보강,cpf-tools/verification/20260729_04/check_final_source_closure.py,BUILD_DB_BROWSER_RUNTIME,미검증,Codex 검수 전용,실행 Evidence가 필요한 항목은 미검증이며 Source 미구현/부분 구현과 구분한다.
ADM-APPROVAL,Admin/Security/Operations,cpf-admin; cpf-core/src/main/java/com/cpf/core/api/runtimecontrol,완료,b8941577b99535ff3e64a4fad99b74bafa544227 기준선 구현 유지 + 20260729_04 Root Overlay Source/SQL/API/Test/Guide 보강,cpf-tools/verification/20260729_04/check_final_source_closure.py,BUILD_DB_BROWSER_RUNTIME,미검증,Codex 검수 전용,실행 Evidence가 필요한 항목은 미검증이며 Source 미구현/부분 구현과 구분한다.
BZA-BUSINESS,Admin/Security/Operations,cpf-biz-admin; cpf-tools/db/metadata/bza-permission-manifest.json,완료,b8941577b99535ff3e64a4fad99b74bafa544227 기준선 구현 유지 + 20260729_04 Root Overlay Source/SQL/API/Test/Guide 보강,cpf-tools/verification/20260729_04/check_final_source_closure.py,BUILD_DB_BROWSER_RUNTIME,미검증,Codex 검수 전용,실행 Evidence가 필요한 항목은 미검증이며 Source 미구현/부분 구현과 구분한다.
BZA-ORG,Admin/Security/Operations,cpf-biz-admin; cpf-tools/db/metadata/bza-permission-manifest.json,완료,b8941577b99535ff3e64a4fad99b74bafa544227 기준선 구현 유지 + 20260729_04 Root Overlay Source/SQL/API/Test/Guide 보강,cpf-tools/verification/20260729_04/check_final_source_closure.py,BUILD_DB_BROWSER_RUNTIME,미검증,Codex 검수 전용,실행 Evidence가 필요한 항목은 미검증이며 Source 미구현/부분 구현과 구분한다.
BZA-APPROVAL,Admin/Security/Operations,cpf-biz-admin; cpf-tools/db/metadata/bza-permission-manifest.json,완료,b8941577b99535ff3e64a4fad99b74bafa544227 기준선 구현 유지 + 20260729_04 Root Overlay Source/SQL/API/Test/Guide 보강,cpf-tools/verification/20260729_04/check_final_source_closure.py,BUILD_DB_BROWSER_RUNTIME,미검증,Codex 검수 전용,실행 Evidence가 필요한 항목은 미검증이며 Source 미구현/부분 구현과 구분한다.
BZA-SEQUENCE-SAMPLE,Admin/Security/Operations,cpf-biz-admin; cpf-tools/db/metadata/bza-permission-manifest.json,완료,b8941577b99535ff3e64a4fad99b74bafa544227 기준선 구현 유지 + 20260729_04 Root Overlay Source/SQL/API/Test/Guide 보강,cpf-tools/verification/20260729_04/check_final_source_closure.py,BUILD_DB_BROWSER_RUNTIME,미검증,Codex 검수 전용,실행 Evidence가 필요한 항목은 미검증이며 Source 미구현/부분 구현과 구분한다.
SEC-AUTHN,Admin/Security/Operations,cpf-core/src/main/java/com/cpf/core/api/security; cpf-admin; cpf-biz-admin,완료,b8941577b99535ff3e64a4fad99b74bafa544227 기준선 구현 유지 + 20260729_04 Root Overlay Source/SQL/API/Test/Guide 보강,cpf-tools/verification/20260729_04/check_final_source_closure.py,BUILD_TEST_RUNTIME,미검증,Codex 검수 전용,실행 Evidence가 필요한 항목은 미검증이며 Source 미구현/부분 구현과 구분한다.
SEC-AUTHZ,Admin/Security/Operations,cpf-core/src/main/java/com/cpf/core/api/security; cpf-admin; cpf-biz-admin,완료,b8941577b99535ff3e64a4fad99b74bafa544227 기준선 구현 유지 + 20260729_04 Root Overlay Source/SQL/API/Test/Guide 보강,cpf-tools/verification/20260729_04/check_final_source_closure.py,BUILD_TEST_RUNTIME,미검증,Codex 검수 전용,실행 Evidence가 필요한 항목은 미검증이며 Source 미구현/부분 구현과 구분한다.
SEC-SECRET,Admin/Security/Operations,cpf-core/src/main/java/com/cpf/core/api/security; cpf-admin; cpf-biz-admin,완료,b8941577b99535ff3e64a4fad99b74bafa544227 기준선 구현 유지 + 20260729_04 Root Overlay Source/SQL/API/Test/Guide 보강,cpf-tools/verification/20260729_04/check_final_source_closure.py,BUILD_TEST_RUNTIME,미검증,Codex 검수 전용,실행 Evidence가 필요한 항목은 미검증이며 Source 미구현/부분 구현과 구분한다.
SEC-CERT,Admin/Security/Operations,cpf-core/src/main/java/com/cpf/core/api/security; cpf-admin; cpf-biz-admin,완료,b8941577b99535ff3e64a4fad99b74bafa544227 기준선 구현 유지 + 20260729_04 Root Overlay Source/SQL/API/Test/Guide 보강,cpf-tools/verification/20260729_04/check_final_source_closure.py,BUILD_TEST_RUNTIME,미검증,Codex 검수 전용,실행 Evidence가 필요한 항목은 미검증이며 Source 미구현/부분 구현과 구분한다.
SEC-PRIVACY,Admin/Security/Operations,cpf-core/src/main/java/com/cpf/core/api/security; cpf-admin; cpf-biz-admin,완료,b8941577b99535ff3e64a4fad99b74bafa544227 기준선 구현 유지 + 20260729_04 Root Overlay Source/SQL/API/Test/Guide 보강,cpf-tools/verification/20260729_04/check_final_source_closure.py,BUILD_TEST_RUNTIME,미검증,Codex 검수 전용,실행 Evidence가 필요한 항목은 미검증이며 Source 미구현/부분 구현과 구분한다.
SEC-DOWNLOAD,Admin/Security/Operations,cpf-core/src/main/java/com/cpf/core/api/security; cpf-admin; cpf-biz-admin,완료,b8941577b99535ff3e64a4fad99b74bafa544227 기준선 구현 유지 + 20260729_04 Root Overlay Source/SQL/API/Test/Guide 보강,cpf-tools/verification/20260729_04/check_final_source_closure.py,BUILD_TEST_RUNTIME,미검증,Codex 검수 전용,실행 Evidence가 필요한 항목은 미검증이며 Source 미구현/부분 구현과 구분한다.
SEC-APP,Admin/Security/Operations,cpf-core/src/main/java/com/cpf/core/api/security; cpf-admin; cpf-biz-admin,완료,b8941577b99535ff3e64a4fad99b74bafa544227 기준선 구현 유지 + 20260729_04 Root Overlay Source/SQL/API/Test/Guide 보강,cpf-tools/verification/20260729_04/check_final_source_closure.py,BUILD_TEST_RUNTIME,미검증,Codex 검수 전용,실행 Evidence가 필요한 항목은 미검증이며 Source 미구현/부분 구현과 구분한다.
SEC-APPROVAL,Admin/Security/Operations,cpf-core/src/main/java/com/cpf/core/api/security; cpf-admin; cpf-biz-admin,완료,b8941577b99535ff3e64a4fad99b74bafa544227 기준선 구현 유지 + 20260729_04 Root Overlay Source/SQL/API/Test/Guide 보강,cpf-tools/verification/20260729_04/check_final_source_closure.py,BUILD_TEST_RUNTIME,미검증,Codex 검수 전용,실행 Evidence가 필요한 항목은 미검증이며 Source 미구현/부분 구현과 구분한다.
SEC-AUDIT,Admin/Security/Operations,cpf-core/src/main/java/com/cpf/core/api/security; cpf-admin; cpf-biz-admin,완료,b8941577b99535ff3e64a4fad99b74bafa544227 기준선 구현 유지 + 20260729_04 Root Overlay Source/SQL/API/Test/Guide 보강,cpf-tools/verification/20260729_04/check_final_source_closure.py,BUILD_TEST_RUNTIME,미검증,Codex 검수 전용,실행 Evidence가 필요한 항목은 미검증이며 Source 미구현/부분 구현과 구분한다.
OPS-METRIC,Admin/Security/Operations,cpf-admin; cpf-core/src/main/java/com/cpf/core/api/observability; deploy,완료,b8941577b99535ff3e64a4fad99b74bafa544227 기준선 구현 유지 + 20260729_04 Root Overlay Source/SQL/API/Test/Guide 보강,cpf-tools/verification/20260729_04/check_final_source_closure.py,BUILD_TEST_RUNTIME,미검증,Codex 검수 전용,실행 Evidence가 필요한 항목은 미검증이며 Source 미구현/부분 구현과 구분한다.
OPS-SLO,Admin/Security/Operations,cpf-admin; cpf-core/src/main/java/com/cpf/core/api/observability; deploy,완료,b8941577b99535ff3e64a4fad99b74bafa544227 기준선 구현 유지 + 20260729_04 Root Overlay Source/SQL/API/Test/Guide 보강,cpf-tools/verification/20260729_04/check_final_source_closure.py,BUILD_TEST_RUNTIME,미검증,Codex 검수 전용,실행 Evidence가 필요한 항목은 미검증이며 Source 미구현/부분 구현과 구분한다.
OPS-ALERT,Admin/Security/Operations,cpf-admin; cpf-core/src/main/java/com/cpf/core/api/observability; deploy,완료,b8941577b99535ff3e64a4fad99b74bafa544227 기준선 구현 유지 + 20260729_04 Root Overlay Source/SQL/API/Test/Guide 보강,cpf-tools/verification/20260729_04/check_final_source_closure.py,BUILD_TEST_RUNTIME,미검증,Codex 검수 전용,실행 Evidence가 필요한 항목은 미검증이며 Source 미구현/부분 구현과 구분한다.
OPS-INCIDENT,Admin/Security/Operations,cpf-admin; cpf-core/src/main/java/com/cpf/core/api/observability; deploy,완료,b8941577b99535ff3e64a4fad99b74bafa544227 기준선 구현 유지 + 20260729_04 Root Overlay Source/SQL/API/Test/Guide 보강,cpf-tools/verification/20260729_04/check_final_source_closure.py,BUILD_TEST_RUNTIME,미검증,Codex 검수 전용,실행 Evidence가 필요한 항목은 미검증이며 Source 미구현/부분 구현과 구분한다.
OPS-RUNBOOK,Admin/Security/Operations,cpf-admin; cpf-core/src/main/java/com/cpf/core/api/observability; deploy,완료,b8941577b99535ff3e64a4fad99b74bafa544227 기준선 구현 유지 + 20260729_04 Root Overlay Source/SQL/API/Test/Guide 보강,cpf-tools/verification/20260729_04/check_final_source_closure.py,BUILD_TEST_RUNTIME,미검증,Codex 검수 전용,실행 Evidence가 필요한 항목은 미검증이며 Source 미구현/부분 구현과 구분한다.
OPS-SELF,Admin/Security/Operations,cpf-admin; cpf-core/src/main/java/com/cpf/core/api/observability; deploy,완료,b8941577b99535ff3e64a4fad99b74bafa544227 기준선 구현 유지 + 20260729_04 Root Overlay Source/SQL/API/Test/Guide 보강,cpf-tools/verification/20260729_04/check_final_source_closure.py,BUILD_TEST_RUNTIME,미검증,Codex 검수 전용,실행 Evidence가 필요한 항목은 미검증이며 Source 미구현/부분 구현과 구분한다.
OPS-TOPOLOGY,Admin/Security/Operations,cpf-admin; cpf-core/src/main/java/com/cpf/core/api/observability; deploy,완료,b8941577b99535ff3e64a4fad99b74bafa544227 기준선 구현 유지 + 20260729_04 Root Overlay Source/SQL/API/Test/Guide 보강,cpf-tools/verification/20260729_04/check_final_source_closure.py,BUILD_TEST_RUNTIME,미검증,Codex 검수 전용,실행 Evidence가 필요한 항목은 미검증이며 Source 미구현/부분 구현과 구분한다.
OPS-MAINT,Admin/Security/Operations,cpf-admin; cpf-core/src/main/java/com/cpf/core/api/observability; deploy,완료,b8941577b99535ff3e64a4fad99b74bafa544227 기준선 구현 유지 + 20260729_04 Root Overlay Source/SQL/API/Test/Guide 보강,cpf-tools/verification/20260729_04/check_final_source_closure.py,BUILD_TEST_RUNTIME,미검증,Codex 검수 전용,실행 Evidence가 필요한 항목은 미검증이며 Source 미구현/부분 구현과 구분한다.
OPS-CONFIG,Admin/Security/Operations,cpf-admin; cpf-core/src/main/java/com/cpf/core/api/observability; deploy,완료,b8941577b99535ff3e64a4fad99b74bafa544227 기준선 구현 유지 + 20260729_04 Root Overlay Source/SQL/API/Test/Guide 보강,cpf-tools/verification/20260729_04/check_final_source_closure.py,BUILD_TEST_RUNTIME,미검증,Codex 검수 전용,실행 Evidence가 필요한 항목은 미검증이며 Source 미구현/부분 구현과 구분한다.
OPS-DRIFT,Admin/Security/Operations,cpf-admin; cpf-core/src/main/java/com/cpf/core/api/observability; deploy,완료,b8941577b99535ff3e64a4fad99b74bafa544227 기준선 구현 유지 + 20260729_04 Root Overlay Source/SQL/API/Test/Guide 보강,cpf-tools/verification/20260729_04/check_final_source_closure.py,BUILD_TEST_RUNTIME,미검증,Codex 검수 전용,실행 Evidence가 필요한 항목은 미검증이며 Source 미구현/부분 구현과 구분한다.
OPS-CAPACITY,Admin/Security/Operations,cpf-admin; cpf-core/src/main/java/com/cpf/core/api/observability; deploy,완료,b8941577b99535ff3e64a4fad99b74bafa544227 기준선 구현 유지 + 20260729_04 Root Overlay Source/SQL/API/Test/Guide 보강,cpf-tools/verification/20260729_04/check_final_source_closure.py,BUILD_TEST_RUNTIME,미검증,Codex 검수 전용,실행 Evidence가 필요한 항목은 미검증이며 Source 미구현/부분 구현과 구분한다.
OPS-DR,Admin/Security/Operations,cpf-admin; cpf-core/src/main/java/com/cpf/core/api/observability; deploy,완료,b8941577b99535ff3e64a4fad99b74bafa544227 기준선 구현 유지 + 20260729_04 Root Overlay Source/SQL/API/Test/Guide 보강,cpf-tools/verification/20260729_04/check_final_source_closure.py,BUILD_TEST_RUNTIME,미검증,Codex 검수 전용,실행 Evidence가 필요한 항목은 미검증이며 Source 미구현/부분 구현과 구분한다.
DEVEX-QUICK,Generator/EDU/API/Quality/Productization,cpf-tools/generator/create-domain.ps1; cpf-tools/scripts; cpf-docs/guides,완료,b8941577b99535ff3e64a4fad99b74bafa544227 기준선 구현 유지 + 20260729_04 Root Overlay Source/SQL/API/Test/Guide 보강,cpf-tools/verification/20260729_04/check_final_source_closure.py,BUILD_TEST_RUNTIME,미검증,Codex 검수 전용,실행 Evidence가 필요한 항목은 미검증이며 Source 미구현/부분 구현과 구분한다.
DEVEX-CODEGEN,Generator/EDU/API/Quality/Productization,cpf-tools/generator/create-domain.ps1; cpf-tools/scripts; cpf-docs/guides,완료,b8941577b99535ff3e64a4fad99b74bafa544227 기준선 구현 유지 + 20260729_04 Root Overlay Source/SQL/API/Test/Guide 보강,cpf-tools/verification/20260729_04/check_final_source_closure.py,STATIC_AND_EXACT_SHA_REVIEW,정적 검증 완료,Codex 검수 전용,실행 Evidence가 필요한 항목은 미검증이며 Source 미구현/부분 구현과 구분한다.
DEVEX-COMMENT,Generator/EDU/API/Quality/Productization,cpf-tools/generator/create-domain.ps1; cpf-tools/scripts; cpf-docs/guides,완료,b8941577b99535ff3e64a4fad99b74bafa544227 기준선 구현 유지 + 20260729_04 Root Overlay Source/SQL/API/Test/Guide 보강,cpf-tools/verification/20260729_04/check_final_source_closure.py,BUILD_TEST_RUNTIME,미검증,Codex 검수 전용,실행 Evidence가 필요한 항목은 미검증이며 Source 미구현/부분 구현과 구분한다.
ONBOARD-DOMAIN,Generator/EDU/API/Quality/Productization,cpf-tools/generator/create-domain.ps1; cpf-tools/scripts; cpf-docs/guides,완료,b8941577b99535ff3e64a4fad99b74bafa544227 기준선 구현 유지 + 20260729_04 Root Overlay Source/SQL/API/Test/Guide 보강,cpf-tools/verification/20260729_04/check_final_source_closure.py,BUILD_TEST_RUNTIME,미검증,Codex 검수 전용,실행 Evidence가 필요한 항목은 미검증이며 Source 미구현/부분 구현과 구분한다.
SAMPLE-ACC,Generator/EDU/API/Quality/Productization,cpf-account; cpf-member; cpf-reference; cpf-biz-admin; cpf-tools/generator,완료,b8941577b99535ff3e64a4fad99b74bafa544227 기준선 구현 유지 + 20260729_04 Root Overlay Source/SQL/API/Test/Guide 보강,cpf-tools/verification/20260729_04/check_final_source_closure.py,BUILD_TEST_RUNTIME,미검증,Codex 검수 전용,실행 Evidence가 필요한 항목은 미검증이며 Source 미구현/부분 구현과 구분한다.
SAMPLE-MBR,Generator/EDU/API/Quality/Productization,cpf-account; cpf-member; cpf-reference; cpf-biz-admin; cpf-tools/generator,완료,b8941577b99535ff3e64a4fad99b74bafa544227 기준선 구현 유지 + 20260729_04 Root Overlay Source/SQL/API/Test/Guide 보강,cpf-tools/verification/20260729_04/check_final_source_closure.py,BUILD_TEST_RUNTIME,미검증,Codex 검수 전용,실행 Evidence가 필요한 항목은 미검증이며 Source 미구현/부분 구현과 구분한다.
SAMPLE-REF,Generator/EDU/API/Quality/Productization,cpf-account; cpf-member; cpf-reference; cpf-biz-admin; cpf-tools/generator,완료,b8941577b99535ff3e64a4fad99b74bafa544227 기준선 구현 유지 + 20260729_04 Root Overlay Source/SQL/API/Test/Guide 보강,cpf-tools/verification/20260729_04/check_final_source_closure.py,BUILD_TEST_RUNTIME,미검증,Codex 검수 전용,실행 Evidence가 필요한 항목은 미검증이며 Source 미구현/부분 구현과 구분한다.
SAMPLE-BIZADM,Generator/EDU/API/Quality/Productization,cpf-account; cpf-member; cpf-reference; cpf-biz-admin; cpf-tools/generator,완료,b8941577b99535ff3e64a4fad99b74bafa544227 기준선 구현 유지 + 20260729_04 Root Overlay Source/SQL/API/Test/Guide 보강,cpf-tools/verification/20260729_04/check_final_source_closure.py,BUILD_TEST_RUNTIME,미검증,Codex 검수 전용,실행 Evidence가 필요한 항목은 미검증이며 Source 미구현/부분 구현과 구분한다.
SAMPLE-EDU,Generator/EDU/API/Quality/Productization,cpf-account; cpf-member; cpf-reference; cpf-biz-admin; cpf-tools/generator,완료,b8941577b99535ff3e64a4fad99b74bafa544227 기준선 구현 유지 + 20260729_04 Root Overlay Source/SQL/API/Test/Guide 보강,cpf-tools/verification/20260729_04/check_final_source_closure.py,BUILD_TEST_RUNTIME,미검증,Codex 검수 전용,실행 Evidence가 필요한 항목은 미검증이며 Source 미구현/부분 구현과 구분한다.
API-CONTRACT,Generator/EDU/API/Quality/Productization,cpf-core/src/main/java/com/cpf/core/api; cpf-admin; cpf-common,완료,b8941577b99535ff3e64a4fad99b74bafa544227 기준선 구현 유지 + 20260729_04 Root Overlay Source/SQL/API/Test/Guide 보강,cpf-tools/verification/20260729_04/check_final_source_closure.py,BUILD_TEST_RUNTIME,미검증,Codex 검수 전용,실행 Evidence가 필요한 항목은 미검증이며 Source 미구현/부분 구현과 구분한다.
API-PAGING,Generator/EDU/API/Quality/Productization,cpf-core/src/main/java/com/cpf/core/api; cpf-admin; cpf-common,완료,b8941577b99535ff3e64a4fad99b74bafa544227 기준선 구현 유지 + 20260729_04 Root Overlay Source/SQL/API/Test/Guide 보강,cpf-tools/verification/20260729_04/check_final_source_closure.py,BUILD_TEST_RUNTIME,미검증,Codex 검수 전용,실행 Evidence가 필요한 항목은 미검증이며 Source 미구현/부분 구현과 구분한다.
API-ASYNC,Generator/EDU/API/Quality/Productization,cpf-core/src/main/java/com/cpf/core/api; cpf-admin; cpf-common,완료,b8941577b99535ff3e64a4fad99b74bafa544227 기준선 구현 유지 + 20260729_04 Root Overlay Source/SQL/API/Test/Guide 보강,cpf-tools/verification/20260729_04/check_final_source_closure.py,BUILD_TEST_RUNTIME,미검증,Codex 검수 전용,실행 Evidence가 필요한 항목은 미검증이며 Source 미구현/부분 구현과 구분한다.
API-FILE,Generator/EDU/API/Quality/Productization,cpf-core/src/main/java/com/cpf/core/api; cpf-admin; cpf-common,완료,b8941577b99535ff3e64a4fad99b74bafa544227 기준선 구현 유지 + 20260729_04 Root Overlay Source/SQL/API/Test/Guide 보강,cpf-tools/verification/20260729_04/check_final_source_closure.py,BUILD_TEST_RUNTIME,미검증,Codex 검수 전용,실행 Evidence가 필요한 항목은 미검증이며 Source 미구현/부분 구현과 구분한다.
RULE-ARCH,Generator/EDU/API/Quality/Productization,.github/workflows/cpf-final-source-gates.yml; cpf-tools/scripts; cpf-tools/verification; **/src/test,완료,b8941577b99535ff3e64a4fad99b74bafa544227 기준선 구현 유지 + 20260729_04 Root Overlay Source/SQL/API/Test/Guide 보강,cpf-tools/verification/20260729_04/check_final_source_closure.py,STATIC_AND_EXACT_SHA_REVIEW,정적 검증 완료,Codex 검수 전용,실행 Evidence가 필요한 항목은 미검증이며 Source 미구현/부분 구현과 구분한다.
RULE-SEC,Generator/EDU/API/Quality/Productization,.github/workflows/cpf-final-source-gates.yml; cpf-tools/scripts; cpf-tools/verification; **/src/test,완료,b8941577b99535ff3e64a4fad99b74bafa544227 기준선 구현 유지 + 20260729_04 Root Overlay Source/SQL/API/Test/Guide 보강,cpf-tools/verification/20260729_04/check_final_source_closure.py,STATIC_AND_EXACT_SHA_REVIEW,정적 검증 완료,Codex 검수 전용,실행 Evidence가 필요한 항목은 미검증이며 Source 미구현/부분 구현과 구분한다.
RULE-QUALITY,Generator/EDU/API/Quality/Productization,.github/workflows/cpf-final-source-gates.yml; cpf-tools/scripts; cpf-tools/verification; **/src/test,완료,b8941577b99535ff3e64a4fad99b74bafa544227 기준선 구현 유지 + 20260729_04 Root Overlay Source/SQL/API/Test/Guide 보강,cpf-tools/verification/20260729_04/check_final_source_closure.py,STATIC_AND_EXACT_SHA_REVIEW,정적 검증 완료,Codex 검수 전용,실행 Evidence가 필요한 항목은 미검증이며 Source 미구현/부분 구현과 구분한다.
TEST-UNIT,Generator/EDU/API/Quality/Productization,.github/workflows/cpf-final-source-gates.yml; cpf-tools/scripts; cpf-tools/verification; **/src/test,완료,b8941577b99535ff3e64a4fad99b74bafa544227 기준선 구현 유지 + 20260729_04 Root Overlay Source/SQL/API/Test/Guide 보강,cpf-tools/verification/20260729_04/check_final_source_closure.py,BUILD_TEST_RUNTIME,미검증,Codex 검수 전용,실행 Evidence가 필요한 항목은 미검증이며 Source 미구현/부분 구현과 구분한다.
TEST-CONTRACT,Generator/EDU/API/Quality/Productization,.github/workflows/cpf-final-source-gates.yml; cpf-tools/scripts; cpf-tools/verification; **/src/test,완료,b8941577b99535ff3e64a4fad99b74bafa544227 기준선 구현 유지 + 20260729_04 Root Overlay Source/SQL/API/Test/Guide 보강,cpf-tools/verification/20260729_04/check_final_source_closure.py,BUILD_TEST_RUNTIME,미검증,Codex 검수 전용,실행 Evidence가 필요한 항목은 미검증이며 Source 미구현/부분 구현과 구분한다.
TEST-RUNTIME,Generator/EDU/API/Quality/Productization,.github/workflows/cpf-final-source-gates.yml; cpf-tools/scripts; cpf-tools/verification; **/src/test,완료,b8941577b99535ff3e64a4fad99b74bafa544227 기준선 구현 유지 + 20260729_04 Root Overlay Source/SQL/API/Test/Guide 보강,cpf-tools/verification/20260729_04/check_final_source_closure.py,BUILD_TEST_RUNTIME,미검증,Codex 검수 전용,실행 Evidence가 필요한 항목은 미검증이며 Source 미구현/부분 구현과 구분한다.
TEST-BROWSER,Generator/EDU/API/Quality/Productization,.github/workflows/cpf-final-source-gates.yml; cpf-tools/scripts; cpf-tools/verification; **/src/test,완료,b8941577b99535ff3e64a4fad99b74bafa544227 기준선 구현 유지 + 20260729_04 Root Overlay Source/SQL/API/Test/Guide 보강,cpf-tools/verification/20260729_04/check_final_source_closure.py,BUILD_TEST_RUNTIME,미검증,Codex 검수 전용,실행 Evidence가 필요한 항목은 미검증이며 Source 미구현/부분 구현과 구분한다.
TEST-BROKER,Generator/EDU/API/Quality/Productization,.github/workflows/cpf-final-source-gates.yml; cpf-tools/scripts; cpf-tools/verification; **/src/test,완료,b8941577b99535ff3e64a4fad99b74bafa544227 기준선 구현 유지 + 20260729_04 Root Overlay Source/SQL/API/Test/Guide 보강,cpf-tools/verification/20260729_04/check_final_source_closure.py,BUILD_TEST_RUNTIME,미검증,Codex 검수 전용,실행 Evidence가 필요한 항목은 미검증이며 Source 미구현/부분 구현과 구분한다.
TEST-FAULT,Generator/EDU/API/Quality/Productization,.github/workflows/cpf-final-source-gates.yml; cpf-tools/scripts; cpf-tools/verification; **/src/test,완료,b8941577b99535ff3e64a4fad99b74bafa544227 기준선 구현 유지 + 20260729_04 Root Overlay Source/SQL/API/Test/Guide 보강,cpf-tools/verification/20260729_04/check_final_source_closure.py,BUILD_TEST_RUNTIME,미검증,Codex 검수 전용,실행 Evidence가 필요한 항목은 미검증이며 Source 미구현/부분 구현과 구분한다.
TEST-EVIDENCE,Generator/EDU/API/Quality/Productization,.github/workflows/cpf-final-source-gates.yml; cpf-tools/scripts; cpf-tools/verification; **/src/test,완료,b8941577b99535ff3e64a4fad99b74bafa544227 기준선 구현 유지 + 20260729_04 Root Overlay Source/SQL/API/Test/Guide 보강,cpf-tools/verification/20260729_04/check_final_source_closure.py,BUILD_TEST_RUNTIME,미검증,Codex 검수 전용,실행 Evidence가 필요한 항목은 미검증이며 Source 미구현/부분 구현과 구분한다.
REL-BUILD,Generator/EDU/API/Quality/Productization,deploy; cpf-tools/scripts; gradle; cpf-tools/build,완료,b8941577b99535ff3e64a4fad99b74bafa544227 기준선 구현 유지 + 20260729_04 Root Overlay Source/SQL/API/Test/Guide 보강,cpf-tools/verification/20260729_04/check_final_source_closure.py,BUILD_TEST_RUNTIME,미검증,Codex 검수 전용,실행 Evidence가 필요한 항목은 미검증이며 Source 미구현/부분 구현과 구분한다.
REL-DEPLOY,Generator/EDU/API/Quality/Productization,deploy; cpf-tools/scripts; gradle; cpf-tools/build,완료,b8941577b99535ff3e64a4fad99b74bafa544227 기준선 구현 유지 + 20260729_04 Root Overlay Source/SQL/API/Test/Guide 보강,cpf-tools/verification/20260729_04/check_final_source_closure.py,BUILD_TEST_RUNTIME,미검증,Codex 검수 전용,실행 Evidence가 필요한 항목은 미검증이며 Source 미구현/부분 구현과 구분한다.
REL-MIG,Generator/EDU/API/Quality/Productization,deploy; cpf-tools/scripts; gradle; cpf-tools/build,완료,b8941577b99535ff3e64a4fad99b74bafa544227 기준선 구현 유지 + 20260729_04 Root Overlay Source/SQL/API/Test/Guide 보강,cpf-tools/verification/20260729_04/check_final_source_closure.py,BUILD_TEST_RUNTIME,미검증,Codex 검수 전용,실행 Evidence가 필요한 항목은 미검증이며 Source 미구현/부분 구현과 구분한다.
REL-COMPAT,Generator/EDU/API/Quality/Productization,deploy; cpf-tools/scripts; gradle; cpf-tools/build,완료,b8941577b99535ff3e64a4fad99b74bafa544227 기준선 구현 유지 + 20260729_04 Root Overlay Source/SQL/API/Test/Guide 보강,cpf-tools/verification/20260729_04/check_final_source_closure.py,BUILD_TEST_RUNTIME,미검증,Codex 검수 전용,실행 Evidence가 필요한 항목은 미검증이며 Source 미구현/부분 구현과 구분한다.
DOC-GOV,Generator/EDU/API/Quality/Productization,cpf-docs/governance; cpf-docs/guides; cpf-docs/work/current; cpf-docs/quality,완료,b8941577b99535ff3e64a4fad99b74bafa544227 기준선 구현 유지 + 20260729_04 Root Overlay Source/SQL/API/Test/Guide 보강,cpf-tools/verification/20260729_04/check_final_source_closure.py,STATIC_AND_EXACT_SHA_REVIEW,정적 검증 완료,Codex 검수 전용,실행 Evidence가 필요한 항목은 미검증이며 Source 미구현/부분 구현과 구분한다.
DOC-PRODUCT,Generator/EDU/API/Quality/Productization,cpf-docs/governance; cpf-docs/guides; cpf-docs/work/current; cpf-docs/quality,완료,b8941577b99535ff3e64a4fad99b74bafa544227 기준선 구현 유지 + 20260729_04 Root Overlay Source/SQL/API/Test/Guide 보강,cpf-tools/verification/20260729_04/check_final_source_closure.py,STATIC_AND_EXACT_SHA_REVIEW,정적 검증 완료,Codex 검수 전용,실행 Evidence가 필요한 항목은 미검증이며 Source 미구현/부분 구현과 구분한다.
PROD-EDITION,Generator/EDU/API/Quality/Productization,cpf-docs/governance; cpf-tools/build; deploy; cpf-core/src/main/java/com/cpf/core/api/feature,완료,b8941577b99535ff3e64a4fad99b74bafa544227 기준선 구현 유지 + 20260729_04 Root Overlay Source/SQL/API/Test/Guide 보강,cpf-tools/verification/20260729_04/check_final_source_closure.py,BUILD_TEST_RUNTIME,미검증,Codex 검수 전용,실행 Evidence가 필요한 항목은 미검증이며 Source 미구현/부분 구현과 구분한다.
PROD-MULTITENANT,Generator/EDU/API/Quality/Productization,cpf-docs/governance; cpf-tools/build; deploy; cpf-core/src/main/java/com/cpf/core/api/feature,완료,b8941577b99535ff3e64a4fad99b74bafa544227 기준선 구현 유지 + 20260729_04 Root Overlay Source/SQL/API/Test/Guide 보강,cpf-tools/verification/20260729_04/check_final_source_closure.py,BUILD_TEST_RUNTIME,미검증,Codex 검수 전용,실행 Evidence가 필요한 항목은 미검증이며 Source 미구현/부분 구현과 구분한다.
PROD-PLUGIN,Generator/EDU/API/Quality/Productization,cpf-docs/governance; cpf-tools/build; deploy; cpf-core/src/main/java/com/cpf/core/api/feature,완료,b8941577b99535ff3e64a4fad99b74bafa544227 기준선 구현 유지 + 20260729_04 Root Overlay Source/SQL/API/Test/Guide 보강,cpf-tools/verification/20260729_04/check_final_source_closure.py,BUILD_TEST_RUNTIME,미검증,Codex 검수 전용,실행 Evidence가 필요한 항목은 미검증이며 Source 미구현/부분 구현과 구분한다.
PROD-PACKAGE,Generator/EDU/API/Quality/Productization,cpf-docs/governance; cpf-tools/build; deploy; cpf-core/src/main/java/com/cpf/core/api/feature,완료,b8941577b99535ff3e64a4fad99b74bafa544227 기준선 구현 유지 + 20260729_04 Root Overlay Source/SQL/API/Test/Guide 보강,cpf-tools/verification/20260729_04/check_final_source_closure.py,BUILD_TEST_RUNTIME,미검증,Codex 검수 전용,실행 Evidence가 필요한 항목은 미검증이며 Source 미구현/부분 구현과 구분한다.
REQ-GOV,Generator/EDU/API/Quality/Productization,cpf-docs/governance; cpf-docs/guides; cpf-docs/work/current; cpf-docs/quality,완료,b8941577b99535ff3e64a4fad99b74bafa544227 기준선 구현 유지 + 20260729_04 Root Overlay Source/SQL/API/Test/Guide 보강,cpf-tools/verification/20260729_04/check_final_source_closure.py,STATIC_AND_EXACT_SHA_REVIEW,정적 검증 완료,Codex 검수 전용,실행 Evidence가 필요한 항목은 미검증이며 Source 미구현/부분 구현과 구분한다.
REQ-REVIEW,Generator/EDU/API/Quality/Productization,cpf-docs/governance; cpf-docs/guides; cpf-docs/work/current; cpf-docs/quality,완료,b8941577b99535ff3e64a4fad99b74bafa544227 기준선 구현 유지 + 20260729_04 Root Overlay Source/SQL/API/Test/Guide 보강,cpf-tools/verification/20260729_04/check_final_source_closure.py,STATIC_AND_EXACT_SHA_REVIEW,정적 검증 완료,Codex 검수 전용,실행 Evidence가 필요한 항목은 미검증이며 Source 미구현/부분 구현과 구분한다.
REQ-CODEX,Generator/EDU/API/Quality/Productization,cpf-docs/governance; cpf-docs/guides; cpf-docs/work/current; cpf-docs/quality,완료,b8941577b99535ff3e64a4fad99b74bafa544227 기준선 구현 유지 + 20260729_04 Root Overlay Source/SQL/API/Test/Guide 보강,cpf-tools/verification/20260729_04/check_final_source_closure.py,STATIC_AND_EXACT_SHA_REVIEW,정적 검증 완료,Codex 검수 전용,실행 Evidence가 필요한 항목은 미검증이며 Source 미구현/부분 구현과 구분한다.
REQ-GAP,Generator/EDU/API/Quality/Productization,cpf-docs/governance; cpf-docs/guides; cpf-docs/work/current; cpf-docs/quality,완료,b8941577b99535ff3e64a4fad99b74bafa544227 기준선 구현 유지 + 20260729_04 Root Overlay Source/SQL/API/Test/Guide 보강,cpf-tools/verification/20260729_04/check_final_source_closure.py,STATIC_AND_EXACT_SHA_REVIEW,정적 검증 완료,Codex 검수 전용,실행 Evidence가 필요한 항목은 미검증이며 Source 미구현/부분 구현과 구분한다.
