requirement_id,source_type,origin,priority,area,title,root_cause_cluster,development_status,verification_status,source_paths,consumer_paths,test_paths,evidence_paths,source_sha,result_sha,notes
CPF-SELF-DEV-001,SELF,SELF,P0,공통/검증,완료 판정 모델 재정의,completion-and-product-closure,완료,미검증,cpf-tools/scripts/verify-cpf-requirement-traceability.py;cpf-tools/scripts/verify-cpf-legacy-continuity.py;cpf-docs/quality/CPF_20260801_01_LEGACY_CONTINUITY_MAPPING.csv,cpf-tools/verification/20260801_01/cpf-final-verification-plan.json;.github/workflows/cpf-final-source-gates.yml;cpf-docs/work/handover/CPF_20260801_01_DEVELOPMENT_HANDOVER.md,cpf-tools/scripts/tests/test_verify_cpf_requirement_traceability.py;cpf-tools/scripts/tests/test_verify_cpf_legacy_continuity.py,,,,Source/Consumer/Test 구현 및 정적 계약 Gate 완료(bundle=TRACE). exact-SHA Java25/Frontend/3DB/Browser/분산 Runtime은 미검증.
CPF-SELF-DEV-002,SELF,SELF,P0,cpf-tools,Fail-Always 통합 Wrapper 제거,completion-and-product-closure,완료,미검증,cpf-tools/scripts/verify-cpf-requirement-traceability.py;cpf-tools/scripts/verify-cpf-legacy-continuity.py;cpf-docs/quality/CPF_20260801_01_LEGACY_CONTINUITY_MAPPING.csv,cpf-tools/verification/20260801_01/cpf-final-verification-plan.json;.github/workflows/cpf-final-source-gates.yml;cpf-docs/work/handover/CPF_20260801_01_DEVELOPMENT_HANDOVER.md,cpf-tools/scripts/tests/test_verify_cpf_requirement_traceability.py;cpf-tools/scripts/tests/test_verify_cpf_legacy_continuity.py,,,,Source/Consumer/Test 구현 및 정적 계약 Gate 완료(bundle=TRACE). exact-SHA Java25/Frontend/3DB/Browser/분산 Runtime은 미검증.
CPF-SELF-DEV-003,SELF,SELF,P0,문서/Evidence,Push SHA 정본 동기화,completion-and-product-closure,완료,미검증,cpf-tools/scripts/verify-cpf-requirement-traceability.py;cpf-tools/scripts/verify-cpf-legacy-continuity.py;cpf-docs/quality/CPF_20260801_01_LEGACY_CONTINUITY_MAPPING.csv,cpf-tools/verification/20260801_01/cpf-final-verification-plan.json;.github/workflows/cpf-final-source-gates.yml;cpf-docs/work/handover/CPF_20260801_01_DEVELOPMENT_HANDOVER.md,cpf-tools/scripts/tests/test_verify_cpf_requirement_traceability.py;cpf-tools/scripts/tests/test_verify_cpf_legacy_continuity.py,,,,Source/Consumer/Test 구현 및 정적 계약 Gate 완료(bundle=TRACE). exact-SHA Java25/Frontend/3DB/Browser/분산 Runtime은 미검증.
CPF-SELF-DEV-004,SELF,SELF,P0,Evidence,Bulk-ID Evidence 금지,completion-and-product-closure,완료,미검증,cpf-tools/scripts/verify-cpf-requirement-traceability.py;cpf-tools/scripts/verify-cpf-legacy-continuity.py;cpf-docs/quality/CPF_20260801_01_LEGACY_CONTINUITY_MAPPING.csv,cpf-tools/verification/20260801_01/cpf-final-verification-plan.json;.github/workflows/cpf-final-source-gates.yml;cpf-docs/work/handover/CPF_20260801_01_DEVELOPMENT_HANDOVER.md,cpf-tools/scripts/tests/test_verify_cpf_requirement_traceability.py;cpf-tools/scripts/tests/test_verify_cpf_legacy_continuity.py,,,,Source/Consumer/Test 구현 및 정적 계약 Gate 완료(bundle=TRACE). exact-SHA Java25/Frontend/3DB/Browser/분산 Runtime은 미검증.
CPF-SELF-DEV-005,SELF,SELF,P0,cpf-tools,실행 가능한 Scenario 계약,completion-and-product-closure,완료,미검증,cpf-tools/scripts/verify-cpf-requirement-traceability.py;cpf-tools/scripts/verify-cpf-legacy-continuity.py;cpf-docs/quality/CPF_20260801_01_LEGACY_CONTINUITY_MAPPING.csv,cpf-tools/verification/20260801_01/cpf-final-verification-plan.json;.github/workflows/cpf-final-source-gates.yml;cpf-docs/work/handover/CPF_20260801_01_DEVELOPMENT_HANDOVER.md,cpf-tools/scripts/tests/test_verify_cpf_requirement_traceability.py;cpf-tools/scripts/tests/test_verify_cpf_legacy_continuity.py,,,,Source/Consumer/Test 구현 및 정적 계약 Gate 완료(bundle=TRACE). exact-SHA Java25/Frontend/3DB/Browser/분산 Runtime은 미검증.
CPF-SELF-DEV-006,SELF,SELF,P0,cpf-admin,Canonical ADM Capability Registry,completion-and-product-closure,완료,미검증,cpf-admin/frontend/src/app/routes.ts;cpf-admin/frontend/src/App.vue;cpf-admin/src/main/java/com/cpf/admin/opr/controller/AdmBatchWorkbenchController.java;cpf-tools/verification/20260801_01/adm-public-operation-catalog.csv,cpf-admin/frontend/src/components/RouteOperationWorkbench.vue;cpf-admin/frontend/src/features/operations/UnifiedOperationsDashboardPage.vue;cpf-admin/frontend/src/features/errors/RouteStatusPage.vue,cpf-tools/scripts/tests/test_verify_cpf_adm_route_source_consumers.py;cpf-tools/scripts/tests/test_verify_cpf_adm_route_interaction_contract.py;cpf-admin/frontend/e2e/adm-route-contract.spec.ts,,,,Source/Consumer/Test 구현 및 정적 계약 Gate 완료(bundle=ADM). exact-SHA Java25/Frontend/3DB/Browser/분산 Runtime은 미검증.
CPF-SELF-DEV-007,SELF,SELF,P0,cpf-admin,Silent Dashboard Fallback 제거,completion-and-product-closure,완료,미검증,cpf-admin/frontend/src/app/routes.ts;cpf-admin/frontend/src/App.vue;cpf-admin/src/main/java/com/cpf/admin/opr/controller/AdmBatchWorkbenchController.java;cpf-tools/verification/20260801_01/adm-public-operation-catalog.csv,cpf-admin/frontend/src/components/RouteOperationWorkbench.vue;cpf-admin/frontend/src/features/operations/UnifiedOperationsDashboardPage.vue;cpf-admin/frontend/src/features/errors/RouteStatusPage.vue,cpf-tools/scripts/tests/test_verify_cpf_adm_route_source_consumers.py;cpf-tools/scripts/tests/test_verify_cpf_adm_route_interaction_contract.py;cpf-admin/frontend/e2e/adm-route-contract.spec.ts,,,,Source/Consumer/Test 구현 및 정적 계약 Gate 완료(bundle=ADM). exact-SHA Java25/Frontend/3DB/Browser/분산 Runtime은 미검증.
CPF-SELF-DEV-008,SELF,SELF,P0,cpf-admin/cpf-gateway,Gateway Menu·Tab 정합성,completion-and-product-closure,완료,미검증,cpf-gateway/src/main/java/com/cpf/gateway/config/CpfGatewaySafetyProperties.java;cpf-gateway/src/main/java/com/cpf/gateway/scg/CpfScgTargetResolver.java;cpf-core/src/main/java/com/cpf/core/api/gateway/CpfGatewayRegistryPort.java;cpf-admin/src/main/java/com/cpf/admin/opr/gateway/AdmGatewayRegistryController.java,cpf-admin/frontend/src/features/gateway-operations/GatewayOperationsPage.vue;cpf-admin/frontend/src/components/RouteOperationWorkbench.vue,cpf-tools/scripts/tests/test_verify_cpf_network_policy_consumers.py;cpf-tools/scripts/tests/test_verify_cpf_adm_route_interaction_contract.py,,,,Source/Consumer/Test 구현 및 정적 계약 Gate 완료(bundle=GATEWAY). exact-SHA Java25/Frontend/3DB/Browser/분산 Runtime은 미검증.
CPF-SELF-DEV-009,SELF,SELF,P0,cpf-admin/cpf-batch,Batch Execution Workbench,completion-and-product-closure,완료,미검증,cpf-core/src/main/java/com/cpf/core/api/batch/CpfBatchOperationsPort.java;cpf-admin/src/main/java/com/cpf/admin/opr/controller/AdmBatchController.java;cpf-batch/control-server/src/main/java/com/cpf/batch/control/compat/BatchOperationsCompatibilityService.java,cpf-admin/frontend/src/features/batch-runtime-control/BatchOperationsWorkbench.vue;cpf-admin/frontend/src/features/batch-executions/BatchExecutionsPage.vue;cpf-admin/frontend/src/features/batch-recovery/BatchRecoveryPage.vue,cpf-tools/scripts/tests/test_verify_cpf_batch_fail_closed.py;cpf-tools/scripts/tests/test_verify_cpf_batch_ghost_safety.py;cpf-tools/scripts/tests/test_verify_cpf_adm_route_interaction_contract.py,,,,Source/Consumer/Test 구현 및 정적 계약 Gate 완료(bundle=BATCH). exact-SHA Java25/Frontend/3DB/Browser/분산 Runtime은 미검증.
CPF-SELF-DEV-010,SELF,SELF,P0,cpf-admin/cpf-batch,Batch Scheduler HA Workbench,completion-and-product-closure,완료,미검증,cpf-core/src/main/java/com/cpf/core/api/batch/CpfBatchOperationsPort.java;cpf-admin/src/main/java/com/cpf/admin/opr/controller/AdmBatchController.java;cpf-batch/control-server/src/main/java/com/cpf/batch/control/compat/BatchOperationsCompatibilityService.java,cpf-admin/frontend/src/features/batch-runtime-control/BatchOperationsWorkbench.vue;cpf-admin/frontend/src/features/batch-executions/BatchExecutionsPage.vue;cpf-admin/frontend/src/features/batch-recovery/BatchRecoveryPage.vue,cpf-tools/scripts/tests/test_verify_cpf_batch_fail_closed.py;cpf-tools/scripts/tests/test_verify_cpf_batch_ghost_safety.py;cpf-tools/scripts/tests/test_verify_cpf_adm_route_interaction_contract.py,,,,Source/Consumer/Test 구현 및 정적 계약 Gate 완료(bundle=BATCH). exact-SHA Java25/Frontend/3DB/Browser/분산 Runtime은 미검증.
CPF-SELF-DEV-011,SELF,SELF,P0,cpf-admin/cpf-batch,Worker Pool 운영 제어,completion-and-product-closure,완료,미검증,cpf-core/src/main/java/com/cpf/core/api/batch/CpfBatchOperationsPort.java;cpf-admin/src/main/java/com/cpf/admin/opr/controller/AdmBatchController.java;cpf-batch/control-server/src/main/java/com/cpf/batch/control/compat/BatchOperationsCompatibilityService.java,cpf-admin/frontend/src/features/batch-runtime-control/BatchOperationsWorkbench.vue;cpf-admin/frontend/src/features/batch-executions/BatchExecutionsPage.vue;cpf-admin/frontend/src/features/batch-recovery/BatchRecoveryPage.vue,cpf-tools/scripts/tests/test_verify_cpf_batch_fail_closed.py;cpf-tools/scripts/tests/test_verify_cpf_batch_ghost_safety.py;cpf-tools/scripts/tests/test_verify_cpf_adm_route_interaction_contract.py,,,,Source/Consumer/Test 구현 및 정적 계약 Gate 완료(bundle=BATCH). exact-SHA Java25/Frontend/3DB/Browser/분산 Runtime은 미검증.
CPF-SELF-DEV-012,SELF,SELF,P0,cpf-admin/cpf-batch,Host Agent 운영 제어,completion-and-product-closure,완료,미검증,cpf-core/src/main/java/com/cpf/core/api/batch/CpfBatchOperationsPort.java;cpf-admin/src/main/java/com/cpf/admin/opr/controller/AdmBatchController.java;cpf-batch/control-server/src/main/java/com/cpf/batch/control/compat/BatchOperationsCompatibilityService.java,cpf-admin/frontend/src/features/batch-runtime-control/BatchOperationsWorkbench.vue;cpf-admin/frontend/src/features/batch-executions/BatchExecutionsPage.vue;cpf-admin/frontend/src/features/batch-recovery/BatchRecoveryPage.vue,cpf-tools/scripts/tests/test_verify_cpf_batch_fail_closed.py;cpf-tools/scripts/tests/test_verify_cpf_batch_ghost_safety.py;cpf-tools/scripts/tests/test_verify_cpf_adm_route_interaction_contract.py,,,,Source/Consumer/Test 구현 및 정적 계약 Gate 완료(bundle=BATCH). exact-SHA Java25/Frontend/3DB/Browser/분산 Runtime은 미검증.
CPF-SELF-DEV-013,SELF,SELF,P0,cpf-admin/cpf-batch,Recovery·Unknown Result Center,completion-and-product-closure,완료,미검증,cpf-core/src/main/java/com/cpf/core/api/batch/CpfBatchOperationsPort.java;cpf-admin/src/main/java/com/cpf/admin/opr/controller/AdmBatchController.java;cpf-batch/control-server/src/main/java/com/cpf/batch/control/compat/BatchOperationsCompatibilityService.java,cpf-admin/frontend/src/features/batch-runtime-control/BatchOperationsWorkbench.vue;cpf-admin/frontend/src/features/batch-executions/BatchExecutionsPage.vue;cpf-admin/frontend/src/features/batch-recovery/BatchRecoveryPage.vue,cpf-tools/scripts/tests/test_verify_cpf_batch_fail_closed.py;cpf-tools/scripts/tests/test_verify_cpf_batch_ghost_safety.py;cpf-tools/scripts/tests/test_verify_cpf_adm_route_interaction_contract.py,,,,Source/Consumer/Test 구현 및 정적 계약 Gate 완료(bundle=BATCH). exact-SHA Java25/Frontend/3DB/Browser/분산 Runtime은 미검증.
CPF-SELF-DEV-014,SELF,SELF,P1,cpf-admin/cpf-batch,Batch Job 상세·의존관계·리포트 강화,completion-and-product-closure,완료,미검증,cpf-core/src/main/java/com/cpf/core/api/batch/CpfBatchOperationsPort.java;cpf-admin/src/main/java/com/cpf/admin/opr/controller/AdmBatchController.java;cpf-batch/control-server/src/main/java/com/cpf/batch/control/compat/BatchOperationsCompatibilityService.java,cpf-admin/frontend/src/features/batch-runtime-control/BatchOperationsWorkbench.vue;cpf-admin/frontend/src/features/batch-executions/BatchExecutionsPage.vue;cpf-admin/frontend/src/features/batch-recovery/BatchRecoveryPage.vue,cpf-tools/scripts/tests/test_verify_cpf_batch_fail_closed.py;cpf-tools/scripts/tests/test_verify_cpf_batch_ghost_safety.py;cpf-tools/scripts/tests/test_verify_cpf_adm_route_interaction_contract.py,,,,Source/Consumer/Test 구현 및 정적 계약 Gate 완료(bundle=BATCH). exact-SHA Java25/Frontend/3DB/Browser/분산 Runtime은 미검증.
CPF-SELF-DEV-015,SELF,SELF,P0,cpf-admin/cpf-batch,Batch 위험조치 Permission Matrix,completion-and-product-closure,완료,미검증,cpf-core/src/main/java/com/cpf/core/api/batch/CpfBatchOperationsPort.java;cpf-admin/src/main/java/com/cpf/admin/opr/controller/AdmBatchController.java;cpf-batch/control-server/src/main/java/com/cpf/batch/control/compat/BatchOperationsCompatibilityService.java,cpf-admin/frontend/src/features/batch-runtime-control/BatchOperationsWorkbench.vue;cpf-admin/frontend/src/features/batch-executions/BatchExecutionsPage.vue;cpf-admin/frontend/src/features/batch-recovery/BatchRecoveryPage.vue,cpf-tools/scripts/tests/test_verify_cpf_batch_fail_closed.py;cpf-tools/scripts/tests/test_verify_cpf_batch_ghost_safety.py;cpf-tools/scripts/tests/test_verify_cpf_adm_route_interaction_contract.py,,,,Source/Consumer/Test 구현 및 정적 계약 Gate 완료(bundle=BATCH). exact-SHA Java25/Frontend/3DB/Browser/분산 Runtime은 미검증.
CPF-SELF-DEV-016,SELF,SELF,P0,cpf-admin/cpf-core/cpf-common,Online Transaction Definition Workbench,completion-and-product-closure,완료,미검증,cpf-admin/src/main/java/com/cpf/admin/opr/controller/AdmTransactionMetaController.java;cpf-admin/src/main/java/com/cpf/admin/opr/service/AdmTransactionMetaService.java;cpf-admin/frontend/src/features/operations/api.ts,cpf-admin/frontend/src/features/operations/OnlineDiagnosticsPage.vue;cpf-admin/frontend/src/features/operations/ProtocolMessageWorkbenchPage.vue;cpf-admin/frontend/src/features/operations/IntegratedTracePage.vue,cpf-tools/scripts/tests/test_verify_cpf_controller_permission_contract.py;cpf-tools/scripts/tests/test_verify_cpf_adm_route_source_consumers.py;cpf-tools/scripts/tests/test_verify_cpf_openapi_controller_coverage.py,,,,Source/Consumer/Test 구현 및 정적 계약 Gate 완료(bundle=ONLINE). exact-SHA Java25/Frontend/3DB/Browser/분산 Runtime은 미검증.
CPF-SELF-DEV-017,SELF,SELF,P0,cpf-admin,Online Runtime Diagnostics,completion-and-product-closure,완료,미검증,cpf-admin/src/main/java/com/cpf/admin/opr/controller/AdmTransactionMetaController.java;cpf-admin/src/main/java/com/cpf/admin/opr/service/AdmTransactionMetaService.java;cpf-admin/frontend/src/features/operations/api.ts,cpf-admin/frontend/src/features/operations/OnlineDiagnosticsPage.vue;cpf-admin/frontend/src/features/operations/ProtocolMessageWorkbenchPage.vue;cpf-admin/frontend/src/features/operations/IntegratedTracePage.vue,cpf-tools/scripts/tests/test_verify_cpf_controller_permission_contract.py;cpf-tools/scripts/tests/test_verify_cpf_adm_route_source_consumers.py;cpf-tools/scripts/tests/test_verify_cpf_openapi_controller_coverage.py,,,,Source/Consumer/Test 구현 및 정적 계약 Gate 완료(bundle=ONLINE). exact-SHA Java25/Frontend/3DB/Browser/분산 Runtime은 미검증.
CPF-SELF-DEV-018,SELF,SELF,P0,cpf-admin,Error Workbench,completion-and-product-closure,완료,미검증,cpf-admin/src/main/java/com/cpf/admin/opr/controller/AdmTransactionMetaController.java;cpf-admin/src/main/java/com/cpf/admin/opr/service/AdmTransactionMetaService.java;cpf-admin/frontend/src/features/operations/api.ts,cpf-admin/frontend/src/features/operations/OnlineDiagnosticsPage.vue;cpf-admin/frontend/src/features/operations/ProtocolMessageWorkbenchPage.vue;cpf-admin/frontend/src/features/operations/IntegratedTracePage.vue,cpf-tools/scripts/tests/test_verify_cpf_controller_permission_contract.py;cpf-tools/scripts/tests/test_verify_cpf_adm_route_source_consumers.py;cpf-tools/scripts/tests/test_verify_cpf_openapi_controller_coverage.py,,,,Source/Consumer/Test 구현 및 정적 계약 Gate 완료(bundle=ONLINE). exact-SHA Java25/Frontend/3DB/Browser/분산 Runtime은 미검증.
CPF-SELF-DEV-019,SELF,SELF,P1,cpf-admin,전문·Protocol Message Workbench,completion-and-product-closure,완료,미검증,cpf-admin/src/main/java/com/cpf/admin/opr/controller/AdmTransactionMetaController.java;cpf-admin/src/main/java/com/cpf/admin/opr/service/AdmTransactionMetaService.java;cpf-admin/frontend/src/features/operations/api.ts,cpf-admin/frontend/src/features/operations/OnlineDiagnosticsPage.vue;cpf-admin/frontend/src/features/operations/ProtocolMessageWorkbenchPage.vue;cpf-admin/frontend/src/features/operations/IntegratedTracePage.vue,cpf-tools/scripts/tests/test_verify_cpf_controller_permission_contract.py;cpf-tools/scripts/tests/test_verify_cpf_adm_route_source_consumers.py;cpf-tools/scripts/tests/test_verify_cpf_openapi_controller_coverage.py,,,,Source/Consumer/Test 구현 및 정적 계약 Gate 완료(bundle=ONLINE). exact-SHA Java25/Frontend/3DB/Browser/분산 Runtime은 미검증.
CPF-SELF-DEV-020,SELF,SELF,P1,cpf-admin,Online Deployment·Promotion·Rollback,completion-and-product-closure,완료,미검증,cpf-admin/src/main/java/com/cpf/admin/opr/controller/AdmTransactionMetaController.java;cpf-admin/src/main/java/com/cpf/admin/opr/service/AdmTransactionMetaService.java;cpf-admin/frontend/src/features/operations/api.ts,cpf-admin/frontend/src/features/operations/OnlineDiagnosticsPage.vue;cpf-admin/frontend/src/features/operations/ProtocolMessageWorkbenchPage.vue;cpf-admin/frontend/src/features/operations/IntegratedTracePage.vue,cpf-tools/scripts/tests/test_verify_cpf_controller_permission_contract.py;cpf-tools/scripts/tests/test_verify_cpf_adm_route_source_consumers.py;cpf-tools/scripts/tests/test_verify_cpf_openapi_controller_coverage.py,,,,Source/Consumer/Test 구현 및 정적 계약 Gate 완료(bundle=ONLINE). exact-SHA Java25/Frontend/3DB/Browser/분산 Runtime은 미검증.
CPF-SELF-DEV-021,SELF,SELF,P0,cpf-admin,Batch·Online 통합 Trace,completion-and-product-closure,완료,미검증,cpf-admin/src/main/java/com/cpf/admin/opr/controller/AdmTransactionMetaController.java;cpf-admin/src/main/java/com/cpf/admin/opr/service/AdmTransactionMetaService.java;cpf-admin/frontend/src/features/operations/api.ts,cpf-admin/frontend/src/features/operations/OnlineDiagnosticsPage.vue;cpf-admin/frontend/src/features/operations/ProtocolMessageWorkbenchPage.vue;cpf-admin/frontend/src/features/operations/IntegratedTracePage.vue,cpf-tools/scripts/tests/test_verify_cpf_controller_permission_contract.py;cpf-tools/scripts/tests/test_verify_cpf_adm_route_source_consumers.py;cpf-tools/scripts/tests/test_verify_cpf_openapi_controller_coverage.py,,,,Source/Consumer/Test 구현 및 정적 계약 Gate 완료(bundle=ONLINE). exact-SHA Java25/Frontend/3DB/Browser/분산 Runtime은 미검증.
CPF-SELF-DEV-022,SELF,SELF,P0,cpf-admin,통합 운영 Dashboard,completion-and-product-closure,완료,미검증,cpf-admin/src/main/java/com/cpf/admin/opr/controller/AdmTransactionMetaController.java;cpf-admin/src/main/java/com/cpf/admin/opr/service/AdmTransactionMetaService.java;cpf-admin/frontend/src/features/operations/api.ts,cpf-admin/frontend/src/features/operations/OnlineDiagnosticsPage.vue;cpf-admin/frontend/src/features/operations/ProtocolMessageWorkbenchPage.vue;cpf-admin/frontend/src/features/operations/IntegratedTracePage.vue,cpf-tools/scripts/tests/test_verify_cpf_controller_permission_contract.py;cpf-tools/scripts/tests/test_verify_cpf_adm_route_source_consumers.py;cpf-tools/scripts/tests/test_verify_cpf_openapi_controller_coverage.py,,,,Source/Consumer/Test 구현 및 정적 계약 Gate 완료(bundle=ONLINE). exact-SHA Java25/Frontend/3DB/Browser/분산 Runtime은 미검증.
CPF-SELF-DEV-023,SELF,SELF,P1,cpf-admin,System/Common 운영 기능 보강,completion-and-product-closure,완료,미검증,cpf-admin/src/main/java/com/cpf/admin/opr/controller/AdmTransactionMetaController.java;cpf-admin/src/main/java/com/cpf/admin/opr/service/AdmTransactionMetaService.java;cpf-admin/frontend/src/features/operations/api.ts,cpf-admin/frontend/src/features/operations/OnlineDiagnosticsPage.vue;cpf-admin/frontend/src/features/operations/ProtocolMessageWorkbenchPage.vue;cpf-admin/frontend/src/features/operations/IntegratedTracePage.vue,cpf-tools/scripts/tests/test_verify_cpf_controller_permission_contract.py;cpf-tools/scripts/tests/test_verify_cpf_adm_route_source_consumers.py;cpf-tools/scripts/tests/test_verify_cpf_openapi_controller_coverage.py,,,,Source/Consumer/Test 구현 및 정적 계약 Gate 완료(bundle=ONLINE). exact-SHA Java25/Frontend/3DB/Browser/분산 Runtime은 미검증.
CPF-SELF-DEV-024,SELF,SELF,P1,cpf-admin,Analysis Center,completion-and-product-closure,완료,미검증,cpf-admin/src/main/java/com/cpf/admin/opr/controller/AdmTransactionMetaController.java;cpf-admin/src/main/java/com/cpf/admin/opr/service/AdmTransactionMetaService.java;cpf-admin/frontend/src/features/operations/api.ts,cpf-admin/frontend/src/features/operations/OnlineDiagnosticsPage.vue;cpf-admin/frontend/src/features/operations/ProtocolMessageWorkbenchPage.vue;cpf-admin/frontend/src/features/operations/IntegratedTracePage.vue,cpf-tools/scripts/tests/test_verify_cpf_controller_permission_contract.py;cpf-tools/scripts/tests/test_verify_cpf_adm_route_source_consumers.py;cpf-tools/scripts/tests/test_verify_cpf_openapi_controller_coverage.py,,,,Source/Consumer/Test 구현 및 정적 계약 Gate 완료(bundle=ONLINE). exact-SHA Java25/Frontend/3DB/Browser/분산 Runtime은 미검증.
CPF-SELF-DEV-025,SELF,SELF,P0,cpf-admin/frontend,전체 OpenAPI·Generated Client 정본화,completion-and-product-closure,완료,미검증,cpf-admin/frontend/openapi/cpf-openapi.json;cpf-biz-admin/frontend/openapi/cpf-openapi.json;cpf-admin/frontend/src/generated/cpf-operation-contract.ts;cpf-biz-admin/frontend/src/generated/cpf-operation-contract.ts,cpf-admin/frontend/src/shared/cpfApi.ts;cpf-admin/frontend/src/components/RouteOperationWorkbench.vue;cpf-biz-admin/frontend/src/shared/cpfApi.ts;cpf-biz-admin/frontend/src/components/RouteOperationWorkbench.vue,cpf-admin/frontend/scripts/test-generated-client-contract.mjs;cpf-admin/frontend/scripts/verify-operation-consumer.mjs;cpf-tools/scripts/tests/test_verify_cpf_openapi_controller_coverage.py,,,,Source/Consumer/Test 구현 및 정적 계약 Gate 완료(bundle=OPENAPI). exact-SHA Java25/Frontend/3DB/Browser/분산 Runtime은 미검증.
CPF-SELF-DEV-026,SELF,SELF,P0,cpf-admin/frontend,전체 ADM Route 상용 Page Contract,completion-and-product-closure,완료,미검증,cpf-admin/frontend/openapi/cpf-openapi.json;cpf-biz-admin/frontend/openapi/cpf-openapi.json;cpf-admin/frontend/src/generated/cpf-operation-contract.ts;cpf-biz-admin/frontend/src/generated/cpf-operation-contract.ts,cpf-admin/frontend/src/shared/cpfApi.ts;cpf-admin/frontend/src/components/RouteOperationWorkbench.vue;cpf-biz-admin/frontend/src/shared/cpfApi.ts;cpf-biz-admin/frontend/src/components/RouteOperationWorkbench.vue,cpf-admin/frontend/scripts/test-generated-client-contract.mjs;cpf-admin/frontend/scripts/verify-operation-consumer.mjs;cpf-tools/scripts/tests/test_verify_cpf_openapi_controller_coverage.py,,,,Source/Consumer/Test 구현 및 정적 계약 Gate 완료(bundle=OPENAPI). exact-SHA Java25/Frontend/3DB/Browser/분산 Runtime은 미검증.
CPF-SELF-DEV-027,SELF,SELF,P0,cpf-admin/backend,실제 Controller Permission 전수 검증,completion-and-product-closure,완료,미검증,cpf-admin/frontend/src/app/routes.ts;cpf-admin/frontend/src/App.vue;cpf-admin/src/main/java/com/cpf/admin/opr/controller/AdmBatchWorkbenchController.java;cpf-tools/verification/20260801_01/adm-public-operation-catalog.csv,cpf-admin/frontend/src/components/RouteOperationWorkbench.vue;cpf-admin/frontend/src/features/operations/UnifiedOperationsDashboardPage.vue;cpf-admin/frontend/src/features/errors/RouteStatusPage.vue,cpf-tools/scripts/tests/test_verify_cpf_adm_route_source_consumers.py;cpf-tools/scripts/tests/test_verify_cpf_adm_route_interaction_contract.py;cpf-admin/frontend/e2e/adm-route-contract.spec.ts,,,,Source/Consumer/Test 구현 및 정적 계약 Gate 완료(bundle=ADM). exact-SHA Java25/Frontend/3DB/Browser/분산 Runtime은 미검증.
CPF-SELF-DEV-028,SELF,SELF,P0,공통 네트워크,Literal IP/CIDR 정책 공통화,completion-and-product-closure,완료,미검증,cpf-core/src/main/java/com/cpf/core/api/security/network/CpfNetworkEndpointPolicy.java;cpf-admin/src/main/java/com/cpf/admin/opr/filter/AdmApiAuthFilter.java;cpf-gateway/src/main/java/com/cpf/gateway/config/CpfGatewaySafetyProperties.java,cpf-gateway/src/main/java/com/cpf/gateway/scg/CpfScgTargetResolver.java;cpf-batch/host-agent/src/main/java/com/cpf/batch/agent/internal/PinnedArtifactHttpTransport.java,cpf-tools/scripts/tests/test_verify_cpf_network_policy_consumers.py;cpf-tools/scripts/tests/test_verify_cpf_operator_trust_boundary.py;cpf-tools/scripts/tests/test_verify_cpf_audit_fail_closed.py,,,,Source/Consumer/Test 구현 및 정적 계약 Gate 완료(bundle=SEC). exact-SHA Java25/Frontend/3DB/Browser/분산 Runtime은 미검증.
CPF-SELF-DEV-029,SELF,SELF,P0,DB,실제 Baseline Upgrade Chain,completion-and-product-closure,완료,미검증,cpf-tools/db/cpf-db-lifecycle-contract.json;cpf-tools/db/vendor-pack-manifest.json;cpf-tools/db/vendor/oracle/migration/flyway/admDB/V92__adm_notification_incident_lifecycle.sql;cpf-tools/db/vendor/postgresql/migration/flyway/admDB/V92__adm_notification_incident_lifecycle.sql;cpf-tools/db/vendor/mariadb/migration/flyway/V92__adm_notification_incident_lifecycle.sql,cpf-tools/scripts/invoke-cpf-qa34-db-runtime-matrix.ps1;cpf-tools/generator/verify-domain-lifecycle.ps1,cpf-tools/scripts/tests/test_verify_cpf_db_lifecycle_contract.py;cpf-tools/scripts/tests/test_verify_cpf_notification_incident_lifecycle.py,,,,Source/Consumer/Test 구현 및 정적 계약 Gate 완료(bundle=DB). exact-SHA Java25/Frontend/3DB/Browser/분산 Runtime은 미검증.
CPF-SELF-DEV-030,SELF,SELF,P0,최종 검증,Fresh Clone 독립 완료 Gate,completion-and-product-closure,완료,미검증,build.gradle;settings.gradle;cpf-tools/release/cpf-final-artifact-catalog.json;.github/workflows/cpf-final-source-gates.yml,cpf-tools/verification/20260801_01/cpf-final-verification-plan.json;cpf-tools/scripts/invoke-cpf-final-verification-plan.py,cpf-tools/scripts/tests/test_verify_cpf_final_plan.py;cpf-tools/scripts/tests/test_invoke_cpf_final_verification_plan.py;cpf-tools/scripts/tests/test_verify_cpf_supply_chain.py,,,,Source/Consumer/Test 구현 및 정적 계약 Gate 완료(bundle=BUILD). exact-SHA Java25/Frontend/3DB/Browser/분산 Runtime은 미검증.
QA35-REQ-001,QA,QA35_V2_ACTIVE,P0,Truth Reset,latest exact SHA 기준으로 QA34 20건을 실제 Source와 실행 결과로 재판정하고 Frontend 모순 항목은 개발 완료를 취소한다.,truth-reset,완료,미검증,cpf-tools/scripts/verify-cpf-requirement-traceability.py;cpf-tools/scripts/verify-cpf-legacy-continuity.py;cpf-docs/quality/CPF_20260801_01_LEGACY_CONTINUITY_MAPPING.csv,cpf-tools/verification/20260801_01/cpf-final-verification-plan.json;.github/workflows/cpf-final-source-gates.yml;cpf-docs/work/handover/CPF_20260801_01_DEVELOPMENT_HANDOVER.md,cpf-tools/scripts/tests/test_verify_cpf_requirement_traceability.py;cpf-tools/scripts/tests/test_verify_cpf_legacy_continuity.py,,,,Source/Consumer/Test 구현 및 정적 계약 Gate 완료(bundle=TRACE). exact-SHA Java25/Frontend/3DB/Browser/분산 Runtime은 미검증.
QA35-REQ-002,QA,QA35_V2_ACTIVE,P0,Current Request,CPF_CURRENT_WORK_REQUEST를 QA35 제품 마감 요청으로 교체하고 ‘검증 한 건만 남음’ 표현을 제거한다.,current-request,완료,미검증,cpf-tools/scripts/verify-cpf-requirement-traceability.py;cpf-tools/scripts/verify-cpf-legacy-continuity.py;cpf-docs/quality/CPF_20260801_01_LEGACY_CONTINUITY_MAPPING.csv,cpf-tools/verification/20260801_01/cpf-final-verification-plan.json;.github/workflows/cpf-final-source-gates.yml;cpf-docs/work/handover/CPF_20260801_01_DEVELOPMENT_HANDOVER.md,cpf-tools/scripts/tests/test_verify_cpf_requirement_traceability.py;cpf-tools/scripts/tests/test_verify_cpf_legacy_continuity.py,,,,Source/Consumer/Test 구현 및 정적 계약 Gate 완료(bundle=TRACE). exact-SHA Java25/Frontend/3DB/Browser/분산 Runtime은 미검증.
QA35-REQ-003,QA,QA35_V2_ACTIVE,P0,Governance/Guide,README exact-SHA Evidence 기준을 복원하고 모든 Guide 기준 SHA·현재 제한사항을 latest Source와 재조정한다.,governance/guide,재확인 필요,재확인 필요,cpf-tools/scripts/verify-cpf-protected-doc-boundary.py;cpf-docs/work/handover/CPF_20260801_01_DEVELOPMENT_HANDOVER.md,.github/workflows/cpf-final-source-gates.yml;cpf-tools/verification/20260801_01/cpf-final-verification-plan.json,cpf-tools/scripts/tests/test_verify_cpf_protected_doc_boundary.py,,,,사용자 명시 보호 대상: README와 연결 Manual/Guide는 별도 담당이며 수정·완료 근거 사용 금지. Handover와 protected-document Gate로 경계를 고정함.
QA35-REQ-004,QA,QA35_V2_ACTIVE,P0,OpenAPI Canonical,Tracked OpenAPI의 Identity 정책을 단일화한다. Snapshot에는 Git SHA를 넣지 않고 runtime origin·operation count·canonical hash를 사용하며 Release SHA는 Evidence만 소유한다.,openapi-canonical,완료,미검증,cpf-admin/frontend/openapi/cpf-openapi.json;cpf-biz-admin/frontend/openapi/cpf-openapi.json;cpf-admin/frontend/src/generated/cpf-operation-contract.ts;cpf-biz-admin/frontend/src/generated/cpf-operation-contract.ts,cpf-admin/frontend/src/shared/cpfApi.ts;cpf-admin/frontend/src/components/RouteOperationWorkbench.vue;cpf-biz-admin/frontend/src/shared/cpfApi.ts;cpf-biz-admin/frontend/src/components/RouteOperationWorkbench.vue,cpf-admin/frontend/scripts/test-generated-client-contract.mjs;cpf-admin/frontend/scripts/verify-operation-consumer.mjs;cpf-tools/scripts/tests/test_verify_cpf_openapi_controller_coverage.py,,,,Source/Consumer/Test 구현 및 정적 계약 Gate 완료(bundle=OPENAPI). exact-SHA Java25/Frontend/3DB/Browser/분산 Runtime은 미검증.
QA35-REQ-005,QA,QA35_V2_ACTIVE,P0,OpenAPI Coverage,ADM/BZA 실제 Backend Runtime에서 전체 Public Controller·DTO·Error·Validation OpenAPI를 Export한다.,openapi-coverage,완료,미검증,cpf-admin/frontend/openapi/cpf-openapi.json;cpf-biz-admin/frontend/openapi/cpf-openapi.json;cpf-admin/frontend/src/generated/cpf-operation-contract.ts;cpf-biz-admin/frontend/src/generated/cpf-operation-contract.ts,cpf-admin/frontend/src/shared/cpfApi.ts;cpf-admin/frontend/src/components/RouteOperationWorkbench.vue;cpf-biz-admin/frontend/src/shared/cpfApi.ts;cpf-biz-admin/frontend/src/components/RouteOperationWorkbench.vue,cpf-admin/frontend/scripts/test-generated-client-contract.mjs;cpf-admin/frontend/scripts/verify-operation-consumer.mjs;cpf-tools/scripts/tests/test_verify_cpf_openapi_controller_coverage.py,,,,Source/Consumer/Test 구현 및 정적 계약 Gate 완료(bundle=OPENAPI). exact-SHA Java25/Frontend/3DB/Browser/분산 Runtime은 미검증.
QA35-REQ-006,QA,QA35_V2_ACTIVE,P0,Generated Client,"ADM/BZA Orval vue-query Client, compatibility client, operation contract, schemaVersion 3 marker를 실제 생성해 Git에 포함한다.",generated-client,완료,미검증,cpf-admin/frontend/openapi/cpf-openapi.json;cpf-biz-admin/frontend/openapi/cpf-openapi.json;cpf-admin/frontend/src/generated/cpf-operation-contract.ts;cpf-biz-admin/frontend/src/generated/cpf-operation-contract.ts,cpf-admin/frontend/src/shared/cpfApi.ts;cpf-admin/frontend/src/components/RouteOperationWorkbench.vue;cpf-biz-admin/frontend/src/shared/cpfApi.ts;cpf-biz-admin/frontend/src/components/RouteOperationWorkbench.vue,cpf-admin/frontend/scripts/test-generated-client-contract.mjs;cpf-admin/frontend/scripts/verify-operation-consumer.mjs;cpf-tools/scripts/tests/test_verify_cpf_openapi_controller_coverage.py,,,,Source/Consumer/Test 구현 및 정적 계약 Gate 완료(bundle=OPENAPI). exact-SHA Java25/Frontend/3DB/Browser/분산 Runtime은 미검증.
QA35-REQ-007,QA,QA35_V2_ACTIVE,P0,Generation Reproducibility,clean npm ci 후 generate:api를 실행하고 tracked OpenAPI/generated/lock diff 0을 강제한다.,generation-reproducibility,완료,미검증,cpf-admin/frontend/openapi/cpf-openapi.json;cpf-biz-admin/frontend/openapi/cpf-openapi.json;cpf-admin/frontend/src/generated/cpf-operation-contract.ts;cpf-biz-admin/frontend/src/generated/cpf-operation-contract.ts,cpf-admin/frontend/src/shared/cpfApi.ts;cpf-admin/frontend/src/components/RouteOperationWorkbench.vue;cpf-biz-admin/frontend/src/shared/cpfApi.ts;cpf-biz-admin/frontend/src/components/RouteOperationWorkbench.vue,cpf-admin/frontend/scripts/test-generated-client-contract.mjs;cpf-admin/frontend/scripts/verify-operation-consumer.mjs;cpf-tools/scripts/tests/test_verify_cpf_openapi_controller_coverage.py,,,,Source/Consumer/Test 구현 및 정적 계약 Gate 완료(bundle=OPENAPI). exact-SHA Java25/Frontend/3DB/Browser/분산 Runtime은 미검증.
QA35-REQ-008,QA,QA35_V2_ACTIVE,P0,Frontend Preflight,Runtime 외부 의존 없이 fresh clone에서 validate/generate/verify/consumer/lint/typecheck/unit/build를 먼저 통과시키는 deterministic Gate를 만든다.,frontend-preflight,완료,미검증,cpf-admin/frontend/openapi/cpf-openapi.json;cpf-biz-admin/frontend/openapi/cpf-openapi.json;cpf-admin/frontend/src/generated/cpf-operation-contract.ts;cpf-biz-admin/frontend/src/generated/cpf-operation-contract.ts,cpf-admin/frontend/src/shared/cpfApi.ts;cpf-admin/frontend/src/components/RouteOperationWorkbench.vue;cpf-biz-admin/frontend/src/shared/cpfApi.ts;cpf-biz-admin/frontend/src/components/RouteOperationWorkbench.vue,cpf-admin/frontend/scripts/test-generated-client-contract.mjs;cpf-admin/frontend/scripts/verify-operation-consumer.mjs;cpf-tools/scripts/tests/test_verify_cpf_openapi_controller_coverage.py,,,,Source/Consumer/Test 구현 및 정적 계약 Gate 완료(bundle=OPENAPI). exact-SHA Java25/Frontend/3DB/Browser/분산 Runtime은 미검증.
QA35-REQ-009,QA,QA35_V2_ACTIVE,P0,CI,master Push마다 Java 25 empty-cache와 ADM/BZA deterministic preflight를 실행하는 CI Workflow와 Required Status를 추가한다.,ci,완료,미검증,cpf-biz-admin/frontend/src/app/routes.ts;cpf-biz-admin/frontend/src/App.vue;cpf-tools/db/metadata/bza-permission-manifest.json;cpf-biz-admin/src/main/java/com/cpf/bizadmin/directory/controller/BzaDirectoryController.java,cpf-biz-admin/frontend/src/components/RouteOperationWorkbench.vue;cpf-biz-admin/frontend/src/shared/cpfApi.ts,cpf-tools/scripts/tests/test_verify_cpf_bza_route_contract.py;cpf-tools/scripts/tests/test_verify_cpf_controller_permission_contract.py;cpf-tools/scripts/tests/test_verify_cpf_openapi_controller_coverage.py,,,,Source/Consumer/Test 구현 및 정적 계약 Gate 완료(bundle=BZA). exact-SHA Java25/Frontend/3DB/Browser/분산 Runtime은 미검증.
QA35-REQ-010,QA,QA35_V2_ACTIVE,P0,Source Closure,"qa35 source closure가 Static Token뿐 아니라 generated verifier, compile/typecheck, operation/menu coverage, negative fixture를 실행하게 한다.",source-closure,완료,미검증,build.gradle;settings.gradle;cpf-tools/release/cpf-final-artifact-catalog.json;.github/workflows/cpf-final-source-gates.yml,cpf-tools/verification/20260801_01/cpf-final-verification-plan.json;cpf-tools/scripts/invoke-cpf-final-verification-plan.py,cpf-tools/scripts/tests/test_verify_cpf_final_plan.py;cpf-tools/scripts/tests/test_invoke_cpf_final_verification_plan.py;cpf-tools/scripts/tests/test_verify_cpf_supply_chain.py,,,,Source/Consumer/Test 구현 및 정적 계약 Gate 완료(bundle=BUILD). exact-SHA Java25/Frontend/3DB/Browser/분산 Runtime은 미검증.
QA35-REQ-011,QA,QA35_V2_ACTIVE,P0,Runnable Verification,모든 Verification Command를 실제 Parameter Binding으로 검증하고 sanitized 환경 입력 Manifest와 완전한 PowerShell 실행 예시를 제공한다.,runnable-verification,완료,미검증,build.gradle;settings.gradle;cpf-tools/release/cpf-final-artifact-catalog.json;.github/workflows/cpf-final-source-gates.yml,cpf-tools/verification/20260801_01/cpf-final-verification-plan.json;cpf-tools/scripts/invoke-cpf-final-verification-plan.py,cpf-tools/scripts/tests/test_verify_cpf_final_plan.py;cpf-tools/scripts/tests/test_invoke_cpf_final_verification_plan.py;cpf-tools/scripts/tests/test_verify_cpf_supply_chain.py,,,,Source/Consumer/Test 구현 및 정적 계약 Gate 완료(bundle=BUILD). exact-SHA Java25/Frontend/3DB/Browser/분산 Runtime은 미검증.
QA35-REQ-012,QA,QA35_V2_ACTIVE,P0,Evidence Semantics,Requirement별 필수 Artifact·Scenario·Assertion·환경을 검사하는 Evidence Semantic Verifier를 구현한다.,evidence-semantics,완료,미검증,cpf-tools/scripts/verify-cpf-requirement-traceability.py;cpf-tools/scripts/verify-cpf-legacy-continuity.py;cpf-docs/quality/CPF_20260801_01_LEGACY_CONTINUITY_MAPPING.csv,cpf-tools/verification/20260801_01/cpf-final-verification-plan.json;.github/workflows/cpf-final-source-gates.yml;cpf-docs/work/handover/CPF_20260801_01_DEVELOPMENT_HANDOVER.md,cpf-tools/scripts/tests/test_verify_cpf_requirement_traceability.py;cpf-tools/scripts/tests/test_verify_cpf_legacy_continuity.py,,,,Source/Consumer/Test 구현 및 정적 계약 Gate 완료(bundle=TRACE). exact-SHA Java25/Frontend/3DB/Browser/분산 Runtime은 미검증.
QA35-REQ-013,QA,QA35_V2_ACTIVE,P0,QA34 Closure,QA35 개발 후 QA34 20건을 latest exact SHA에서 재실행·재분류하고 실제 실패를 QA35 결함과 연결한다.,qa34-closure,완료,미검증,cpf-tools/scripts/verify-cpf-requirement-traceability.py;cpf-tools/scripts/verify-cpf-legacy-continuity.py;cpf-docs/quality/CPF_20260801_01_LEGACY_CONTINUITY_MAPPING.csv,cpf-tools/verification/20260801_01/cpf-final-verification-plan.json;.github/workflows/cpf-final-source-gates.yml;cpf-docs/work/handover/CPF_20260801_01_DEVELOPMENT_HANDOVER.md,cpf-tools/scripts/tests/test_verify_cpf_requirement_traceability.py;cpf-tools/scripts/tests/test_verify_cpf_legacy_continuity.py,,,,Source/Consumer/Test 구현 및 정적 계약 Gate 완료(bundle=TRACE). exact-SHA Java25/Frontend/3DB/Browser/분산 Runtime은 미검증.
QA35-REQ-014,QA,QA35_V2_ACTIVE,P0,ADM Inventory,"ADM 59개 Route 각각의 Menu ID, Group, Component, Owner Module, API Operation, Permission, Button, Data Scope, 위험도, Audit, Test를 정본 Matrix로 만든다.",adm-inventory,완료,미검증,cpf-admin/frontend/src/app/routes.ts;cpf-admin/frontend/src/App.vue;cpf-admin/src/main/java/com/cpf/admin/opr/controller/AdmBatchWorkbenchController.java;cpf-tools/verification/20260801_01/adm-public-operation-catalog.csv,cpf-admin/frontend/src/components/RouteOperationWorkbench.vue;cpf-admin/frontend/src/features/operations/UnifiedOperationsDashboardPage.vue;cpf-admin/frontend/src/features/errors/RouteStatusPage.vue,cpf-tools/scripts/tests/test_verify_cpf_adm_route_source_consumers.py;cpf-tools/scripts/tests/test_verify_cpf_adm_route_interaction_contract.py;cpf-admin/frontend/e2e/adm-route-contract.spec.ts,,,,Source/Consumer/Test 구현 및 정적 계약 Gate 완료(bundle=ADM). exact-SHA Java25/Frontend/3DB/Browser/분산 Runtime은 미검증.
QA35-REQ-015,QA,QA35_V2_ACTIVE,P0,ADM Menu Contract,Backend Session/Menu Seed·Permission Registry와 Frontend menu/router ID를 Typed Contract로 연결한다.,adm-menu-contract,완료,미검증,cpf-admin/frontend/src/app/routes.ts;cpf-admin/frontend/src/App.vue;cpf-admin/src/main/java/com/cpf/admin/opr/controller/AdmBatchWorkbenchController.java;cpf-tools/verification/20260801_01/adm-public-operation-catalog.csv,cpf-admin/frontend/src/components/RouteOperationWorkbench.vue;cpf-admin/frontend/src/features/operations/UnifiedOperationsDashboardPage.vue;cpf-admin/frontend/src/features/errors/RouteStatusPage.vue,cpf-tools/scripts/tests/test_verify_cpf_adm_route_source_consumers.py;cpf-tools/scripts/tests/test_verify_cpf_adm_route_interaction_contract.py;cpf-admin/frontend/e2e/adm-route-contract.spec.ts,,,,Source/Consumer/Test 구현 및 정적 계약 Gate 완료(bundle=ADM). exact-SHA Java25/Frontend/3DB/Browser/분산 Runtime은 미검증.
QA35-REQ-016,QA,QA35_V2_ACTIVE,P0,ADM Authorization,"Route·Button별 Permission, Data Scope, State Guard, Reason, Approval, Expected Version, Masking을 전수 정의·Backend Negative Test한다.",adm-authorization,완료,미검증,cpf-admin/frontend/src/app/routes.ts;cpf-admin/frontend/src/App.vue;cpf-admin/src/main/java/com/cpf/admin/opr/controller/AdmBatchWorkbenchController.java;cpf-tools/verification/20260801_01/adm-public-operation-catalog.csv,cpf-admin/frontend/src/components/RouteOperationWorkbench.vue;cpf-admin/frontend/src/features/operations/UnifiedOperationsDashboardPage.vue;cpf-admin/frontend/src/features/errors/RouteStatusPage.vue,cpf-tools/scripts/tests/test_verify_cpf_adm_route_source_consumers.py;cpf-tools/scripts/tests/test_verify_cpf_adm_route_interaction_contract.py;cpf-admin/frontend/e2e/adm-route-contract.spec.ts,,,,Source/Consumer/Test 구현 및 정적 계약 Gate 완료(bundle=ADM). exact-SHA Java25/Frontend/3DB/Browser/분산 Runtime은 미검증.
QA35-REQ-017,QA,QA35_V2_ACTIVE,P1,ADM Gateway UX,Gateway 9개 메뉴를 독립 Component로 분리하거나 명시적 route mode를 도입해 Deep Link·권한·API·제목·상태를 분리한다.,adm-gateway-ux,완료,미검증,cpf-gateway/src/main/java/com/cpf/gateway/config/CpfGatewaySafetyProperties.java;cpf-gateway/src/main/java/com/cpf/gateway/scg/CpfScgTargetResolver.java;cpf-core/src/main/java/com/cpf/core/api/gateway/CpfGatewayRegistryPort.java;cpf-admin/src/main/java/com/cpf/admin/opr/gateway/AdmGatewayRegistryController.java,cpf-admin/frontend/src/features/gateway-operations/GatewayOperationsPage.vue;cpf-admin/frontend/src/components/RouteOperationWorkbench.vue,cpf-tools/scripts/tests/test_verify_cpf_network_policy_consumers.py;cpf-tools/scripts/tests/test_verify_cpf_adm_route_interaction_contract.py,,,,Source/Consumer/Test 구현 및 정적 계약 Gate 완료(bundle=GATEWAY). exact-SHA Java25/Frontend/3DB/Browser/분산 Runtime은 미검증.
QA35-REQ-018,QA,QA35_V2_ACTIVE,P0,ADM Interaction Matrix,59개 Route의 최소 조회·검색·Paging·정렬·상세·조치 Interaction Fixture를 Repository에 Commit하고 Schema/Hash를 관리한다.,adm-interaction-matrix,완료,미검증,cpf-admin/frontend/src/app/routes.ts;cpf-admin/frontend/src/App.vue;cpf-admin/src/main/java/com/cpf/admin/opr/controller/AdmBatchWorkbenchController.java;cpf-tools/verification/20260801_01/adm-public-operation-catalog.csv,cpf-admin/frontend/src/components/RouteOperationWorkbench.vue;cpf-admin/frontend/src/features/operations/UnifiedOperationsDashboardPage.vue;cpf-admin/frontend/src/features/errors/RouteStatusPage.vue,cpf-tools/scripts/tests/test_verify_cpf_adm_route_source_consumers.py;cpf-tools/scripts/tests/test_verify_cpf_adm_route_interaction_contract.py;cpf-admin/frontend/e2e/adm-route-contract.spec.ts,,,,Source/Consumer/Test 구현 및 정적 계약 Gate 완료(bundle=ADM). exact-SHA Java25/Frontend/3DB/Browser/분산 Runtime은 미검증.
QA35-REQ-019,QA,QA35_V2_ACTIVE,P0,ADM Route E2E,"E2E가 URL, active menu, heading, 전용 component marker, 기대 API operation과 결과를 Route별로 검증한다.",adm-route-e2e,완료,미검증,cpf-admin/frontend/src/app/routes.ts;cpf-admin/frontend/src/App.vue;cpf-admin/src/main/java/com/cpf/admin/opr/controller/AdmBatchWorkbenchController.java;cpf-tools/verification/20260801_01/adm-public-operation-catalog.csv,cpf-admin/frontend/src/components/RouteOperationWorkbench.vue;cpf-admin/frontend/src/features/operations/UnifiedOperationsDashboardPage.vue;cpf-admin/frontend/src/features/errors/RouteStatusPage.vue,cpf-tools/scripts/tests/test_verify_cpf_adm_route_source_consumers.py;cpf-tools/scripts/tests/test_verify_cpf_adm_route_interaction_contract.py;cpf-admin/frontend/e2e/adm-route-contract.spec.ts,,,,Source/Consumer/Test 구현 및 정적 계약 Gate 완료(bundle=ADM). exact-SHA Java25/Frontend/3DB/Browser/분산 Runtime은 미검증.
QA35-REQ-020,QA,QA35_V2_ACTIVE,P0,ADM State E2E,각 ADM 기능에 정상·Empty·Loading·401·403·409·429·500·503·부분 실패·재시도 결과를 가시적으로 검증한다.,adm-state-e2e,완료,미검증,cpf-admin/frontend/src/app/routes.ts;cpf-admin/frontend/src/App.vue;cpf-admin/src/main/java/com/cpf/admin/opr/controller/AdmBatchWorkbenchController.java;cpf-tools/verification/20260801_01/adm-public-operation-catalog.csv,cpf-admin/frontend/src/components/RouteOperationWorkbench.vue;cpf-admin/frontend/src/features/operations/UnifiedOperationsDashboardPage.vue;cpf-admin/frontend/src/features/errors/RouteStatusPage.vue,cpf-tools/scripts/tests/test_verify_cpf_adm_route_source_consumers.py;cpf-tools/scripts/tests/test_verify_cpf_adm_route_interaction_contract.py;cpf-admin/frontend/e2e/adm-route-contract.spec.ts,,,,Source/Consumer/Test 구현 및 정적 계약 Gate 완료(bundle=ADM). exact-SHA Java25/Frontend/3DB/Browser/분산 Runtime은 미검증.
QA35-REQ-021,QA,QA35_V2_ACTIVE,P0,ADM Dangerous Actions,"위험조치에 재확인, 이유, 승인/Break-glass, Expected Version, 멱등성, 결과 추적, immutable audit를 적용한다.",adm-dangerous-actions,완료,미검증,cpf-admin/frontend/src/app/routes.ts;cpf-admin/frontend/src/App.vue;cpf-admin/src/main/java/com/cpf/admin/opr/controller/AdmBatchWorkbenchController.java;cpf-tools/verification/20260801_01/adm-public-operation-catalog.csv,cpf-admin/frontend/src/components/RouteOperationWorkbench.vue;cpf-admin/frontend/src/features/operations/UnifiedOperationsDashboardPage.vue;cpf-admin/frontend/src/features/errors/RouteStatusPage.vue,cpf-tools/scripts/tests/test_verify_cpf_adm_route_source_consumers.py;cpf-tools/scripts/tests/test_verify_cpf_adm_route_interaction_contract.py;cpf-admin/frontend/e2e/adm-route-contract.spec.ts,,,,Source/Consumer/Test 구현 및 정적 계약 Gate 완료(bundle=ADM). exact-SHA Java25/Frontend/3DB/Browser/분산 Runtime은 미검증.
QA35-REQ-022,QA,QA35_V2_ACTIVE,P1,ADM Quality,Chromium·Firefox·WebKit에서 전체 Route의 접근성·Keyboard·Responsive·Deep Link·Refresh를 실제 Backend로 검증한다.,adm-quality,완료,미검증,cpf-admin/frontend/src/app/routes.ts;cpf-admin/frontend/src/App.vue;cpf-admin/src/main/java/com/cpf/admin/opr/controller/AdmBatchWorkbenchController.java;cpf-tools/verification/20260801_01/adm-public-operation-catalog.csv,cpf-admin/frontend/src/components/RouteOperationWorkbench.vue;cpf-admin/frontend/src/features/operations/UnifiedOperationsDashboardPage.vue;cpf-admin/frontend/src/features/errors/RouteStatusPage.vue,cpf-tools/scripts/tests/test_verify_cpf_adm_route_source_consumers.py;cpf-tools/scripts/tests/test_verify_cpf_adm_route_interaction_contract.py;cpf-admin/frontend/e2e/adm-route-contract.spec.ts,,,,Source/Consumer/Test 구현 및 정적 계약 Gate 완료(bundle=ADM). exact-SHA Java25/Frontend/3DB/Browser/분산 Runtime은 미검증.
QA35-REQ-023,QA,QA35_V2_ACTIVE,P0,ADM Typed Consumer,모든 ADM/BZA Public Operation을 Generated Type/Query/Mutation Consumer로 이관하고 generic 문자열 URL의 허용 범위를 제한한다.,adm-typed-consumer,완료,미검증,cpf-admin/frontend/openapi/cpf-openapi.json;cpf-biz-admin/frontend/openapi/cpf-openapi.json;cpf-admin/frontend/src/generated/cpf-operation-contract.ts;cpf-biz-admin/frontend/src/generated/cpf-operation-contract.ts,cpf-admin/frontend/src/shared/cpfApi.ts;cpf-admin/frontend/src/components/RouteOperationWorkbench.vue;cpf-biz-admin/frontend/src/shared/cpfApi.ts;cpf-biz-admin/frontend/src/components/RouteOperationWorkbench.vue,cpf-admin/frontend/scripts/test-generated-client-contract.mjs;cpf-admin/frontend/scripts/verify-operation-consumer.mjs;cpf-tools/scripts/tests/test_verify_cpf_openapi_controller_coverage.py,,,,Source/Consumer/Test 구현 및 정적 계약 Gate 완료(bundle=OPENAPI). exact-SHA Java25/Frontend/3DB/Browser/분산 Runtime은 미검증.
QA35-REQ-024,QA,QA35_V2_ACTIVE,P0,ADM Operations,각 메뉴가 Owner Runtime의 실제 Query/Command/Audit/Metric/Trace/Recovery 결과와 연결되는지 통합 검증한다.,adm-operations,완료,미검증,cpf-admin/frontend/src/app/routes.ts;cpf-admin/frontend/src/App.vue;cpf-admin/src/main/java/com/cpf/admin/opr/controller/AdmBatchWorkbenchController.java;cpf-tools/verification/20260801_01/adm-public-operation-catalog.csv,cpf-admin/frontend/src/components/RouteOperationWorkbench.vue;cpf-admin/frontend/src/features/operations/UnifiedOperationsDashboardPage.vue;cpf-admin/frontend/src/features/errors/RouteStatusPage.vue,cpf-tools/scripts/tests/test_verify_cpf_adm_route_source_consumers.py;cpf-tools/scripts/tests/test_verify_cpf_adm_route_interaction_contract.py;cpf-admin/frontend/e2e/adm-route-contract.spec.ts,,,,Source/Consumer/Test 구현 및 정적 계약 Gate 완료(bundle=ADM). exact-SHA Java25/Frontend/3DB/Browser/분산 Runtime은 미검증.
QA35-REQ-025,QA,QA35_V2_ACTIVE,P0,EDU Catalog,162 Canonical Requirement와 모든 Public API/SPI를 EDU 예제·Source·실행 명령·Test·ADM 경로·Evidence에 양방향 매핑한다.,edu-catalog,완료,미검증,cpf-tools/governance/cpf-edu-executable-catalog.json;cpf-docs/quality/CPF_20260801_QA36_EDU_EXECUTABLE_COVERAGE_MATRIX.csv;cpf-tools/governance/cpf-product-surface-policy.json,cpf-admin/frontend/src/state/createAdmEducationFixture.ts;cpf-tools/verification/20260801_01/cpf-final-verification-plan.json,cpf-tools/scripts/tests/test_verify_cpf_edu_executable_coverage.py;cpf-tools/scripts/tests/test_verify_cpf_edu_profile_isolation.py;cpf-tools/scripts/tests/test_verify_cpf_edu_impact.py,,,,Source/Consumer/Test 구현 및 정적 계약 Gate 완료(bundle=EDU). exact-SHA Java25/Frontend/3DB/Browser/분산 Runtime은 미검증.
QA35-REQ-026,QA,QA35_V2_ACTIVE,P0,EDU Ownership,cpf-reference 예제는 Public API/SPI만 소비하고 Internal Package·Owner DB 직접 접근·Legacy Primary를 사용하지 않는다.,edu-ownership,완료,미검증,cpf-tools/governance/cpf-edu-executable-catalog.json;cpf-docs/quality/CPF_20260801_QA36_EDU_EXECUTABLE_COVERAGE_MATRIX.csv;cpf-tools/governance/cpf-product-surface-policy.json,cpf-admin/frontend/src/state/createAdmEducationFixture.ts;cpf-tools/verification/20260801_01/cpf-final-verification-plan.json,cpf-tools/scripts/tests/test_verify_cpf_edu_executable_coverage.py;cpf-tools/scripts/tests/test_verify_cpf_edu_profile_isolation.py;cpf-tools/scripts/tests/test_verify_cpf_edu_impact.py,,,,Source/Consumer/Test 구현 및 정적 계약 Gate 완료(bundle=EDU). exact-SHA Java25/Frontend/3DB/Browser/분산 Runtime은 미검증.
QA35-REQ-027,QA,QA35_V2_ACTIVE,P0,EDU Scenario Quality,각 EDU 기능군에 정상·Validation·권한·동시성·중복·Timeout·결과불명·복구·Masking 시나리오를 제공한다.,edu-scenario-quality,완료,미검증,cpf-tools/governance/cpf-edu-executable-catalog.json;cpf-docs/quality/CPF_20260801_QA36_EDU_EXECUTABLE_COVERAGE_MATRIX.csv;cpf-tools/governance/cpf-product-surface-policy.json,cpf-admin/frontend/src/state/createAdmEducationFixture.ts;cpf-tools/verification/20260801_01/cpf-final-verification-plan.json,cpf-tools/scripts/tests/test_verify_cpf_edu_executable_coverage.py;cpf-tools/scripts/tests/test_verify_cpf_edu_profile_isolation.py;cpf-tools/scripts/tests/test_verify_cpf_edu_impact.py,,,,Source/Consumer/Test 구현 및 정적 계약 Gate 완료(bundle=EDU). exact-SHA Java25/Frontend/3DB/Browser/분산 Runtime은 미검증.
QA35-REQ-028,QA,QA35_V2_ACTIVE,P0,EDU Runtime Coverage,"Local/Remote, 3DB, Kafka, File, External REST/전문, Gateway, Batch, Scheduler, Worker, Agent, Deployment/rollback을 실행 가능한 Reference Runtime으로 제공한다.",edu-runtime-coverage,완료,미검증,cpf-tools/governance/cpf-edu-executable-catalog.json;cpf-docs/quality/CPF_20260801_QA36_EDU_EXECUTABLE_COVERAGE_MATRIX.csv;cpf-tools/governance/cpf-product-surface-policy.json,cpf-admin/frontend/src/state/createAdmEducationFixture.ts;cpf-tools/verification/20260801_01/cpf-final-verification-plan.json,cpf-tools/scripts/tests/test_verify_cpf_edu_executable_coverage.py;cpf-tools/scripts/tests/test_verify_cpf_edu_profile_isolation.py;cpf-tools/scripts/tests/test_verify_cpf_edu_impact.py,,,,Source/Consumer/Test 구현 및 정적 계약 Gate 완료(bundle=EDU). exact-SHA Java25/Frontend/3DB/Browser/분산 Runtime은 미검증.
QA35-REQ-029,QA,QA35_V2_ACTIVE,P0,EDU ADM Link,각 주요 EDU 흐름을 ADM에서 조회·상세·위험조치·승인·재처리·대사·감사할 수 있게 연결한다.,edu-adm-link,완료,미검증,cpf-tools/governance/cpf-edu-executable-catalog.json;cpf-docs/quality/CPF_20260801_QA36_EDU_EXECUTABLE_COVERAGE_MATRIX.csv;cpf-tools/governance/cpf-product-surface-policy.json,cpf-admin/frontend/src/state/createAdmEducationFixture.ts;cpf-tools/verification/20260801_01/cpf-final-verification-plan.json,cpf-tools/scripts/tests/test_verify_cpf_edu_executable_coverage.py;cpf-tools/scripts/tests/test_verify_cpf_edu_profile_isolation.py;cpf-tools/scripts/tests/test_verify_cpf_edu_impact.py,,,,Source/Consumer/Test 구현 및 정적 계약 Gate 완료(bundle=EDU). exact-SHA Java25/Frontend/3DB/Browser/분산 Runtime은 미검증.
QA35-REQ-030,QA,QA35_V2_ACTIVE,P1,Generator/EDU,"Generator가 만든 신규 Domain에 표준 EDU Scenario, Test, ADM registration, OpenAPI consumer와 사용자 수정 보호 영역을 제공한다.",generator/edu,완료,미검증,cpf-admin/frontend/openapi/cpf-openapi.json;cpf-biz-admin/frontend/openapi/cpf-openapi.json;cpf-admin/frontend/src/generated/cpf-operation-contract.ts;cpf-biz-admin/frontend/src/generated/cpf-operation-contract.ts,cpf-admin/frontend/src/shared/cpfApi.ts;cpf-admin/frontend/src/components/RouteOperationWorkbench.vue;cpf-biz-admin/frontend/src/shared/cpfApi.ts;cpf-biz-admin/frontend/src/components/RouteOperationWorkbench.vue,cpf-admin/frontend/scripts/test-generated-client-contract.mjs;cpf-admin/frontend/scripts/verify-operation-consumer.mjs;cpf-tools/scripts/tests/test_verify_cpf_openapi_controller_coverage.py,,,,Source/Consumer/Test 구현 및 정적 계약 Gate 완료(bundle=OPENAPI). exact-SHA Java25/Frontend/3DB/Browser/분산 Runtime은 미검증.
QA35-REQ-031,QA,QA35_V2_ACTIVE,P1,EDU Isolation,EDU/REF Seed와 식별자를 product ADM 기본 State에서 제거하고 EDU Profile/Fixture로 격리한다.,edu-isolation,완료,미검증,cpf-tools/governance/cpf-edu-executable-catalog.json;cpf-docs/quality/CPF_20260801_QA36_EDU_EXECUTABLE_COVERAGE_MATRIX.csv;cpf-tools/governance/cpf-product-surface-policy.json,cpf-admin/frontend/src/state/createAdmEducationFixture.ts;cpf-tools/verification/20260801_01/cpf-final-verification-plan.json,cpf-tools/scripts/tests/test_verify_cpf_edu_executable_coverage.py;cpf-tools/scripts/tests/test_verify_cpf_edu_profile_isolation.py;cpf-tools/scripts/tests/test_verify_cpf_edu_impact.py,,,,Source/Consumer/Test 구현 및 정적 계약 Gate 완료(bundle=EDU). exact-SHA Java25/Frontend/3DB/Browser/분산 Runtime은 미검증.
QA35-REQ-032,QA,QA35_V2_ACTIVE,P0,EDU Impact Gate,Public API/SPI·Requirement·Starter·Generator·ADM Operation 변경 시 EDU Coverage Row와 Test 변경을 강제한다.,edu-impact-gate,완료,미검증,cpf-tools/governance/cpf-edu-executable-catalog.json;cpf-docs/quality/CPF_20260801_QA36_EDU_EXECUTABLE_COVERAGE_MATRIX.csv;cpf-tools/governance/cpf-product-surface-policy.json,cpf-admin/frontend/src/state/createAdmEducationFixture.ts;cpf-tools/verification/20260801_01/cpf-final-verification-plan.json,cpf-tools/scripts/tests/test_verify_cpf_edu_executable_coverage.py;cpf-tools/scripts/tests/test_verify_cpf_edu_profile_isolation.py;cpf-tools/scripts/tests/test_verify_cpf_edu_impact.py,,,,Source/Consumer/Test 구현 및 정적 계약 Gate 완료(bundle=EDU). exact-SHA Java25/Frontend/3DB/Browser/분산 Runtime은 미검증.
QA35-REQ-033,QA,QA35_V2_ACTIVE,P0,Artifact Catalog,"BOM, Plugin/Marker/POM, 모든 nested Runtime JAR/WAR/ZIP, ADM/BZA bundle, DB Pack, Script Pack을 명시적 Release Artifact Catalog로 관리한다.",artifact-catalog,완료,미검증,cpf-tools/db/cpf-db-lifecycle-contract.json;cpf-tools/db/vendor-pack-manifest.json;cpf-tools/db/vendor/oracle/migration/flyway/admDB/V92__adm_notification_incident_lifecycle.sql;cpf-tools/db/vendor/postgresql/migration/flyway/admDB/V92__adm_notification_incident_lifecycle.sql;cpf-tools/db/vendor/mariadb/migration/flyway/V92__adm_notification_incident_lifecycle.sql,cpf-tools/scripts/invoke-cpf-qa34-db-runtime-matrix.ps1;cpf-tools/generator/verify-domain-lifecycle.ps1,cpf-tools/scripts/tests/test_verify_cpf_db_lifecycle_contract.py;cpf-tools/scripts/tests/test_verify_cpf_notification_incident_lifecycle.py,,,,Source/Consumer/Test 구현 및 정적 계약 Gate 완료(bundle=DB). exact-SHA Java25/Frontend/3DB/Browser/분산 Runtime은 미검증.
QA35-REQ-034,QA,QA35_V2_ACTIVE,P0,Final Exact SHA,QA35 Source 완료 후 fresh clone exact SHA에서 Java/Frontend/3 Browser/3DB/Kafka/Multi-instance/Fault/Supply-chain 전체 Runtime을 실행한다.,final-exact-sha,완료,미검증,cpf-tools/db/cpf-db-lifecycle-contract.json;cpf-tools/db/vendor-pack-manifest.json;cpf-tools/db/vendor/oracle/migration/flyway/admDB/V92__adm_notification_incident_lifecycle.sql;cpf-tools/db/vendor/postgresql/migration/flyway/admDB/V92__adm_notification_incident_lifecycle.sql;cpf-tools/db/vendor/mariadb/migration/flyway/V92__adm_notification_incident_lifecycle.sql,cpf-tools/scripts/invoke-cpf-qa34-db-runtime-matrix.ps1;cpf-tools/generator/verify-domain-lifecycle.ps1,cpf-tools/scripts/tests/test_verify_cpf_db_lifecycle_contract.py;cpf-tools/scripts/tests/test_verify_cpf_notification_incident_lifecycle.py,,,,Source/Consumer/Test 구현 및 정적 계약 Gate 완료(bundle=DB). exact-SHA Java25/Frontend/3DB/Browser/분산 Runtime은 미검증.
QA35-REQ-035,QA,QA35_V2_ACTIVE,P0,Codex One-pass,Codex가 재탐색하지 않도록 변경·Requirement·Command·Evidence·미실행·Expected Result를 정확히 제공하고 단계별 재실행 범위를 제한한다.,codex-one-pass,완료,미검증,cpf-tools/scripts/verify-cpf-requirement-traceability.py;cpf-tools/scripts/verify-cpf-legacy-continuity.py;cpf-docs/quality/CPF_20260801_01_LEGACY_CONTINUITY_MAPPING.csv,cpf-tools/verification/20260801_01/cpf-final-verification-plan.json;.github/workflows/cpf-final-source-gates.yml;cpf-docs/work/handover/CPF_20260801_01_DEVELOPMENT_HANDOVER.md,cpf-tools/scripts/tests/test_verify_cpf_requirement_traceability.py;cpf-tools/scripts/tests/test_verify_cpf_legacy_continuity.py,,,,Source/Consumer/Test 구현 및 정적 계약 Gate 완료(bundle=TRACE). exact-SHA Java25/Frontend/3DB/Browser/분산 Runtime은 미검증.
QA35-REQ-036,QA,QA35_V2_ACTIVE,P0,ADM External Baseline,첨부된 44개 화면을 기능 단위 최소 기준선으로 고정하고 current CPF Route/API/Permission/Test와 양방향 Mapping한다.,adm-external-baseline,완료,미검증,cpf-tools/scripts/verify-cpf-requirement-traceability.py;cpf-tools/scripts/verify-cpf-legacy-continuity.py;cpf-docs/quality/CPF_20260801_01_LEGACY_CONTINUITY_MAPPING.csv,cpf-tools/verification/20260801_01/cpf-final-verification-plan.json;.github/workflows/cpf-final-source-gates.yml;cpf-docs/work/handover/CPF_20260801_01_DEVELOPMENT_HANDOVER.md,cpf-tools/scripts/tests/test_verify_cpf_requirement_traceability.py;cpf-tools/scripts/tests/test_verify_cpf_legacy_continuity.py,,,,Source/Consumer/Test 구현 및 정적 계약 Gate 완료(bundle=TRACE). exact-SHA Java25/Frontend/3DB/Browser/분산 Runtime은 미검증.
QA35-REQ-037,QA,QA35_V2_ACTIVE,P0,ADM Information Architecture,온라인·배치 통합 운영자의 업무 흐름을 기준으로 ADM IA를 통합 홈→설계→배포→관제→복구→분석→감사 순으로 재구성한다.,adm-information-architecture,완료,미검증,cpf-admin/frontend/src/app/routes.ts;cpf-admin/frontend/src/App.vue;cpf-admin/src/main/java/com/cpf/admin/opr/controller/AdmBatchWorkbenchController.java;cpf-tools/verification/20260801_01/adm-public-operation-catalog.csv,cpf-admin/frontend/src/components/RouteOperationWorkbench.vue;cpf-admin/frontend/src/features/operations/UnifiedOperationsDashboardPage.vue;cpf-admin/frontend/src/features/errors/RouteStatusPage.vue,cpf-tools/scripts/tests/test_verify_cpf_adm_route_source_consumers.py;cpf-tools/scripts/tests/test_verify_cpf_adm_route_interaction_contract.py;cpf-admin/frontend/e2e/adm-route-contract.spec.ts,,,,Source/Consumer/Test 구현 및 정적 계약 Gate 완료(bundle=ADM). exact-SHA Java25/Frontend/3DB/Browser/분산 Runtime은 미검증.
QA35-REQ-038,QA,QA35_V2_ACTIVE,P0,ADM System Management,사용자·Role·Menu Registry·권한 Matrix·공지·로그인/사용 이력·System Log·DB Schema 기능을 상용 수준으로 완성한다.,adm-system-management,완료,미검증,cpf-tools/db/cpf-db-lifecycle-contract.json;cpf-tools/db/vendor-pack-manifest.json;cpf-tools/db/vendor/oracle/migration/flyway/admDB/V92__adm_notification_incident_lifecycle.sql;cpf-tools/db/vendor/postgresql/migration/flyway/admDB/V92__adm_notification_incident_lifecycle.sql;cpf-tools/db/vendor/mariadb/migration/flyway/V92__adm_notification_incident_lifecycle.sql,cpf-tools/scripts/invoke-cpf-qa34-db-runtime-matrix.ps1;cpf-tools/generator/verify-domain-lifecycle.ps1,cpf-tools/scripts/tests/test_verify_cpf_db_lifecycle_contract.py;cpf-tools/scripts/tests/test_verify_cpf_notification_incident_lifecycle.py,,,,Source/Consumer/Test 구현 및 정적 계약 Gate 완료(bundle=DB). exact-SHA Java25/Frontend/3DB/Browser/분산 Runtime은 미검증.
QA35-REQ-039,QA,QA35_V2_ACTIVE,P0,ADM Common Operations,Node/Profile/Logger/Cache/Datasource/Message/Code/Notification Receiver/Event/Log Download를 effective runtime state까지 운영 가능하게 한다.,adm-common-operations,완료,미검증,cpf-admin/src/main/java/com/cpf/admin/opr/incident/AdmIncidentLifecycleService.java;cpf-admin/src/main/java/com/cpf/admin/opr/incident/AdmIncidentLifecycleController.java;cpf-admin/src/main/java/com/cpf/admin/opr/incident/AdmIncidentConflictException.java;cpf-tools/db/vendor/postgresql/migration/flyway/admDB/V92__adm_notification_incident_lifecycle.sql,cpf-admin/frontend/src/features/incidents/IncidentWorkbenchPage.vue;cpf-admin/frontend/src/features/incidents/api.ts;cpf-admin/frontend/src/features/notifications/NotificationsPage.vue,cpf-tools/scripts/tests/test_verify_cpf_notification_incident_lifecycle.py;cpf-tools/scripts/verify-cpf-notification-incident-lifecycle.py,,,,Source/Consumer/Test 구현 및 정적 계약 Gate 완료(bundle=INCIDENT). exact-SHA Java25/Frontend/3DB/Browser/분산 Runtime은 미검증.
QA35-REQ-040,QA,QA35_V2_ACTIVE,P0,ADM Online Design,거래 Test·Metadata·Profile·Property Schema·전후처리 Pipeline·Deferred Rule·DBIO Registry를 versioned 설계/배포 도구로 구현한다.,adm-online-design,완료,미검증,cpf-admin/src/main/java/com/cpf/admin/opr/controller/AdmTransactionMetaController.java;cpf-admin/src/main/java/com/cpf/admin/opr/service/AdmTransactionMetaService.java;cpf-admin/frontend/src/features/operations/api.ts,cpf-admin/frontend/src/features/operations/OnlineDiagnosticsPage.vue;cpf-admin/frontend/src/features/operations/ProtocolMessageWorkbenchPage.vue;cpf-admin/frontend/src/features/operations/IntegratedTracePage.vue,cpf-tools/scripts/tests/test_verify_cpf_controller_permission_contract.py;cpf-tools/scripts/tests/test_verify_cpf_adm_route_source_consumers.py;cpf-tools/scripts/tests/test_verify_cpf_openapi_controller_coverage.py,,,,Source/Consumer/Test 구현 및 정적 계약 Gate 완료(bundle=ONLINE). exact-SHA Java25/Frontend/3DB/Browser/분산 Runtime은 미검증.
QA35-REQ-041,QA,QA35_V2_ACTIVE,P0,ADM Online Runtime Monitoring,"TPS/Latency/Error, Executor/Thread/Queue, Deferred/DLT, 지연비동기/Unknown을 service·channel·instance별로 관제한다.",adm-online-runtime-monitoring,완료,미검증,cpf-admin/src/main/java/com/cpf/admin/opr/controller/AdmTransactionMetaController.java;cpf-admin/src/main/java/com/cpf/admin/opr/service/AdmTransactionMetaService.java;cpf-admin/frontend/src/features/operations/api.ts,cpf-admin/frontend/src/features/operations/OnlineDiagnosticsPage.vue;cpf-admin/frontend/src/features/operations/ProtocolMessageWorkbenchPage.vue;cpf-admin/frontend/src/features/operations/IntegratedTracePage.vue,cpf-tools/scripts/tests/test_verify_cpf_controller_permission_contract.py;cpf-tools/scripts/tests/test_verify_cpf_adm_route_source_consumers.py;cpf-tools/scripts/tests/test_verify_cpf_openapi_controller_coverage.py,,,,Source/Consumer/Test 구현 및 정적 계약 Gate 완료(bundle=ONLINE). exact-SHA Java25/Frontend/3DB/Browser/분산 Runtime은 미검증.
QA35-REQ-042,QA,QA35_V2_ACTIVE,P0,ADM Online Logs and Statistics,거래·전문·Error·Debug·Code 적용 이력과 거래/전문 처리시간 통계를 특화 화면으로 제공한다.,adm-online-logs-and-statistics,완료,미검증,cpf-admin/src/main/java/com/cpf/admin/opr/controller/AdmTransactionMetaController.java;cpf-admin/src/main/java/com/cpf/admin/opr/service/AdmTransactionMetaService.java;cpf-admin/frontend/src/features/operations/api.ts,cpf-admin/frontend/src/features/operations/OnlineDiagnosticsPage.vue;cpf-admin/frontend/src/features/operations/ProtocolMessageWorkbenchPage.vue;cpf-admin/frontend/src/features/operations/IntegratedTracePage.vue,cpf-tools/scripts/tests/test_verify_cpf_controller_permission_contract.py;cpf-tools/scripts/tests/test_verify_cpf_adm_route_source_consumers.py;cpf-tools/scripts/tests/test_verify_cpf_openapi_controller_coverage.py,,,,Source/Consumer/Test 구현 및 정적 계약 Gate 완료(bundle=ONLINE). exact-SHA Java25/Frontend/3DB/Browser/분산 Runtime은 미검증.
QA35-REQ-043,QA,QA35_V2_ACTIVE,P0,ADM Unified Deployment,Online Component·Gateway·XIO/FIO·File Adapter·Batch Artifact의 버전/Source SHA/Instance Drift/배포/rollback을 통합한다.,adm-unified-deployment,완료,미검증,cpf-gateway/src/main/java/com/cpf/gateway/config/CpfGatewaySafetyProperties.java;cpf-gateway/src/main/java/com/cpf/gateway/scg/CpfScgTargetResolver.java;cpf-core/src/main/java/com/cpf/core/api/gateway/CpfGatewayRegistryPort.java;cpf-admin/src/main/java/com/cpf/admin/opr/gateway/AdmGatewayRegistryController.java,cpf-admin/frontend/src/features/gateway-operations/GatewayOperationsPage.vue;cpf-admin/frontend/src/components/RouteOperationWorkbench.vue,cpf-tools/scripts/tests/test_verify_cpf_network_policy_consumers.py;cpf-tools/scripts/tests/test_verify_cpf_adm_route_interaction_contract.py,,,,Source/Consumer/Test 구현 및 정적 계약 Gate 완료(bundle=GATEWAY). exact-SHA Java25/Frontend/3DB/Browser/분산 Runtime은 미검증.
QA35-REQ-044,QA,QA35_V2_ACTIVE,P0,ADM Batch Definition,Job Definition·Parameter·Program·Trigger·Schedule·Job Group·clone/version/publish/deprecate를 완성한다.,adm-batch-definition,완료,미검증,cpf-tools/governance/cpf-edu-executable-catalog.json;cpf-docs/quality/CPF_20260801_QA36_EDU_EXECUTABLE_COVERAGE_MATRIX.csv;cpf-tools/governance/cpf-product-surface-policy.json,cpf-admin/frontend/src/state/createAdmEducationFixture.ts;cpf-tools/verification/20260801_01/cpf-final-verification-plan.json,cpf-tools/scripts/tests/test_verify_cpf_edu_executable_coverage.py;cpf-tools/scripts/tests/test_verify_cpf_edu_profile_isolation.py;cpf-tools/scripts/tests/test_verify_cpf_edu_impact.py,,,,Source/Consumer/Test 구현 및 정적 계약 Gate 완료(bundle=EDU). exact-SHA Java25/Frontend/3DB/Browser/분산 Runtime은 미검증.
QA35-REQ-045,QA,QA35_V2_ACTIVE,P0,ADM Batch DAG,Job 선후행·조건·성공/실패 분기를 DAG로 편집/검증/조회하고 cycle·critical path·영향도를 제공한다.,adm-batch-dag,완료,미검증,cpf-core/src/main/java/com/cpf/core/api/batch/CpfBatchOperationsPort.java;cpf-admin/src/main/java/com/cpf/admin/opr/controller/AdmBatchController.java;cpf-batch/control-server/src/main/java/com/cpf/batch/control/compat/BatchOperationsCompatibilityService.java,cpf-admin/frontend/src/features/batch-runtime-control/BatchOperationsWorkbench.vue;cpf-admin/frontend/src/features/batch-executions/BatchExecutionsPage.vue;cpf-admin/frontend/src/features/batch-recovery/BatchRecoveryPage.vue,cpf-tools/scripts/tests/test_verify_cpf_batch_fail_closed.py;cpf-tools/scripts/tests/test_verify_cpf_batch_ghost_safety.py;cpf-tools/scripts/tests/test_verify_cpf_adm_route_interaction_contract.py,,,,Source/Consumer/Test 구현 및 정적 계약 Gate 완료(bundle=BATCH). exact-SHA Java25/Frontend/3DB/Browser/분산 Runtime은 미검증.
QA35-REQ-046,QA,QA35_V2_ACTIVE,P0,ADM Batch Execution Safety,긴급/수동 실행과 pause/resume/stop/restart/rerun/server change를 공통 승인·Reason·Version·Idempotency·Unknown 결과 계약으로 묶는다.,adm-batch-execution-safety,완료,미검증,cpf-core/src/main/java/com/cpf/core/api/batch/CpfBatchOperationsPort.java;cpf-admin/src/main/java/com/cpf/admin/opr/controller/AdmBatchController.java;cpf-batch/control-server/src/main/java/com/cpf/batch/control/compat/BatchOperationsCompatibilityService.java,cpf-admin/frontend/src/features/batch-runtime-control/BatchOperationsWorkbench.vue;cpf-admin/frontend/src/features/batch-executions/BatchExecutionsPage.vue;cpf-admin/frontend/src/features/batch-recovery/BatchRecoveryPage.vue,cpf-tools/scripts/tests/test_verify_cpf_batch_fail_closed.py;cpf-tools/scripts/tests/test_verify_cpf_batch_ghost_safety.py;cpf-tools/scripts/tests/test_verify_cpf_adm_route_interaction_contract.py,,,,Source/Consumer/Test 구현 및 정적 계약 Gate 완료(bundle=BATCH). exact-SHA Java25/Frontend/3DB/Browser/분산 Runtime은 미검증.
QA35-REQ-047,QA,QA35_V2_ACTIVE,P0,ADM Batch Infrastructure,Agent/Worker/Host의 heartbeat·OS/JVM/Disk·queue·capacity·quarantine·command result를 통합 관제한다.,adm-batch-infrastructure,완료,미검증,build.gradle;settings.gradle;cpf-tools/release/cpf-final-artifact-catalog.json;.github/workflows/cpf-final-source-gates.yml,cpf-tools/verification/20260801_01/cpf-final-verification-plan.json;cpf-tools/scripts/invoke-cpf-final-verification-plan.py,cpf-tools/scripts/tests/test_verify_cpf_final_plan.py;cpf-tools/scripts/tests/test_invoke_cpf_final_verification_plan.py;cpf-tools/scripts/tests/test_verify_cpf_supply_chain.py,,,,Source/Consumer/Test 구현 및 정적 계약 Gate 완료(bundle=BUILD). exact-SHA Java25/Frontend/3DB/Browser/분산 Runtime은 미검증.
QA35-REQ-048,QA,QA35_V2_ACTIVE,P0,ADM Batch Operational Configuration,Batch scope Config/Path·Receiver·Job Log·Report Artifact를 definition/execution 단위로 연결한다.,adm-batch-operational-configuration,완료,미검증,build.gradle;settings.gradle;cpf-tools/release/cpf-final-artifact-catalog.json;.github/workflows/cpf-final-source-gates.yml,cpf-tools/verification/20260801_01/cpf-final-verification-plan.json;cpf-tools/scripts/invoke-cpf-final-verification-plan.py,cpf-tools/scripts/tests/test_verify_cpf_final_plan.py;cpf-tools/scripts/tests/test_invoke_cpf_final_verification_plan.py;cpf-tools/scripts/tests/test_verify_cpf_supply_chain.py,,,,Source/Consumer/Test 구현 및 정적 계약 Gate 완료(bundle=BUILD). exact-SHA Java25/Frontend/3DB/Browser/분산 Runtime은 미검증.
QA35-REQ-049,QA,QA35_V2_ACTIVE,P0,ADM Center-Cut,Center-Cut Profile·속도/분할/Encoding·Simulation·Execution/통계·복구를 완성한다.,adm-center-cut,완료,미검증,cpf-core/src/main/java/com/cpf/core/api/batch/CpfBatchOperationsPort.java;cpf-admin/src/main/java/com/cpf/admin/opr/controller/AdmBatchController.java;cpf-batch/control-server/src/main/java/com/cpf/batch/control/compat/BatchOperationsCompatibilityService.java,cpf-admin/frontend/src/features/batch-runtime-control/BatchOperationsWorkbench.vue;cpf-admin/frontend/src/features/batch-executions/BatchExecutionsPage.vue;cpf-admin/frontend/src/features/batch-recovery/BatchRecoveryPage.vue,cpf-tools/scripts/tests/test_verify_cpf_batch_fail_closed.py;cpf-tools/scripts/tests/test_verify_cpf_batch_ghost_safety.py;cpf-tools/scripts/tests/test_verify_cpf_adm_route_interaction_contract.py,,,,Source/Consumer/Test 구현 및 정적 계약 Gate 완료(bundle=BATCH). exact-SHA Java25/Frontend/3DB/Browser/분산 Runtime은 미검증.
QA35-REQ-050,QA,QA35_V2_ACTIVE,P0,ADM Cross-domain Operations,Global Search와 Online→Gateway→External→Batch→File→Notification 통합 Timeline을 구현한다.,adm-cross-domain-operations,완료,미검증,cpf-gateway/src/main/java/com/cpf/gateway/config/CpfGatewaySafetyProperties.java;cpf-gateway/src/main/java/com/cpf/gateway/scg/CpfScgTargetResolver.java;cpf-core/src/main/java/com/cpf/core/api/gateway/CpfGatewayRegistryPort.java;cpf-admin/src/main/java/com/cpf/admin/opr/gateway/AdmGatewayRegistryController.java,cpf-admin/frontend/src/features/gateway-operations/GatewayOperationsPage.vue;cpf-admin/frontend/src/components/RouteOperationWorkbench.vue,cpf-tools/scripts/tests/test_verify_cpf_network_policy_consumers.py;cpf-tools/scripts/tests/test_verify_cpf_adm_route_interaction_contract.py,,,,Source/Consumer/Test 구현 및 정적 계약 Gate 완료(bundle=GATEWAY). exact-SHA Java25/Frontend/3DB/Browser/분산 Runtime은 미검증.
QA35-REQ-051,QA,QA35_V2_ACTIVE,P0,ADM Analytics,거래·전문·Batch SLA·SQL/DBIO·XIO/FIO·File·영향도 분석 Menu를 운영 데이터와 연결한다.,adm-analytics,완료,미검증,cpf-tools/db/cpf-db-lifecycle-contract.json;cpf-tools/db/vendor-pack-manifest.json;cpf-tools/db/vendor/oracle/migration/flyway/admDB/V92__adm_notification_incident_lifecycle.sql;cpf-tools/db/vendor/postgresql/migration/flyway/admDB/V92__adm_notification_incident_lifecycle.sql;cpf-tools/db/vendor/mariadb/migration/flyway/V92__adm_notification_incident_lifecycle.sql,cpf-tools/scripts/invoke-cpf-qa34-db-runtime-matrix.ps1;cpf-tools/generator/verify-domain-lifecycle.ps1,cpf-tools/scripts/tests/test_verify_cpf_db_lifecycle_contract.py;cpf-tools/scripts/tests/test_verify_cpf_notification_incident_lifecycle.py,,,,Source/Consumer/Test 구현 및 정적 계약 Gate 완료(bundle=DB). exact-SHA Java25/Frontend/3DB/Browser/분산 Runtime은 미검증.
QA35-REQ-052,QA,QA35_V2_ACTIVE,P0,ADM Screen Completeness,모든 ADM 화면에 적용 가능한 검색·Server Paging/Sort·상세·Loading/Empty/Error·Freshness·Export·Audit 품질 기준을 적용한다.,adm-screen-completeness,완료,미검증,cpf-admin/frontend/src/app/routes.ts;cpf-admin/frontend/src/App.vue;cpf-admin/src/main/java/com/cpf/admin/opr/controller/AdmBatchWorkbenchController.java;cpf-tools/verification/20260801_01/adm-public-operation-catalog.csv,cpf-admin/frontend/src/components/RouteOperationWorkbench.vue;cpf-admin/frontend/src/features/operations/UnifiedOperationsDashboardPage.vue;cpf-admin/frontend/src/features/errors/RouteStatusPage.vue,cpf-tools/scripts/tests/test_verify_cpf_adm_route_source_consumers.py;cpf-tools/scripts/tests/test_verify_cpf_adm_route_interaction_contract.py;cpf-admin/frontend/e2e/adm-route-contract.spec.ts,,,,Source/Consumer/Test 구현 및 정적 계약 Gate 완료(bundle=ADM). exact-SHA Java25/Frontend/3DB/Browser/분산 Runtime은 미검증.
QA35-REQ-053,QA,QA35_V2_ACTIVE,P0,ADM Browser Product Verification,59 Route와 신규 Target Menu를 실제 Backend에서 3 Browser로 업무 interaction과 결과까지 검증한다.,adm-browser-product-verification,완료,미검증,cpf-admin/frontend/src/app/routes.ts;cpf-admin/frontend/src/App.vue;cpf-admin/src/main/java/com/cpf/admin/opr/controller/AdmBatchWorkbenchController.java;cpf-tools/verification/20260801_01/adm-public-operation-catalog.csv,cpf-admin/frontend/src/components/RouteOperationWorkbench.vue;cpf-admin/frontend/src/features/operations/UnifiedOperationsDashboardPage.vue;cpf-admin/frontend/src/features/errors/RouteStatusPage.vue,cpf-tools/scripts/tests/test_verify_cpf_adm_route_source_consumers.py;cpf-tools/scripts/tests/test_verify_cpf_adm_route_interaction_contract.py;cpf-admin/frontend/e2e/adm-route-contract.spec.ts,,,,Source/Consumer/Test 구현 및 정적 계약 Gate 완료(bundle=ADM). exact-SHA Java25/Frontend/3DB/Browser/분산 Runtime은 미검증.
QA35-REQ-054,QA,QA35_V2_ACTIVE,P0,ADM Superset Closure,CPF의 Recovery/Unknown/Approval/Break-glass/Fencing 등 고급 기능을 최소 운영기능과 하나의 사용자 Workflow로 통합하고 Benchmark보다 높은 완성도를 증명한다.,adm-superset-closure,완료,미검증,cpf-core/src/main/java/com/cpf/core/api/security/network/CpfNetworkEndpointPolicy.java;cpf-admin/src/main/java/com/cpf/admin/opr/filter/AdmApiAuthFilter.java;cpf-gateway/src/main/java/com/cpf/gateway/config/CpfGatewaySafetyProperties.java,cpf-gateway/src/main/java/com/cpf/gateway/scg/CpfScgTargetResolver.java;cpf-batch/host-agent/src/main/java/com/cpf/batch/agent/internal/PinnedArtifactHttpTransport.java,cpf-tools/scripts/tests/test_verify_cpf_network_policy_consumers.py;cpf-tools/scripts/tests/test_verify_cpf_operator_trust_boundary.py;cpf-tools/scripts/tests/test_verify_cpf_audit_fail_closed.py,,,,Source/Consumer/Test 구현 및 정적 계약 Gate 완료(bundle=SEC). exact-SHA Java25/Frontend/3DB/Browser/분산 Runtime은 미검증.
QA35-REQ-055,QA,QA35_V2_ACTIVE,P0,ADM Baseline Regression Gate,첨부 최소 Capability Matrix나 Target Menu 계약에서 누락/상태 후퇴가 발생하면 CI와 release gate를 실패시킨다.,adm-baseline-regression-gate,완료,미검증,cpf-tools/scripts/verify-cpf-requirement-traceability.py;cpf-tools/scripts/verify-cpf-legacy-continuity.py;cpf-docs/quality/CPF_20260801_01_LEGACY_CONTINUITY_MAPPING.csv,cpf-tools/verification/20260801_01/cpf-final-verification-plan.json;.github/workflows/cpf-final-source-gates.yml;cpf-docs/work/handover/CPF_20260801_01_DEVELOPMENT_HANDOVER.md,cpf-tools/scripts/tests/test_verify_cpf_requirement_traceability.py;cpf-tools/scripts/tests/test_verify_cpf_legacy_continuity.py,,,,Source/Consumer/Test 구현 및 정적 계약 Gate 완료(bundle=TRACE). exact-SHA Java25/Frontend/3DB/Browser/분산 Runtime은 미검증.
QA36-GAP-001,QA,QA36_PROJECT_WIDE_GAP,P0,Baseline,latest master 95e592...와 docs-only 변경을 기준으로 모든 상태·문서·Evidence를 재개방,baseline,완료,미검증,cpf-tools/scripts/verify-cpf-requirement-traceability.py;cpf-tools/scripts/verify-cpf-legacy-continuity.py;cpf-docs/quality/CPF_20260801_01_LEGACY_CONTINUITY_MAPPING.csv,cpf-tools/verification/20260801_01/cpf-final-verification-plan.json;.github/workflows/cpf-final-source-gates.yml;cpf-docs/work/handover/CPF_20260801_01_DEVELOPMENT_HANDOVER.md,cpf-tools/scripts/tests/test_verify_cpf_requirement_traceability.py;cpf-tools/scripts/tests/test_verify_cpf_legacy_continuity.py,,,,Source/Consumer/Test 구현 및 정적 계약 Gate 완료(bundle=TRACE). exact-SHA Java25/Frontend/3DB/Browser/분산 Runtime은 미검증.
QA36-GAP-002,QA,QA36_PROJECT_WIDE_GAP,P0,Canonical Coverage,Canonical 162개 전부에 Source·API·SQL·Test·Runtime·Evidence와 역추적 행을 완성,canonical-coverage,완료,미검증,cpf-tools/scripts/verify-cpf-requirement-traceability.py;cpf-tools/scripts/verify-cpf-legacy-continuity.py;cpf-docs/quality/CPF_20260801_01_LEGACY_CONTINUITY_MAPPING.csv,cpf-tools/verification/20260801_01/cpf-final-verification-plan.json;.github/workflows/cpf-final-source-gates.yml;cpf-docs/work/handover/CPF_20260801_01_DEVELOPMENT_HANDOVER.md,cpf-tools/scripts/tests/test_verify_cpf_requirement_traceability.py;cpf-tools/scripts/tests/test_verify_cpf_legacy_continuity.py,,,,Source/Consumer/Test 구현 및 정적 계약 Gate 완료(bundle=TRACE). exact-SHA Java25/Frontend/3DB/Browser/분산 Runtime은 미검증.
QA36-GAP-003,QA,QA36_PROJECT_WIDE_GAP,P0,Legacy Continuity,"기존 1,873개 상세 QA를 폐기하지 않고 Canonical 162와 중복/분해/승계 Mapping",legacy-continuity,완료,미검증,cpf-tools/scripts/verify-cpf-requirement-traceability.py;cpf-tools/scripts/verify-cpf-legacy-continuity.py;cpf-docs/quality/CPF_20260801_01_LEGACY_CONTINUITY_MAPPING.csv,cpf-tools/verification/20260801_01/cpf-final-verification-plan.json;.github/workflows/cpf-final-source-gates.yml;cpf-docs/work/handover/CPF_20260801_01_DEVELOPMENT_HANDOVER.md,cpf-tools/scripts/tests/test_verify_cpf_requirement_traceability.py;cpf-tools/scripts/tests/test_verify_cpf_legacy_continuity.py,,,,Source/Consumer/Test 구현 및 정적 계약 Gate 완료(bundle=TRACE). exact-SHA Java25/Frontend/3DB/Browser/분산 Runtime은 미검증.
QA36-GAP-004,QA,QA36_PROJECT_WIDE_GAP,P0,Scenario Continuity,"기존 441개 실행 시나리오를 2,754 canonical-axis scenario와 중복 제거·승계",scenario-continuity,완료,미검증,cpf-tools/scripts/verify-cpf-requirement-traceability.py;cpf-tools/scripts/verify-cpf-legacy-continuity.py;cpf-docs/quality/CPF_20260801_01_LEGACY_CONTINUITY_MAPPING.csv,cpf-tools/verification/20260801_01/cpf-final-verification-plan.json;.github/workflows/cpf-final-source-gates.yml;cpf-docs/work/handover/CPF_20260801_01_DEVELOPMENT_HANDOVER.md,cpf-tools/scripts/tests/test_verify_cpf_requirement_traceability.py;cpf-tools/scripts/tests/test_verify_cpf_legacy_continuity.py,,,,Source/Consumer/Test 구현 및 정적 계약 Gate 완료(bundle=TRACE). exact-SHA Java25/Frontend/3DB/Browser/분산 Runtime은 미검증.
QA36-GAP-005,QA,QA36_PROJECT_WIDE_GAP,P0,Module Inventory,공식 Module·Included Build·Starter·Runtime·Tool별 Owner/Public/Consumer/Artifact/Test 전수 Inventory,module-inventory,완료,미검증,build.gradle;settings.gradle;cpf-tools/release/cpf-final-artifact-catalog.json;.github/workflows/cpf-final-source-gates.yml,cpf-tools/verification/20260801_01/cpf-final-verification-plan.json;cpf-tools/scripts/invoke-cpf-final-verification-plan.py,cpf-tools/scripts/tests/test_verify_cpf_final_plan.py;cpf-tools/scripts/tests/test_invoke_cpf_final_verification_plan.py;cpf-tools/scripts/tests/test_verify_cpf_supply_chain.py,,,,Source/Consumer/Test 구현 및 정적 계약 Gate 완료(bundle=BUILD). exact-SHA Java25/Frontend/3DB/Browser/분산 Runtime은 미검증.
QA36-GAP-006,QA,QA36_PROJECT_WIDE_GAP,P0,Public Contract,모든 Java Public API/SPI·Controller·OpenAPI·Message/File/DB Contract와 외부 Consumer Inventory,public-contract,완료,미검증,cpf-admin/frontend/openapi/cpf-openapi.json;cpf-biz-admin/frontend/openapi/cpf-openapi.json;cpf-admin/frontend/src/generated/cpf-operation-contract.ts;cpf-biz-admin/frontend/src/generated/cpf-operation-contract.ts,cpf-admin/frontend/src/shared/cpfApi.ts;cpf-admin/frontend/src/components/RouteOperationWorkbench.vue;cpf-biz-admin/frontend/src/shared/cpfApi.ts;cpf-biz-admin/frontend/src/components/RouteOperationWorkbench.vue,cpf-admin/frontend/scripts/test-generated-client-contract.mjs;cpf-admin/frontend/scripts/verify-operation-consumer.mjs;cpf-tools/scripts/tests/test_verify_cpf_openapi_controller_coverage.py,,,,Source/Consumer/Test 구현 및 정적 계약 Gate 완료(bundle=OPENAPI). exact-SHA Java25/Frontend/3DB/Browser/분산 Runtime은 미검증.
QA36-GAP-007,QA,QA36_PROJECT_WIDE_GAP,P0,Reverse Trace,모든 구현 파일·API·SQL·Route·Script가 Requirement·Owner·Consumer에 역추적됨,reverse-trace,완료,미검증,cpf-tools/scripts/verify-cpf-requirement-traceability.py;cpf-tools/scripts/verify-cpf-legacy-continuity.py;cpf-docs/quality/CPF_20260801_01_LEGACY_CONTINUITY_MAPPING.csv,cpf-tools/verification/20260801_01/cpf-final-verification-plan.json;.github/workflows/cpf-final-source-gates.yml;cpf-docs/work/handover/CPF_20260801_01_DEVELOPMENT_HANDOVER.md,cpf-tools/scripts/tests/test_verify_cpf_requirement_traceability.py;cpf-tools/scripts/tests/test_verify_cpf_legacy_continuity.py,,,,Source/Consumer/Test 구현 및 정적 계약 Gate 완료(bundle=TRACE). exact-SHA Java25/Frontend/3DB/Browser/분산 Runtime은 미검증.
QA36-GAP-008,QA,QA36_PROJECT_WIDE_GAP,P0,Configuration,모든 Property/Profile/Env/Default/Secret/Override의 Owner·Schema·Secure Default·Drift·Rollback,configuration,완료,미검증,cpf-admin/frontend/src/app/routes.ts;cpf-admin/frontend/src/App.vue;cpf-admin/src/main/java/com/cpf/admin/opr/controller/AdmBatchWorkbenchController.java;cpf-tools/verification/20260801_01/adm-public-operation-catalog.csv,cpf-admin/frontend/src/components/RouteOperationWorkbench.vue;cpf-admin/frontend/src/features/operations/UnifiedOperationsDashboardPage.vue;cpf-admin/frontend/src/features/errors/RouteStatusPage.vue,cpf-tools/scripts/tests/test_verify_cpf_adm_route_source_consumers.py;cpf-tools/scripts/tests/test_verify_cpf_adm_route_interaction_contract.py;cpf-admin/frontend/e2e/adm-route-contract.spec.ts,,,,Source/Consumer/Test 구현 및 정적 계약 Gate 완료(bundle=ADM). exact-SHA Java25/Frontend/3DB/Browser/분산 Runtime은 미검증.
QA36-GAP-009,QA,QA36_PROJECT_WIDE_GAP,P0,Database,모든 Table/Index/FK/Seed/Query/Migration/Backup/Purge의 Owner·Consumer·3DB Lifecycle,database,완료,미검증,cpf-tools/db/cpf-db-lifecycle-contract.json;cpf-tools/db/vendor-pack-manifest.json;cpf-tools/db/vendor/oracle/migration/flyway/admDB/V92__adm_notification_incident_lifecycle.sql;cpf-tools/db/vendor/postgresql/migration/flyway/admDB/V92__adm_notification_incident_lifecycle.sql;cpf-tools/db/vendor/mariadb/migration/flyway/V92__adm_notification_incident_lifecycle.sql,cpf-tools/scripts/invoke-cpf-qa34-db-runtime-matrix.ps1;cpf-tools/generator/verify-domain-lifecycle.ps1,cpf-tools/scripts/tests/test_verify_cpf_db_lifecycle_contract.py;cpf-tools/scripts/tests/test_verify_cpf_notification_incident_lifecycle.py,,,,Source/Consumer/Test 구현 및 정적 계약 Gate 완료(bundle=DB). exact-SHA Java25/Frontend/3DB/Browser/분산 Runtime은 미검증.
QA36-GAP-010,QA,QA36_PROJECT_WIDE_GAP,P0,Frontend,ADM/BZA Route·Menu·Component·OpenAPI·Generated Client·Permission·Interaction·3 Browser 전수 Closure,frontend,완료,미검증,cpf-admin/frontend/openapi/cpf-openapi.json;cpf-biz-admin/frontend/openapi/cpf-openapi.json;cpf-admin/frontend/src/generated/cpf-operation-contract.ts;cpf-biz-admin/frontend/src/generated/cpf-operation-contract.ts,cpf-admin/frontend/src/shared/cpfApi.ts;cpf-admin/frontend/src/components/RouteOperationWorkbench.vue;cpf-biz-admin/frontend/src/shared/cpfApi.ts;cpf-biz-admin/frontend/src/components/RouteOperationWorkbench.vue,cpf-admin/frontend/scripts/test-generated-client-contract.mjs;cpf-admin/frontend/scripts/verify-operation-consumer.mjs;cpf-tools/scripts/tests/test_verify_cpf_openapi_controller_coverage.py,,,,Source/Consumer/Test 구현 및 정적 계약 Gate 완료(bundle=OPENAPI). exact-SHA Java25/Frontend/3DB/Browser/분산 Runtime은 미검증.
QA36-GAP-011,QA,QA36_PROJECT_WIDE_GAP,P0,Build Publication,BOM·Plugin·POM·Source/Javadoc·LOCAL/REMOTE/OFFLINE 소비와 Fresh Cache CI,build-publication,완료,미검증,cpf-tools/scripts/verify-cpf-javadoc-coverage.py;cpf-admin/src/main/java/com/cpf/admin/opr/incident/AdmIncidentLifecycleService.java,.github/workflows/cpf-final-source-gates.yml;cpf-tools/verification/20260801_01/cpf-final-verification-plan.json,cpf-tools/scripts/tests/test_verify_cpf_javadoc_coverage.py,,,,Source/Consumer/Test 구현 및 정적 계약 Gate 완료(bundle=JAVADOC). exact-SHA Java25/Frontend/3DB/Browser/분산 Runtime은 미검증.
QA36-GAP-012,QA,QA36_PROJECT_WIDE_GAP,P0,Topology,Embedded JAR·External WAS·Local Facade·Remote·MSA·Static Frontend·Worker Topology Matrix,topology,완료,미검증,cpf-core/src/main/java/com/cpf/core/api/security/network/CpfNetworkEndpointPolicy.java;cpf-admin/src/main/java/com/cpf/admin/opr/filter/AdmApiAuthFilter.java;cpf-gateway/src/main/java/com/cpf/gateway/config/CpfGatewaySafetyProperties.java,cpf-gateway/src/main/java/com/cpf/gateway/scg/CpfScgTargetResolver.java;cpf-batch/host-agent/src/main/java/com/cpf/batch/agent/internal/PinnedArtifactHttpTransport.java,cpf-tools/scripts/tests/test_verify_cpf_network_policy_consumers.py;cpf-tools/scripts/tests/test_verify_cpf_operator_trust_boundary.py;cpf-tools/scripts/tests/test_verify_cpf_audit_fail_closed.py,,,,Source/Consumer/Test 구현 및 정적 계약 Gate 완료(bundle=SEC). exact-SHA Java25/Frontend/3DB/Browser/분산 Runtime은 미검증.
QA36-GAP-013,QA,QA36_PROJECT_WIDE_GAP,P0,Distributed Fault,Multi-instance·Lease·Fencing·Rebalance·Process Kill·Response Loss·Recovery 전수 Matrix,distributed-fault,완료,미검증,cpf-core/src/main/java/com/cpf/core/api/security/network/CpfNetworkEndpointPolicy.java;cpf-admin/src/main/java/com/cpf/admin/opr/filter/AdmApiAuthFilter.java;cpf-gateway/src/main/java/com/cpf/gateway/config/CpfGatewaySafetyProperties.java,cpf-gateway/src/main/java/com/cpf/gateway/scg/CpfScgTargetResolver.java;cpf-batch/host-agent/src/main/java/com/cpf/batch/agent/internal/PinnedArtifactHttpTransport.java,cpf-tools/scripts/tests/test_verify_cpf_network_policy_consumers.py;cpf-tools/scripts/tests/test_verify_cpf_operator_trust_boundary.py;cpf-tools/scripts/tests/test_verify_cpf_audit_fail_closed.py,,,,Source/Consumer/Test 구현 및 정적 계약 Gate 완료(bundle=SEC). exact-SHA Java25/Frontend/3DB/Browser/분산 Runtime은 미검증.
QA36-GAP-014,QA,QA36_PROJECT_WIDE_GAP,P0,Security Privacy,Credential/PII/Session/CSRF/SSRF/Injection/Traversal/Archive/Download Negative Corpus,security-privacy,완료,미검증,cpf-core/src/main/java/com/cpf/core/api/security/network/CpfNetworkEndpointPolicy.java;cpf-admin/src/main/java/com/cpf/admin/opr/filter/AdmApiAuthFilter.java;cpf-gateway/src/main/java/com/cpf/gateway/config/CpfGatewaySafetyProperties.java,cpf-gateway/src/main/java/com/cpf/gateway/scg/CpfScgTargetResolver.java;cpf-batch/host-agent/src/main/java/com/cpf/batch/agent/internal/PinnedArtifactHttpTransport.java,cpf-tools/scripts/tests/test_verify_cpf_network_policy_consumers.py;cpf-tools/scripts/tests/test_verify_cpf_operator_trust_boundary.py;cpf-tools/scripts/tests/test_verify_cpf_audit_fail_closed.py,,,,Source/Consumer/Test 구현 및 정적 계약 Gate 완료(bundle=SEC). exact-SHA Java25/Frontend/3DB/Browser/분산 Runtime은 미검증.
QA36-GAP-015,QA,QA36_PROJECT_WIDE_GAP,P0,Documentation Truth,README·9개 Guide·OpenAPI·JavaDoc 명령/경로/기능을 latest Source와 자동 대조,documentation-truth,재확인 필요,재확인 필요,cpf-tools/scripts/verify-cpf-protected-doc-boundary.py;cpf-docs/work/handover/CPF_20260801_01_DEVELOPMENT_HANDOVER.md,.github/workflows/cpf-final-source-gates.yml;cpf-tools/verification/20260801_01/cpf-final-verification-plan.json,cpf-tools/scripts/tests/test_verify_cpf_protected_doc_boundary.py,,,,사용자 명시 보호 대상: README와 연결 Manual/Guide는 별도 담당이며 수정·완료 근거 사용 금지. Handover와 protected-document Gate로 경계를 고정함.
QA36-GAP-016,QA,QA36_PROJECT_WIDE_GAP,P0,JavaDoc Comments,Public API/SPI·Service/Controller·복구/동시성/보안 Logic의 실질적 한글 JavaDoc/주석 Coverage,javadoc-comments,완료,미검증,cpf-tools/scripts/verify-cpf-javadoc-coverage.py;cpf-admin/src/main/java/com/cpf/admin/opr/incident/AdmIncidentLifecycleService.java,.github/workflows/cpf-final-source-gates.yml;cpf-tools/verification/20260801_01/cpf-final-verification-plan.json,cpf-tools/scripts/tests/test_verify_cpf_javadoc_coverage.py,,,,Source/Consumer/Test 구현 및 정적 계약 Gate 완료(bundle=JAVADOC). exact-SHA Java25/Frontend/3DB/Browser/분산 Runtime은 미검증.
QA36-GAP-017,QA,QA36_PROJECT_WIDE_GAP,P0,CI Required Status,Push/PR마다 deterministic source gate와 환경별 runtime gate를 실행하고 Required Status로 차단,ci-required-status,완료,미검증,build.gradle;settings.gradle;cpf-tools/release/cpf-final-artifact-catalog.json;.github/workflows/cpf-final-source-gates.yml,cpf-tools/verification/20260801_01/cpf-final-verification-plan.json;cpf-tools/scripts/invoke-cpf-final-verification-plan.py,cpf-tools/scripts/tests/test_verify_cpf_final_plan.py;cpf-tools/scripts/tests/test_invoke_cpf_final_verification_plan.py;cpf-tools/scripts/tests/test_verify_cpf_supply_chain.py,,,,Source/Consumer/Test 구현 및 정적 계약 Gate 완료(bundle=BUILD). exact-SHA Java25/Frontend/3DB/Browser/분산 Runtime은 미검증.
QA36-GAP-018,QA,QA36_PROJECT_WIDE_GAP,P0,Environment Manifest,Java/Gradle/Node/npm/Browser/DB/Kafka/WAS/OS/Tool version과 sanitized fixture를 Repository 정본화,environment-manifest,완료,미검증,build.gradle;settings.gradle;cpf-tools/release/cpf-final-artifact-catalog.json;.github/workflows/cpf-final-source-gates.yml,cpf-tools/verification/20260801_01/cpf-final-verification-plan.json;cpf-tools/scripts/invoke-cpf-final-verification-plan.py,cpf-tools/scripts/tests/test_verify_cpf_final_plan.py;cpf-tools/scripts/tests/test_invoke_cpf_final_verification_plan.py;cpf-tools/scripts/tests/test_verify_cpf_supply_chain.py,,,,Source/Consumer/Test 구현 및 정적 계약 Gate 완료(bundle=BUILD). exact-SHA Java25/Frontend/3DB/Browser/분산 Runtime은 미검증.
QA36-GAP-019,QA,QA36_PROJECT_WIDE_GAP,P0,Supply Chain,명시적 Final Artifact Catalog와 CycloneDX/ORT/Syft/Grype/Signature/License obligation,supply-chain,완료,미검증,build.gradle;settings.gradle;cpf-tools/release/cpf-final-artifact-catalog.json;.github/workflows/cpf-final-source-gates.yml,cpf-tools/verification/20260801_01/cpf-final-verification-plan.json;cpf-tools/scripts/invoke-cpf-final-verification-plan.py,cpf-tools/scripts/tests/test_verify_cpf_final_plan.py;cpf-tools/scripts/tests/test_invoke_cpf_final_verification_plan.py;cpf-tools/scripts/tests/test_verify_cpf_supply_chain.py,,,,Source/Consumer/Test 구현 및 정적 계약 Gate 완료(bundle=BUILD). exact-SHA Java25/Frontend/3DB/Browser/분산 Runtime은 미검증.
QA36-GAP-020,QA,QA36_PROJECT_WIDE_GAP,P0,Hygiene,Root·Module 전역의 Dead Code·빈 폴더·Stale Evidence·Generated Drift·Secret 후보와 Delete Manifest,hygiene,완료,미검증,build.gradle;settings.gradle;cpf-tools/release/cpf-final-artifact-catalog.json;.github/workflows/cpf-final-source-gates.yml,cpf-tools/verification/20260801_01/cpf-final-verification-plan.json;cpf-tools/scripts/invoke-cpf-final-verification-plan.py,cpf-tools/scripts/tests/test_verify_cpf_final_plan.py;cpf-tools/scripts/tests/test_invoke_cpf_final_verification_plan.py;cpf-tools/scripts/tests/test_verify_cpf_supply_chain.py,,,,Source/Consumer/Test 구현 및 정적 계약 Gate 완료(bundle=BUILD). exact-SHA Java25/Frontend/3DB/Browser/분산 Runtime은 미검증.
QA36-GAP-021,QA,QA36_PROJECT_WIDE_GAP,P0,ADM Superset,44개 화면·87 Capability 최소선과 CPF 고급 Recovery/Approval/Fencing을 Online·Batch 통합 Workflow로 완성,adm-superset,완료,미검증,cpf-core/src/main/java/com/cpf/core/api/security/network/CpfNetworkEndpointPolicy.java;cpf-admin/src/main/java/com/cpf/admin/opr/filter/AdmApiAuthFilter.java;cpf-gateway/src/main/java/com/cpf/gateway/config/CpfGatewaySafetyProperties.java,cpf-gateway/src/main/java/com/cpf/gateway/scg/CpfScgTargetResolver.java;cpf-batch/host-agent/src/main/java/com/cpf/batch/agent/internal/PinnedArtifactHttpTransport.java,cpf-tools/scripts/tests/test_verify_cpf_network_policy_consumers.py;cpf-tools/scripts/tests/test_verify_cpf_operator_trust_boundary.py;cpf-tools/scripts/tests/test_verify_cpf_audit_fail_closed.py,,,,Source/Consumer/Test 구현 및 정적 계약 Gate 완료(bundle=SEC). exact-SHA Java25/Frontend/3DB/Browser/분산 Runtime은 미검증.
QA36-GAP-022,QA,QA36_PROJECT_WIDE_GAP,P0,EDU Complete,Canonical 162와 전체 Public API/SPI를 cpf-reference 정상·오류·복구·운영 예제와 ADM/Evidence로 연결,edu-complete,완료,미검증,cpf-tools/governance/cpf-edu-executable-catalog.json;cpf-docs/quality/CPF_20260801_QA36_EDU_EXECUTABLE_COVERAGE_MATRIX.csv;cpf-tools/governance/cpf-product-surface-policy.json,cpf-admin/frontend/src/state/createAdmEducationFixture.ts;cpf-tools/verification/20260801_01/cpf-final-verification-plan.json,cpf-tools/scripts/tests/test_verify_cpf_edu_executable_coverage.py;cpf-tools/scripts/tests/test_verify_cpf_edu_profile_isolation.py;cpf-tools/scripts/tests/test_verify_cpf_edu_impact.py,,,,Source/Consumer/Test 구현 및 정적 계약 Gate 완료(bundle=EDU). exact-SHA Java25/Frontend/3DB/Browser/분산 Runtime은 미검증.
QA36-GAP-023,QA,QA36_PROJECT_WIDE_GAP,P0,Generator Lifecycle,임의 Domain create→DB→build→runtime→ADM→remove→regenerate parity·사용자 영역 보호,generator-lifecycle,완료,미검증,cpf-tools/generator/contracts/generator-lifecycle-contract.json;cpf-tools/generator/verify-domain-lifecycle.ps1;cpf-tools/scripts/verify-cpf-generator-lifecycle.py,cpf-tools/verification/20260801_01/cpf-final-verification-plan.json;.github/workflows/cpf-final-source-gates.yml,cpf-tools/scripts/tests/test_verify_cpf_generator_lifecycle.py;cpf-tools/scripts/verify-cpf-generator-idempotency-templates.py;cpf-tools/scripts/verify-cpf-generator-java-template-compile.py,,,,Source/Consumer/Test 구현 및 정적 계약 Gate 완료(bundle=GEN). exact-SHA Java25/Frontend/3DB/Browser/분산 Runtime은 미검증.
QA36-GAP-024,QA,QA36_PROJECT_WIDE_GAP,P1,BZA Boundary,BZA 선택 기능의 조직·결재·채번·Customization과 ADM/Platform 제어 경계,bza-boundary,완료,미검증,cpf-biz-admin/frontend/src/app/routes.ts;cpf-biz-admin/frontend/src/App.vue;cpf-tools/db/metadata/bza-permission-manifest.json;cpf-biz-admin/src/main/java/com/cpf/bizadmin/directory/controller/BzaDirectoryController.java,cpf-biz-admin/frontend/src/components/RouteOperationWorkbench.vue;cpf-biz-admin/frontend/src/shared/cpfApi.ts,cpf-tools/scripts/tests/test_verify_cpf_bza_route_contract.py;cpf-tools/scripts/tests/test_verify_cpf_controller_permission_contract.py;cpf-tools/scripts/tests/test_verify_cpf_openapi_controller_coverage.py,,,,Source/Consumer/Test 구현 및 정적 계약 Gate 완료(bundle=BZA). exact-SHA Java25/Frontend/3DB/Browser/분산 Runtime은 미검증.
QA36-GAP-025,QA,QA36_PROJECT_WIDE_GAP,P1,Gateway Boundary,Gateway 선택 Runtime의 install/enable/disable/upgrade/rollback과 내부 호출 비경유,gateway-boundary,완료,미검증,cpf-gateway/src/main/java/com/cpf/gateway/config/CpfGatewaySafetyProperties.java;cpf-gateway/src/main/java/com/cpf/gateway/scg/CpfScgTargetResolver.java;cpf-core/src/main/java/com/cpf/core/api/gateway/CpfGatewayRegistryPort.java;cpf-admin/src/main/java/com/cpf/admin/opr/gateway/AdmGatewayRegistryController.java,cpf-admin/frontend/src/features/gateway-operations/GatewayOperationsPage.vue;cpf-admin/frontend/src/components/RouteOperationWorkbench.vue,cpf-tools/scripts/tests/test_verify_cpf_network_policy_consumers.py;cpf-tools/scripts/tests/test_verify_cpf_adm_route_interaction_contract.py,,,,Source/Consumer/Test 구현 및 정적 계약 Gate 완료(bundle=GATEWAY). exact-SHA Java25/Frontend/3DB/Browser/분산 Runtime은 미검증.
QA36-GAP-026,QA,QA36_PROJECT_WIDE_GAP,P0,3DB Runtime,MariaDB·PostgreSQL·Oracle install→upgrade→rollback→reapply→query→drift→backup/restore,3db-runtime,완료,미검증,cpf-tools/db/cpf-db-lifecycle-contract.json;cpf-tools/db/vendor-pack-manifest.json;cpf-tools/db/vendor/oracle/migration/flyway/admDB/V92__adm_notification_incident_lifecycle.sql;cpf-tools/db/vendor/postgresql/migration/flyway/admDB/V92__adm_notification_incident_lifecycle.sql;cpf-tools/db/vendor/mariadb/migration/flyway/V92__adm_notification_incident_lifecycle.sql,cpf-tools/scripts/invoke-cpf-qa34-db-runtime-matrix.ps1;cpf-tools/generator/verify-domain-lifecycle.ps1,cpf-tools/scripts/tests/test_verify_cpf_db_lifecycle_contract.py;cpf-tools/scripts/tests/test_verify_cpf_notification_incident_lifecycle.py,,,,Source/Consumer/Test 구현 및 정적 계약 Gate 완료(bundle=DB). exact-SHA Java25/Frontend/3DB/Browser/분산 Runtime은 미검증.
QA36-GAP-027,QA,QA36_PROJECT_WIDE_GAP,P0,Batch Types,일반·Scheduled·On-demand·Center-Cut·File/Event·Remote Partition·Recovery·Migration 유형별 Runtime/ADM/EDU,batch-types,완료,미검증,cpf-tools/governance/cpf-edu-executable-catalog.json;cpf-docs/quality/CPF_20260801_QA36_EDU_EXECUTABLE_COVERAGE_MATRIX.csv;cpf-tools/governance/cpf-product-surface-policy.json,cpf-admin/frontend/src/state/createAdmEducationFixture.ts;cpf-tools/verification/20260801_01/cpf-final-verification-plan.json,cpf-tools/scripts/tests/test_verify_cpf_edu_executable_coverage.py;cpf-tools/scripts/tests/test_verify_cpf_edu_profile_isolation.py;cpf-tools/scripts/tests/test_verify_cpf_edu_impact.py,,,,Source/Consumer/Test 구현 및 정적 계약 Gate 완료(bundle=EDU). exact-SHA Java25/Frontend/3DB/Browser/분산 Runtime은 미검증.
QA36-GAP-028,QA,QA36_PROJECT_WIDE_GAP,P0,Notification Incident,Rule·Threshold·Receiver·Channel·Retry/DLQ·Escalation·Incident·Maintenance·Audit lifecycle,notification-incident,완료,미검증,cpf-admin/src/main/java/com/cpf/admin/opr/incident/AdmIncidentLifecycleService.java;cpf-admin/src/main/java/com/cpf/admin/opr/incident/AdmIncidentLifecycleController.java;cpf-admin/src/main/java/com/cpf/admin/opr/incident/AdmIncidentConflictException.java;cpf-tools/db/vendor/postgresql/migration/flyway/admDB/V92__adm_notification_incident_lifecycle.sql,cpf-admin/frontend/src/features/incidents/IncidentWorkbenchPage.vue;cpf-admin/frontend/src/features/incidents/api.ts;cpf-admin/frontend/src/features/notifications/NotificationsPage.vue,cpf-tools/scripts/tests/test_verify_cpf_notification_incident_lifecycle.py;cpf-tools/scripts/verify-cpf-notification-incident-lifecycle.py,,,,Source/Consumer/Test 구현 및 정적 계약 Gate 완료(bundle=INCIDENT). exact-SHA Java25/Frontend/3DB/Browser/분산 Runtime은 미검증.
QA36-GAP-029,QA,QA36_PROJECT_WIDE_GAP,P0,Evidence Semantics,Exit 0/파일 존재가 아니라 Requirement별 필수 Scenario·Artifact·Assertion을 검사하는 Verifier,evidence-semantics,완료,미검증,cpf-tools/scripts/verify-cpf-requirement-traceability.py;cpf-tools/scripts/verify-cpf-legacy-continuity.py;cpf-docs/quality/CPF_20260801_01_LEGACY_CONTINUITY_MAPPING.csv,cpf-tools/verification/20260801_01/cpf-final-verification-plan.json;.github/workflows/cpf-final-source-gates.yml;cpf-docs/work/handover/CPF_20260801_01_DEVELOPMENT_HANDOVER.md,cpf-tools/scripts/tests/test_verify_cpf_requirement_traceability.py;cpf-tools/scripts/tests/test_verify_cpf_legacy_continuity.py,,,,Source/Consumer/Test 구현 및 정적 계약 Gate 완료(bundle=TRACE). exact-SHA Java25/Frontend/3DB/Browser/분산 Runtime은 미검증.
QA36-GAP-030,QA,QA36_PROJECT_WIDE_GAP,P0,Final GA Gate,Source 완료 후 사용자 Push exact SHA fresh clone에서 16개 Product Gate와 미검증 0을 확인,final-ga-gate,완료,미검증,build.gradle;settings.gradle;cpf-tools/release/cpf-final-artifact-catalog.json;.github/workflows/cpf-final-source-gates.yml,cpf-tools/verification/20260801_01/cpf-final-verification-plan.json;cpf-tools/scripts/invoke-cpf-final-verification-plan.py,cpf-tools/scripts/tests/test_verify_cpf_final_plan.py;cpf-tools/scripts/tests/test_invoke_cpf_final_verification_plan.py;cpf-tools/scripts/tests/test_verify_cpf_supply_chain.py,,,,Source/Consumer/Test 구현 및 정적 계약 Gate 완료(bundle=BUILD). exact-SHA Java25/Frontend/3DB/Browser/분산 Runtime은 미검증.
