exec_id,canonical_ref,target_menu_group,route_id,current_path,screen_name,risk_level,feature_description,required_ui,required_flow,acceptance,evidence,status,coverage_route_id,coverage_path,coverage_mode,coverage_notes,development_status,verification_status
ADMUI-001,"ADM-SERVICE, ADM-UX",01 운영현황,capacity,/capacity,Online Runtime Diagnostics,MEDIUM,온라인 Runtime의 Health/Status와 Outbox/Inbox/Idempotency/File 처리 현황을 함께 보고 병목·적체 징후를 진단.,페이지 제목+기능설명; 검색/필터; Loading/Empty/Error; 상세/Drill-down; 권한표현; 최근갱신; 관련ID Copy; Help,Menu→Route→Page→Generated Client→Backend API→Owner Runtime/DB→Permission/Audit→E2E,expectedOperationIds 6개 실제 Consumer 확인; raw mock-only 금지; 401/403/404/409/429/500/503 UX; Desktop/Narrow Playwright,"Route Matrix, OpenAPI operation mapping, Browser E2E, Screenshot, permission/audit evidence",DEVELOPMENT_COMPLETE_RUNTIME_UNVERIFIED,capacity,/capacity,DIRECT,요구 Capability를 동일 물리 Route의 Page→Generated Client→Backend Owner 흐름으로 직접 제공,완료,미검증
ADMUI-002,"ADM-UX, ADM-SERVICE, ADM-INCIDENT",01 운영현황,dashboard,/,통합 운영 Dashboard,MEDIUM,플랫폼 전체 상태를 한 화면에서 요약하고 장애·Unknown·DLQ·Batch 실패·Readiness/Liveness를 업무 흐름별 상세 화면으로 Drill-down하는 운영 시작점.,페이지 제목+기능설명; 검색/필터; Loading/Empty/Error; 상세/Drill-down; 권한표현; 최근갱신; 관련ID Copy; Help,Menu→Route→Page→Generated Client→Backend API→Owner Runtime/DB→Permission/Audit→E2E,expectedOperationIds 9개 실제 Consumer 확인; raw mock-only 금지; 401/403/404/409/429/500/503 UX; Desktop/Narrow Playwright,"Route Matrix, OpenAPI operation mapping, Browser E2E, Screenshot, permission/audit evidence",DEVELOPMENT_COMPLETE_RUNTIME_UNVERIFIED,dashboard,/,DIRECT,요구 Capability를 동일 물리 Route의 Page→Generated Client→Backend Owner 흐름으로 직접 제공,완료,미검증
ADMUI-003,ADM-SERVICE,01 운영현황,health-instances,/health-instances,Runtime Instance Health,MEDIUM,"Runtime Instance별 Readiness/Liveness, 최근 상태변경, 기본 진단정보를 조회하여 개별 인스턴스 장애를 빠르게 식별.",페이지 제목+기능설명; 검색/필터; Loading/Empty/Error; 상세/Drill-down; 권한표현; 최근갱신; 관련ID Copy; Help,Menu→Route→Page→Generated Client→Backend API→Owner Runtime/DB→Permission/Audit→E2E,expectedOperationIds 2개 실제 Consumer 확인; raw mock-only 금지; 401/403/404/409/429/500/503 UX; Desktop/Narrow Playwright,"Route Matrix, OpenAPI operation mapping, Browser E2E, Screenshot, permission/audit evidence",DEVELOPMENT_COMPLETE_RUNTIME_UNVERIFIED,health-instances,/health-instances,DIRECT,요구 Capability를 동일 물리 Route의 Page→Generated Client→Backend Owner 흐름으로 직접 제공,완료,미검증
ADMUI-004,ADM-SERVICE,01 운영현황,topology,/topology,서비스 토폴로지,MEDIUM,"서비스→Endpoint→Instance의 배치 위치, 버전, Zone, Health, Routing 관계를 시각화하고 장애 Instance와 영향 서비스를 즉시 식별.",페이지 제목+기능설명; 검색/필터; Loading/Empty/Error; 상세/Drill-down; 권한표현; 최근갱신; 관련ID Copy; Help,Menu→Route→Page→Generated Client→Backend API→Owner Runtime/DB→Permission/Audit→E2E,expectedOperationIds 4개 실제 Consumer 확인; raw mock-only 금지; 401/403/404/409/429/500/503 UX; Desktop/Narrow Playwright,"Route Matrix, OpenAPI operation mapping, Browser E2E, Screenshot, permission/audit evidence",DEVELOPMENT_COMPLETE_RUNTIME_UNVERIFIED,topology,/topology,DIRECT,요구 Capability를 동일 물리 Route의 Page→Generated Client→Backend Owner 흐름으로 직접 제공,완료,미검증
ADMUI-005,"ADM-LOG, ADM-TX",02 거래·실행 추적,logs,/logs,거래 로그,MEDIUM,거래 로그를 조건검색하고 상세·Export·Download를 제공하되 TransactionId 연계와 Masking·Download Guard를 적용.,페이지 제목+기능설명; 검색/필터; Loading/Empty/Error; 상세/Drill-down; 권한표현; 최근갱신; 관련ID Copy; Help,Menu→Route→Page→Generated Client→Backend API→Owner Runtime/DB→Permission/Audit→E2E,expectedOperationIds 4개 실제 Consumer 확인; raw mock-only 금지; 401/403/404/409/429/500/503 UX; Desktop/Narrow Playwright,"Route Matrix, OpenAPI operation mapping, Browser E2E, Screenshot, permission/audit evidence",DEVELOPMENT_COMPLETE_RUNTIME_UNVERIFIED,logs,/logs,DIRECT,요구 Capability를 동일 물리 Route의 Page→Generated Client→Backend Owner 흐름으로 직접 제공,완료,미검증
ADMUI-006,"ADM-TX, ADM-TIMELINE",02 거래·실행 추적,standardExecutions,/standardExecutions,표준 실행,MEDIUM,표준 실행 단위의 상태와 상세를 조회하여 Transaction/Batch/연계 실행과 연결.,페이지 제목+기능설명; 검색/필터; Loading/Empty/Error; 상세/Drill-down; 권한표현; 최근갱신; 관련ID Copy; Help,Menu→Route→Page→Generated Client→Backend API→Owner Runtime/DB→Permission/Audit→E2E,expectedOperationIds 2개 실제 Consumer 확인; raw mock-only 금지; 401/403/404/409/429/500/503 UX; Desktop/Narrow Playwright,"Route Matrix, OpenAPI operation mapping, Browser E2E, Screenshot, permission/audit evidence",DEVELOPMENT_COMPLETE_RUNTIME_UNVERIFIED,standardExecutions,/standardExecutions,DIRECT,요구 Capability를 동일 물리 Route의 Page→Generated Client→Backend Owner 흐름으로 직접 제공,완료,미검증
ADMUI-007,"ADM-TX, ADM-TIMELINE",02 거래·실행 추적,transactionGroups,/transactionGroups,Online·Batch 통합 Trace,MEDIUM,TransactionId/TraceId/BusinessTransactionId 하나로 Online·Remote·Event·Batch·Gateway·File Segment와 Attempt를 시간순 Timeline으로 재구성.,페이지 제목+기능설명; 검색/필터; Loading/Empty/Error; 상세/Drill-down; 권한표현; 최근갱신; 관련ID Copy; Help,Menu→Route→Page→Generated Client→Backend API→Owner Runtime/DB→Permission/Audit→E2E,expectedOperationIds 9개 실제 Consumer 확인; raw mock-only 금지; 401/403/404/409/429/500/503 UX; Desktop/Narrow Playwright,"Route Matrix, OpenAPI operation mapping, Browser E2E, Screenshot, permission/audit evidence",DEVELOPMENT_COMPLETE_RUNTIME_UNVERIFIED,transactionGroups,/transactionGroups,DIRECT,요구 Capability를 동일 물리 Route의 Page→Generated Client→Backend Owner 흐름으로 직접 제공,완료,미검증
ADMUI-008,ADM-TX,02 거래·실행 추적,transactions,/transactions,온라인 거래 정의,HIGH,온라인 거래 Metadata/정의와 활성상태를 검색·조회하고 변경 영향과 안전한 비활성화를 관리.,페이지 제목+기능설명; 검색/필터; Loading/Empty/Error; 상세/Drill-down; 권한표현; 최근갱신; 관련ID Copy; Help; 위험조치 배지; 영향 Preview; Reason; Confirm; Approval/SoD; Audit; 결과/복구,Menu→Route→Page→Generated Client→Backend API→Owner Runtime/DB→Permission/Audit→E2E,expectedOperationIds 5개 실제 Consumer 확인; raw mock-only 금지; 401/403/404/409/429/500/503 UX; Desktop/Narrow Playwright,"Route Matrix, OpenAPI operation mapping, Browser E2E, Screenshot, permission/audit evidence",DEVELOPMENT_COMPLETE_RUNTIME_UNVERIFIED,transactions,/transactions,DIRECT,요구 Capability를 동일 물리 Route의 Page→Generated Client→Backend Owner 흐름으로 직접 제공,완료,미검증
ADMUI-009,"ADM-SERVICE, ADM-AUDIT",03 서비스·연계·Gateway,channelPolicy,/channelPolicy,채널 정책,HIGH,채널별 실행/허용 정책 Snapshot을 조회·편집·Import/Export하고 Runtime 반영상태와 충돌을 확인.,페이지 제목+기능설명; 검색/필터; Loading/Empty/Error; 상세/Drill-down; 권한표현; 최근갱신; 관련ID Copy; Help; 위험조치 배지; 영향 Preview; Reason; Confirm; Approval/SoD; Audit; 결과/복구,Menu→Route→Page→Generated Client→Backend API→Owner Runtime/DB→Permission/Audit→E2E,expectedOperationIds 6개 실제 Consumer 확인; raw mock-only 금지; 401/403/404/409/429/500/503 UX; Desktop/Narrow Playwright,"Route Matrix, OpenAPI operation mapping, Browser E2E, Screenshot, permission/audit evidence",DEVELOPMENT_COMPLETE_RUNTIME_UNVERIFIED,channelPolicy,/channelPolicy,DIRECT,요구 Capability를 동일 물리 Route의 Page→Generated Client→Backend Owner 흐름으로 직접 제공,완료,미검증
ADMUI-010,"ADM-LOG, ADM-UX",03 서비스·연계·Gateway,downloads,/downloads,다운로드,MEDIUM,Download Policy와 Download Audit를 조회하고 안전한 Export/CSV Download를 제공.,페이지 제목+기능설명; 검색/필터; Loading/Empty/Error; 상세/Drill-down; 권한표현; 최근갱신; 관련ID Copy; Help,Menu→Route→Page→Generated Client→Backend API→Owner Runtime/DB→Permission/Audit→E2E,expectedOperationIds 3개 실제 Consumer 확인; raw mock-only 금지; 401/403/404/409/429/500/503 UX; Desktop/Narrow Playwright,"Route Matrix, OpenAPI operation mapping, Browser E2E, Screenshot, permission/audit evidence",DEVELOPMENT_COMPLETE_RUNTIME_UNVERIFIED,downloads,/downloads,DIRECT,요구 Capability를 동일 물리 Route의 Page→Generated Client→Backend Owner 흐름으로 직접 제공,완료,미검증
ADMUI-011,"ADM-AUDIT, ADM-EXS",03 서비스·연계·Gateway,gateway-apply-status,/gateway-apply-status,Gateway 적용 상태·이력,MEDIUM,Gateway 설정 적용상태·이력·연결시험 Operation을 모아 변경 결과와 실패 대상을 추적.,페이지 제목+기능설명; 검색/필터; Loading/Empty/Error; 상세/Drill-down; 권한표현; 최근갱신; 관련ID Copy; Help,Menu→Route→Page→Generated Client→Backend API→Owner Runtime/DB→Permission/Audit→E2E,expectedOperationIds 3개 실제 Consumer 확인; raw mock-only 금지; 401/403/404/409/429/500/503 UX; Desktop/Narrow Playwright,"Route Matrix, OpenAPI operation mapping, Browser E2E, Screenshot, permission/audit evidence",DEVELOPMENT_COMPLETE_RUNTIME_UNVERIFIED,gateway-apply-status,/gateway-apply-status,DIRECT,요구 Capability를 동일 물리 Route의 Page→Generated Client→Backend Owner 흐름으로 직접 제공,완료,미검증
ADMUI-012,"ADM-SERVICE, ADM-EXS",03 서비스·연계·Gateway,gateway-dashboard,/gateway-dashboard,Gateway 대시보드,MEDIUM,Gateway 상태·최근 Event·운영 Snapshot을 요약하고 연결시험/Route/거래로 Drill-down.,페이지 제목+기능설명; 검색/필터; Loading/Empty/Error; 상세/Drill-down; 권한표현; 최근갱신; 관련ID Copy; Help,Menu→Route→Page→Generated Client→Backend API→Owner Runtime/DB→Permission/Audit→E2E,expectedOperationIds 4개 실제 Consumer 확인; raw mock-only 금지; 401/403/404/409/429/500/503 UX; Desktop/Narrow Playwright,"Route Matrix, OpenAPI operation mapping, Browser E2E, Screenshot, permission/audit evidence",DEVELOPMENT_COMPLETE_RUNTIME_UNVERIFIED,gateway-dashboard,/gateway-dashboard,DIRECT,요구 Capability를 동일 물리 Route의 Page→Generated Client→Backend Owner 흐름으로 직접 제공,완료,미검증
ADMUI-013,"ADM-SERVICE, ADM-EXS",03 서비스·연계·Gateway,gateway-groups,/gateway-groups,Gateway 서버 그룹,MEDIUM,Gateway Server Group 구성과 Member를 관리하고 Routing 적용 영향과 상태를 확인.,페이지 제목+기능설명; 검색/필터; Loading/Empty/Error; 상세/Drill-down; 권한표현; 최근갱신; 관련ID Copy; Help,Menu→Route→Page→Generated Client→Backend API→Owner Runtime/DB→Permission/Audit→E2E,expectedOperationIds 4개 실제 Consumer 확인; raw mock-only 금지; 401/403/404/409/429/500/503 UX; Desktop/Narrow Playwright,"Route Matrix, OpenAPI operation mapping, Browser E2E, Screenshot, permission/audit evidence",DEVELOPMENT_COMPLETE_RUNTIME_UNVERIFIED,gateway-groups,/gateway-groups,DIRECT,요구 Capability를 동일 물리 Route의 Page→Generated Client→Backend Owner 흐름으로 직접 제공,완료,미검증
ADMUI-014,"ADM-SERVICE, ADM-EXS",03 서비스·연계·Gateway,gateway-health,/gateway-health,Gateway Health·연결시험,MEDIUM,연결시험 요청/취소/재검증과 결과 이력을 조회하여 Endpoint 연결성·인증·Timeout 문제를 진단.,페이지 제목+기능설명; 검색/필터; Loading/Empty/Error; 상세/Drill-down; 권한표현; 최근갱신; 관련ID Copy; Help,Menu→Route→Page→Generated Client→Backend API→Owner Runtime/DB→Permission/Audit→E2E,expectedOperationIds 7개 실제 Consumer 확인; raw mock-only 금지; 401/403/404/409/429/500/503 UX; Desktop/Narrow Playwright,"Route Matrix, OpenAPI operation mapping, Browser E2E, Screenshot, permission/audit evidence",DEVELOPMENT_COMPLETE_RUNTIME_UNVERIFIED,gateway-health,/gateway-health,DIRECT,요구 Capability를 동일 물리 Route의 Page→Generated Client→Backend Owner 흐름으로 직접 제공,완료,미검증
ADMUI-015,"ADM-LOG, ADM-EXS",03 서비스·연계·Gateway,gateway-log-policies,/gateway-log-policies,Gateway 로그 정책,MEDIUM,Gateway 로그 정책과 배포/분산 상태를 조회하여 정책 미반영 Instance를 식별.,페이지 제목+기능설명; 검색/필터; Loading/Empty/Error; 상세/Drill-down; 권한표현; 최근갱신; 관련ID Copy; Help,Menu→Route→Page→Generated Client→Backend API→Owner Runtime/DB→Permission/Audit→E2E,expectedOperationIds 3개 실제 Consumer 확인; raw mock-only 금지; 401/403/404/409/429/500/503 UX; Desktop/Narrow Playwright,"Route Matrix, OpenAPI operation mapping, Browser E2E, Screenshot, permission/audit evidence",DEVELOPMENT_COMPLETE_RUNTIME_UNVERIFIED,gateway-log-policies,/gateway-log-policies,DIRECT,요구 Capability를 동일 물리 Route의 Page→Generated Client→Backend Owner 흐름으로 직접 제공,완료,미검증
ADMUI-016,"ADM-SERVICE, ADM-EXS",03 서비스·연계·Gateway,gateway-routes,/gateway-routes,Gateway 경로·라우팅,MEDIUM,Binding/Route를 조회·등록·상태변경·삭제하며 적용 전 영향 Preview와 적용 결과를 추적.,페이지 제목+기능설명; 검색/필터; Loading/Empty/Error; 상세/Drill-down; 권한표현; 최근갱신; 관련ID Copy; Help,Menu→Route→Page→Generated Client→Backend API→Owner Runtime/DB→Permission/Audit→E2E,expectedOperationIds 4개 실제 Consumer 확인; raw mock-only 금지; 401/403/404/409/429/500/503 UX; Desktop/Narrow Playwright,"Route Matrix, OpenAPI operation mapping, Browser E2E, Screenshot, permission/audit evidence",DEVELOPMENT_COMPLETE_RUNTIME_UNVERIFIED,gateway-routes,/gateway-routes,DIRECT,요구 Capability를 동일 물리 Route의 Page→Generated Client→Backend Owner 흐름으로 직접 제공,완료,미검증
ADMUI-017,"ADM-RBAC, ADM-EXS",03 서비스·연계·Gateway,gateway-security,/gateway-security,Gateway 보안·제한,HIGH,Gateway Binding의 보안·제한 정책을 관리하고 위험 변경은 승인·Audit·Rollback 가능성을 보장.,페이지 제목+기능설명; 검색/필터; Loading/Empty/Error; 상세/Drill-down; 권한표현; 최근갱신; 관련ID Copy; Help; 위험조치 배지; 영향 Preview; Reason; Confirm; Approval/SoD; Audit; 결과/복구,Menu→Route→Page→Generated Client→Backend API→Owner Runtime/DB→Permission/Audit→E2E,expectedOperationIds 3개 실제 Consumer 확인; raw mock-only 금지; 401/403/404/409/429/500/503 UX; Desktop/Narrow Playwright,"Route Matrix, OpenAPI operation mapping, Browser E2E, Screenshot, permission/audit evidence",DEVELOPMENT_COMPLETE_RUNTIME_UNVERIFIED,gateway-security,/gateway-security,DIRECT,요구 Capability를 동일 물리 Route의 Page→Generated Client→Backend Owner 흐름으로 직접 제공,완료,미검증
ADMUI-018,"ADM-SERVICE, ADM-EXS",03 서비스·연계·Gateway,gateway-servers,/gateway-servers,Gateway 연동 서버,MEDIUM,연동 서버/Server Group과 Member를 조회·편집하고 Target 상태·가용성을 관리.,페이지 제목+기능설명; 검색/필터; Loading/Empty/Error; 상세/Drill-down; 권한표현; 최근갱신; 관련ID Copy; Help,Menu→Route→Page→Generated Client→Backend API→Owner Runtime/DB→Permission/Audit→E2E,expectedOperationIds 4개 실제 Consumer 확인; raw mock-only 금지; 401/403/404/409/429/500/503 UX; Desktop/Narrow Playwright,"Route Matrix, OpenAPI operation mapping, Browser E2E, Screenshot, permission/audit evidence",DEVELOPMENT_COMPLETE_RUNTIME_UNVERIFIED,gateway-servers,/gateway-servers,DIRECT,요구 Capability를 동일 물리 Route의 Page→Generated Client→Backend Owner 흐름으로 직접 제공,완료,미검증
ADMUI-019,"ADM-TX, ADM-TIMELINE, ADM-EXS",03 서비스·연계·Gateway,gateway-transactions,/gateway-transactions,Gateway 거래 조회,MEDIUM,Gateway를 통과한 거래 Snapshot/Event를 조회하고 TransactionId Timeline으로 연결.,페이지 제목+기능설명; 검색/필터; Loading/Empty/Error; 상세/Drill-down; 권한표현; 최근갱신; 관련ID Copy; Help,Menu→Route→Page→Generated Client→Backend API→Owner Runtime/DB→Permission/Audit→E2E,expectedOperationIds 3개 실제 Consumer 확인; raw mock-only 금지; 401/403/404/409/429/500/503 UX; Desktop/Narrow Playwright,"Route Matrix, OpenAPI operation mapping, Browser E2E, Screenshot, permission/audit evidence",DEVELOPMENT_COMPLETE_RUNTIME_UNVERIFIED,gateway-transactions,/gateway-transactions,DIRECT,요구 Capability를 동일 물리 Route의 Page→Generated Client→Backend Owner 흐름으로 직접 제공,완료,미검증
ADMUI-020,"ADM-TX, ADM-EXS",03 서비스·연계·Gateway,messages,/messages,전문·Protocol Message,MEDIUM,전문/Protocol Message 정의를 조회·등록·수정·삭제하고 실제 Transaction Trace와 연결.,페이지 제목+기능설명; 검색/필터; Loading/Empty/Error; 상세/Drill-down; 권한표현; 최근갱신; 관련ID Copy; Help,Menu→Route→Page→Generated Client→Backend API→Owner Runtime/DB→Permission/Audit→E2E,expectedOperationIds 6개 실제 Consumer 확인; raw mock-only 금지; 401/403/404/409/429/500/503 UX; Desktop/Narrow Playwright,"Route Matrix, OpenAPI operation mapping, Browser E2E, Screenshot, permission/audit evidence",DEVELOPMENT_COMPLETE_RUNTIME_UNVERIFIED,messages,/messages,DIRECT,요구 Capability를 동일 물리 Route의 Page→Generated Client→Backend Owner 흐름으로 직접 제공,완료,미검증
ADMUI-021,ADM-INCIDENT,03 서비스·연계·Gateway,notifications,/notifications,알림,MEDIUM,"운영 알림 Rule, Delivery, Attempt, DLQ, Retry/Cancel/Test를 관리하여 장애 통지의 전달결과까지 추적.",페이지 제목+기능설명; 검색/필터; Loading/Empty/Error; 상세/Drill-down; 권한표현; 최근갱신; 관련ID Copy; Help,Menu→Route→Page→Generated Client→Backend API→Owner Runtime/DB→Permission/Audit→E2E,expectedOperationIds 11개 실제 Consumer 확인; raw mock-only 금지; 401/403/404/409/429/500/503 UX; Desktop/Narrow Playwright,"Route Matrix, OpenAPI operation mapping, Browser E2E, Screenshot, permission/audit evidence",DEVELOPMENT_COMPLETE_RUNTIME_UNVERIFIED,notifications,/notifications,DIRECT,요구 Capability를 동일 물리 Route의 Page→Generated Client→Backend Owner 흐름으로 직접 제공,완료,미검증
ADMUI-022,ADM-SERVICE,03 서비스·연계·Gateway,serviceRegistry,/serviceRegistry,서비스 레지스트리,MEDIUM,서비스·Instance·Endpoint·Capability·Circuit·Routing Policy를 조회·관리하고 상태변경은 Owner Command와 Audit를 통해 수행.,페이지 제목+기능설명; 검색/필터; Loading/Empty/Error; 상세/Drill-down; 권한표현; 최근갱신; 관련ID Copy; Help,Menu→Route→Page→Generated Client→Backend API→Owner Runtime/DB→Permission/Audit→E2E,expectedOperationIds 15개 실제 Consumer 확인; raw mock-only 금지; 401/403/404/409/429/500/503 UX; Desktop/Narrow Playwright,"Route Matrix, OpenAPI operation mapping, Browser E2E, Screenshot, permission/audit evidence",DEVELOPMENT_COMPLETE_RUNTIME_UNVERIFIED,serviceRegistry,/serviceRegistry,DIRECT,요구 Capability를 동일 물리 Route의 Page→Generated Client→Backend Owner 흐름으로 직접 제공,완료,미검증
ADMUI-023,"ADM-BATCH, ADM-CENTER",04 Batch·대량처리,batch,/batch,Batch / Center-Cut,MEDIUM,Job/Schedule/Execution/Instance/Worker/Relation을 한 업무 Workbench에서 연결하고 Job 등록과 즉시 실행까지 지원.,페이지 제목+기능설명; 검색/필터; Loading/Empty/Error; 상세/Drill-down; 권한표현; 최근갱신; 관련ID Copy; Help,Menu→Route→Page→Generated Client→Backend API→Owner Runtime/DB→Permission/Audit→E2E,expectedOperationIds 12개 실제 Consumer 확인; raw mock-only 금지; 401/403/404/409/429/500/503 UX; Desktop/Narrow Playwright,"Route Matrix, OpenAPI operation mapping, Browser E2E, Screenshot, permission/audit evidence",DEVELOPMENT_COMPLETE_RUNTIME_UNVERIFIED,batch,/batch,DIRECT,요구 Capability를 동일 물리 Route의 Page→Generated Client→Backend Owner 흐름으로 직접 제공,완료,미검증
ADMUI-024,ADM-AGENT,04 Batch·대량처리,batch-agents,/batch-agents,Host Agents,MEDIUM,"Host Agent Registry, Heartbeat, Capability, Runtime 상태를 조회하고 Drain/Takeover 관련 명령을 관리.",페이지 제목+기능설명; 검색/필터; Loading/Empty/Error; 상세/Drill-down; 권한표현; 최근갱신; 관련ID Copy; Help,Menu→Route→Page→Generated Client→Backend API→Owner Runtime/DB→Permission/Audit→E2E,expectedOperationIds 5개 실제 Consumer 확인; raw mock-only 금지; 401/403/404/409/429/500/503 UX; Desktop/Narrow Playwright,"Route Matrix, OpenAPI operation mapping, Browser E2E, Screenshot, permission/audit evidence",DEVELOPMENT_COMPLETE_RUNTIME_UNVERIFIED,batch-agents,/batch-agents,DIRECT,요구 Capability를 동일 물리 Route의 Page→Generated Client→Backend Owner 흐름으로 직접 제공,완료,미검증
ADMUI-025,"ADM-INCIDENT, ADM-BATCH",04 Batch·대량처리,batch-alerts,/batch-alerts,Batch Alerts,MEDIUM,Batch Unknown/DLQ/Outbox/Operation Log에서 운영 Alert를 모아 장애 대응으로 연결.,페이지 제목+기능설명; 검색/필터; Loading/Empty/Error; 상세/Drill-down; 권한표현; 최근갱신; 관련ID Copy; Help,Menu→Route→Page→Generated Client→Backend API→Owner Runtime/DB→Permission/Audit→E2E,expectedOperationIds 4개 실제 Consumer 확인; raw mock-only 금지; 401/403/404/409/429/500/503 UX; Desktop/Narrow Playwright,"Route Matrix, OpenAPI operation mapping, Browser E2E, Screenshot, permission/audit evidence",DEVELOPMENT_COMPLETE_RUNTIME_UNVERIFIED,batch-alerts,/batch-alerts,DIRECT,요구 Capability를 동일 물리 Route의 Page→Generated Client→Backend Owner 흐름으로 직접 제공,완료,미검증
ADMUI-026,"ADM-AUDIT, ADM-BATCH",04 Batch·대량처리,batch-audit,/batch-audit,Audit / Evidence,MEDIUM,Batch Operation Log와 Audit/Evidence를 조회하여 누가 어떤 위험조치를 언제 수행했는지 추적.,페이지 제목+기능설명; 검색/필터; Loading/Empty/Error; 상세/Drill-down; 권한표현; 최근갱신; 관련ID Copy; Help,Menu→Route→Page→Generated Client→Backend API→Owner Runtime/DB→Permission/Audit→E2E,expectedOperationIds 5개 실제 Consumer 확인; raw mock-only 금지; 401/403/404/409/429/500/503 UX; Desktop/Narrow Playwright,"Route Matrix, OpenAPI operation mapping, Browser E2E, Screenshot, permission/audit evidence",DEVELOPMENT_COMPLETE_RUNTIME_UNVERIFIED,batch-audit,/batch-audit,DIRECT,요구 Capability를 동일 물리 Route의 Page→Generated Client→Backend Owner 흐름으로 직접 제공,완료,미검증
ADMUI-027,ADM-CENTER,04 Batch·대량처리,batch-center-cut,/batch-center-cut,Center-Cut,MEDIUM,Center-Cut Job/Result/Target/Parameter/Attempt를 조회하고 Failed Reprocess와 UNKNOWN Reconcile을 수행.,페이지 제목+기능설명; 검색/필터; Loading/Empty/Error; 상세/Drill-down; 권한표현; 최근갱신; 관련ID Copy; Help,Menu→Route→Page→Generated Client→Backend API→Owner Runtime/DB→Permission/Audit→E2E,expectedOperationIds 9개 실제 Consumer 확인; raw mock-only 금지; 401/403/404/409/429/500/503 UX; Desktop/Narrow Playwright,"Route Matrix, OpenAPI operation mapping, Browser E2E, Screenshot, permission/audit evidence",DEVELOPMENT_COMPLETE_RUNTIME_UNVERIFIED,batch-center-cut,/batch-center-cut,DIRECT,요구 Capability를 동일 물리 Route의 Page→Generated Client→Backend Owner 흐름으로 직접 제공,완료,미검증
ADMUI-028,ADM-BATCH,04 Batch·대량처리,batch-executions,/batch-executions,Executions,MEDIUM,"Execution/Step 상세, Progress, 시작·종료·소요시간, Retry/Stop과 실패 위치를 제공.",페이지 제목+기능설명; 검색/필터; Loading/Empty/Error; 상세/Drill-down; 권한표현; 최근갱신; 관련ID Copy; Help,Menu→Route→Page→Generated Client→Backend API→Owner Runtime/DB→Permission/Audit→E2E,expectedOperationIds 7개 실제 Consumer 확인; raw mock-only 금지; 401/403/404/409/429/500/503 UX; Desktop/Narrow Playwright,"Route Matrix, OpenAPI operation mapping, Browser E2E, Screenshot, permission/audit evidence",DEVELOPMENT_COMPLETE_RUNTIME_UNVERIFIED,batch-executions,/batch-executions,DIRECT,요구 Capability를 동일 물리 Route의 Page→Generated Client→Backend Owner 흐름으로 직접 제공,완료,미검증
ADMUI-029,"ADM-BATCH, ADM-AGENT",04 Batch·대량처리,batch-instances,/batch-instances,Runtime Instances,MEDIUM,Batch Instance 목록·상세와 Runtime View를 제공하고 Host/Version/Heartbeat/상태를 확인.,페이지 제목+기능설명; 검색/필터; Loading/Empty/Error; 상세/Drill-down; 권한표현; 최근갱신; 관련ID Copy; Help,Menu→Route→Page→Generated Client→Backend API→Owner Runtime/DB→Permission/Audit→E2E,expectedOperationIds 4개 실제 Consumer 확인; raw mock-only 금지; 401/403/404/409/429/500/503 UX; Desktop/Narrow Playwright,"Route Matrix, OpenAPI operation mapping, Browser E2E, Screenshot, permission/audit evidence",DEVELOPMENT_COMPLETE_RUNTIME_UNVERIFIED,batch-instances,/batch-instances,DIRECT,요구 Capability를 동일 물리 Route의 Page→Generated Client→Backend Owner 흐름으로 직접 제공,완료,미검증
ADMUI-030,ADM-BATCH,04 Batch·대량처리,batch-job-packs,/batch-job-packs,Job Packs,MEDIUM,Job Definition/Pack의 목록·상세·Validate·Save·State Transition을 관리하고 실행 Job과 연결.,페이지 제목+기능설명; 검색/필터; Loading/Empty/Error; 상세/Drill-down; 권한표현; 최근갱신; 관련ID Copy; Help,Menu→Route→Page→Generated Client→Backend API→Owner Runtime/DB→Permission/Audit→E2E,expectedOperationIds 8개 실제 Consumer 확인; raw mock-only 금지; 401/403/404/409/429/500/503 UX; Desktop/Narrow Playwright,"Route Matrix, OpenAPI operation mapping, Browser E2E, Screenshot, permission/audit evidence",DEVELOPMENT_COMPLETE_RUNTIME_UNVERIFIED,batch-job-packs,/batch-job-packs,DIRECT,요구 Capability를 동일 물리 Route의 Page→Generated Client→Backend Owner 흐름으로 직접 제공,완료,미검증
ADMUI-031,"ADM-BATCH, ADM-RECOVERY",04 Batch·대량처리,batch-leases,/batch-leases,Lease / Fencing,MEDIUM,Lease/Lock/Fencing 상태와 Ghost 위험을 조회하고 안전한 Lock Release를 지원.,페이지 제목+기능설명; 검색/필터; Loading/Empty/Error; 상세/Drill-down; 권한표현; 최근갱신; 관련ID Copy; Help,Menu→Route→Page→Generated Client→Backend API→Owner Runtime/DB→Permission/Audit→E2E,expectedOperationIds 4개 실제 Consumer 확인; raw mock-only 금지; 401/403/404/409/429/500/503 UX; Desktop/Narrow Playwright,"Route Matrix, OpenAPI operation mapping, Browser E2E, Screenshot, permission/audit evidence",DEVELOPMENT_COMPLETE_RUNTIME_UNVERIFIED,batch-leases,/batch-leases,DIRECT,요구 Capability를 동일 물리 Route의 Page→Generated Client→Backend Owner 흐름으로 직접 제공,완료,미검증
ADMUI-032,ADM-BATCH,04 Batch·대량처리,batch-overview,/batch-overview,Batch Overview,MEDIUM,Job·Schedule·Execution·Instance·Worker·Lock 핵심 상태를 요약하는 Batch 운영 Dashboard.,페이지 제목+기능설명; 검색/필터; Loading/Empty/Error; 상세/Drill-down; 권한표현; 최근갱신; 관련ID Copy; Help,Menu→Route→Page→Generated Client→Backend API→Owner Runtime/DB→Permission/Audit→E2E,expectedOperationIds 7개 실제 Consumer 확인; raw mock-only 금지; 401/403/404/409/429/500/503 UX; Desktop/Narrow Playwright,"Route Matrix, OpenAPI operation mapping, Browser E2E, Screenshot, permission/audit evidence",DEVELOPMENT_COMPLETE_RUNTIME_UNVERIFIED,batch-overview,/batch-overview,DIRECT,요구 Capability를 동일 물리 Route의 Page→Generated Client→Backend Owner 흐름으로 직접 제공,완료,미검증
ADMUI-033,"ADM-BATCH, ADM-AGENT",04 Batch·대량처리,batch-runtime,/batch-runtime,Runtime Topology,HIGH,Batch Runtime Topology와 Instance 상태를 보고 Drain/Command 등 Runtime 제어를 승인된 절차로 수행.,페이지 제목+기능설명; 검색/필터; Loading/Empty/Error; 상세/Drill-down; 권한표현; 최근갱신; 관련ID Copy; Help; 위험조치 배지; 영향 Preview; Reason; Confirm; Approval/SoD; Audit; 결과/복구,Menu→Route→Page→Generated Client→Backend API→Owner Runtime/DB→Permission/Audit→E2E,expectedOperationIds 4개 실제 Consumer 확인; raw mock-only 금지; 401/403/404/409/429/500/503 UX; Desktop/Narrow Playwright,"Route Matrix, OpenAPI operation mapping, Browser E2E, Screenshot, permission/audit evidence",DEVELOPMENT_COMPLETE_RUNTIME_UNVERIFIED,batch-runtime,/batch-runtime,DIRECT,요구 Capability를 동일 물리 Route의 Page→Generated Client→Backend Owner 흐름으로 직접 제공,완료,미검증
ADMUI-034,ADM-BATCH,04 Batch·대량처리,batch-scheduler,/batch-scheduler,Scheduler HA,MEDIUM,"Schedule 조회, 시뮬레이션, Enable/Disable, Run Once와 Scheduler HA 상태를 관리.",페이지 제목+기능설명; 검색/필터; Loading/Empty/Error; 상세/Drill-down; 권한표현; 최근갱신; 관련ID Copy; Help,Menu→Route→Page→Generated Client→Backend API→Owner Runtime/DB→Permission/Audit→E2E,expectedOperationIds 6개 실제 Consumer 확인; raw mock-only 금지; 401/403/404/409/429/500/503 UX; Desktop/Narrow Playwright,"Route Matrix, OpenAPI operation mapping, Browser E2E, Screenshot, permission/audit evidence",DEVELOPMENT_COMPLETE_RUNTIME_UNVERIFIED,batch-scheduler,/batch-scheduler,DIRECT,요구 Capability를 동일 물리 Route의 Page→Generated Client→Backend Owner 흐름으로 직접 제공,완료,미검증
ADMUI-035,"ADM-BATCH, ADM-AGENT",04 Batch·대량처리,batch-worker-pools,/batch-worker-pools,Worker Pools,MEDIUM,Worker Pool/Worker 상태와 처리 Capability를 조회하고 Runtime Command 상태를 추적.,페이지 제목+기능설명; 검색/필터; Loading/Empty/Error; 상세/Drill-down; 권한표현; 최근갱신; 관련ID Copy; Help,Menu→Route→Page→Generated Client→Backend API→Owner Runtime/DB→Permission/Audit→E2E,expectedOperationIds 5개 실제 Consumer 확인; raw mock-only 금지; 401/403/404/409/429/500/503 UX; Desktop/Narrow Playwright,"Route Matrix, OpenAPI operation mapping, Browser E2E, Screenshot, permission/audit evidence",DEVELOPMENT_COMPLETE_RUNTIME_UNVERIFIED,batch-worker-pools,/batch-worker-pools,DIRECT,요구 Capability를 동일 물리 Route의 Page→Generated Client→Backend Owner 흐름으로 직접 제공,완료,미검증
ADMUI-036,"ADM-TIMELINE, ADM-RECOVERY",04 Batch·대량처리,file-jobs,/file-jobs,대량파일 Job,MEDIUM,대량파일 Job의 Upload→Apply→Retry/Cancel→Rollback→UNKNOWN Resolve→Artifact 조회 전체 Lifecycle을 제공.,페이지 제목+기능설명; 검색/필터; Loading/Empty/Error; 상세/Drill-down; 권한표현; 최근갱신; 관련ID Copy; Help,Menu→Route→Page→Generated Client→Backend API→Owner Runtime/DB→Permission/Audit→E2E,expectedOperationIds 10개 실제 Consumer 확인; raw mock-only 금지; 401/403/404/409/429/500/503 UX; Desktop/Narrow Playwright,"Route Matrix, OpenAPI operation mapping, Browser E2E, Screenshot, permission/audit evidence",DEVELOPMENT_COMPLETE_RUNTIME_UNVERIFIED,file-jobs,/file-jobs,DIRECT,요구 Capability를 동일 물리 Route의 Page→Generated Client→Backend Owner 흐름으로 직접 제공,완료,미검증
ADMUI-037,ADM-AGENT,04 Batch·대량처리,workers,/workers,Agent / Worker,MEDIUM,Agent/Worker/Instance 관계와 가용상태를 단순 운영뷰로 제공.,페이지 제목+기능설명; 검색/필터; Loading/Empty/Error; 상세/Drill-down; 권한표현; 최근갱신; 관련ID Copy; Help,Menu→Route→Page→Generated Client→Backend API→Owner Runtime/DB→Permission/Audit→E2E,expectedOperationIds 3개 실제 Consumer 확인; raw mock-only 금지; 401/403/404/409/429/500/503 UX; Desktop/Narrow Playwright,"Route Matrix, OpenAPI operation mapping, Browser E2E, Screenshot, permission/audit evidence",DEVELOPMENT_COMPLETE_RUNTIME_UNVERIFIED,workers,/workers,DIRECT,요구 Capability를 동일 물리 Route의 Page→Generated Client→Backend Owner 흐름으로 직접 제공,완료,미검증
ADMUI-038,ADM-AUDIT,05 로그·감사·Incident,auditLogs,/auditLogs,감사 로그,MEDIUM,"플랫폼 Audit Log, Delivery, Retry, 정책변경 Audit를 통합 조회.",페이지 제목+기능설명; 검색/필터; Loading/Empty/Error; 상세/Drill-down; 권한표현; 최근갱신; 관련ID Copy; Help,Menu→Route→Page→Generated Client→Backend API→Owner Runtime/DB→Permission/Audit→E2E,expectedOperationIds 4개 실제 Consumer 확인; raw mock-only 금지; 401/403/404/409/429/500/503 UX; Desktop/Narrow Playwright,"Route Matrix, OpenAPI operation mapping, Browser E2E, Screenshot, permission/audit evidence",DEVELOPMENT_COMPLETE_RUNTIME_UNVERIFIED,auditLogs,/auditLogs,DIRECT,요구 Capability를 동일 물리 Route의 Page→Generated Client→Backend Owner 흐름으로 직접 제공,완료,미검증
ADMUI-039,"ADM-INCIDENT, ADM-RECOVERY",05 로그·감사·Incident,incidents,/incidents,Error·Unknown Result,HIGH,Alert/Signal을 Incident로 연결하고 Acknowledge→Escalate→Runbook→Resolve/Reopen→Timeline까지 운영.,페이지 제목+기능설명; 검색/필터; Loading/Empty/Error; 상세/Drill-down; 권한표현; 최근갱신; 관련ID Copy; Help; 위험조치 배지; 영향 Preview; Reason; Confirm; Approval/SoD; Audit; 결과/복구,Menu→Route→Page→Generated Client→Backend API→Owner Runtime/DB→Permission/Audit→E2E,expectedOperationIds 20개 실제 Consumer 확인; raw mock-only 금지; 401/403/404/409/429/500/503 UX; Desktop/Narrow Playwright,"Route Matrix, OpenAPI operation mapping, Browser E2E, Screenshot, permission/audit evidence",DEVELOPMENT_COMPLETE_RUNTIME_UNVERIFIED,incidents,/incidents,DIRECT,요구 Capability를 동일 물리 Route의 Page→Generated Client→Backend Owner 흐름으로 직접 제공,완료,미검증
ADMUI-040,"ADM-LOG, ADM-APPROVAL",05 로그·감사·Incident,logLevel,/logLevel,동적 로그,HIGH,동적 Log Level Rule을 조회·등록·해제하고 만료·적용대상·Audit를 관리.,페이지 제목+기능설명; 검색/필터; Loading/Empty/Error; 상세/Drill-down; 권한표현; 최근갱신; 관련ID Copy; Help; 위험조치 배지; 영향 Preview; Reason; Confirm; Approval/SoD; Audit; 결과/복구,Menu→Route→Page→Generated Client→Backend API→Owner Runtime/DB→Permission/Audit→E2E,expectedOperationIds 3개 실제 Consumer 확인; raw mock-only 금지; 401/403/404/409/429/500/503 UX; Desktop/Narrow Playwright,"Route Matrix, OpenAPI operation mapping, Browser E2E, Screenshot, permission/audit evidence",DEVELOPMENT_COMPLETE_RUNTIME_UNVERIFIED,logLevel,/logLevel,DIRECT,요구 Capability를 동일 물리 Route의 Page→Generated Client→Backend Owner 흐름으로 직접 제공,완료,미검증
ADMUI-041,ADM-LOG,05 로그·감사·Incident,logPolicies,/logPolicies,로그 정책,MEDIUM,"Log Policy, 배포상태, Cache, Trace Boost/Override와 Runtime 적용상태를 관리.",페이지 제목+기능설명; 검색/필터; Loading/Empty/Error; 상세/Drill-down; 권한표현; 최근갱신; 관련ID Copy; Help,Menu→Route→Page→Generated Client→Backend API→Owner Runtime/DB→Permission/Audit→E2E,expectedOperationIds 13개 실제 Consumer 확인; raw mock-only 금지; 401/403/404/409/429/500/503 UX; Desktop/Narrow Playwright,"Route Matrix, OpenAPI operation mapping, Browser E2E, Screenshot, permission/audit evidence",DEVELOPMENT_COMPLETE_RUNTIME_UNVERIFIED,logPolicies,/logPolicies,DIRECT,요구 Capability를 동일 물리 Route의 Page→Generated Client→Backend Owner 흐름으로 직접 제공,완료,미검증
ADMUI-042,"ADM-RECOVERY, ADM-INCIDENT",05 로그·감사·Incident,reliability,/reliability,Analysis Center,MEDIUM,Unknown/DLQ/Outbox/Inbox/Idempotency/File/Batch Recovery 상태를 한 화면에서 분석하는 Reliability Center.,페이지 제목+기능설명; 검색/필터; Loading/Empty/Error; 상세/Drill-down; 권한표현; 최근갱신; 관련ID Copy; Help,Menu→Route→Page→Generated Client→Backend API→Owner Runtime/DB→Permission/Audit→E2E,expectedOperationIds 8개 실제 Consumer 확인; raw mock-only 금지; 401/403/404/409/429/500/503 UX; Desktop/Narrow Playwright,"Route Matrix, OpenAPI operation mapping, Browser E2E, Screenshot, permission/audit evidence",DEVELOPMENT_COMPLETE_RUNTIME_UNVERIFIED,reliability,/reliability,DIRECT,요구 Capability를 동일 물리 Route의 Page→Generated Client→Backend Owner 흐름으로 직접 제공,완료,미검증
ADMUI-043,ADM-LOG,05 로그·감사·Incident,remoteLogs,/remoteLogs,원격 로그,MEDIUM,다중 Instance 원격 로그 검색·Preview·Bundle 생성·Download·진단을 제공.,페이지 제목+기능설명; 검색/필터; Loading/Empty/Error; 상세/Drill-down; 권한표현; 최근갱신; 관련ID Copy; Help,Menu→Route→Page→Generated Client→Backend API→Owner Runtime/DB→Permission/Audit→E2E,expectedOperationIds 9개 실제 Consumer 확인; raw mock-only 금지; 401/403/404/409/429/500/503 UX; Desktop/Narrow Playwright,"Route Matrix, OpenAPI operation mapping, Browser E2E, Screenshot, permission/audit evidence",DEVELOPMENT_COMPLETE_RUNTIME_UNVERIFIED,remoteLogs,/remoteLogs,DIRECT,요구 Capability를 동일 물리 Route의 Page→Generated Client→Backend Owner 흐름으로 직접 제공,완료,미검증
ADMUI-044,"ADM-BATCH, ADM-RECOVERY, ADM-APPROVAL",06 복구·변경·배포,batch-deployment,/batch-deployment,Deployment / Rollback,HIGH,Batch Deployment Plan과 Runtime Command 결과를 추적하고 실패 시 Rollback 경로를 제공.,페이지 제목+기능설명; 검색/필터; Loading/Empty/Error; 상세/Drill-down; 권한표현; 최근갱신; 관련ID Copy; Help; 위험조치 배지; 영향 Preview; Reason; Confirm; Approval/SoD; Audit; 결과/복구,Menu→Route→Page→Generated Client→Backend API→Owner Runtime/DB→Permission/Audit→E2E,expectedOperationIds 3개 실제 Consumer 확인; raw mock-only 금지; 401/403/404/409/429/500/503 UX; Desktop/Narrow Playwright,"Route Matrix, OpenAPI operation mapping, Browser E2E, Screenshot, permission/audit evidence",DEVELOPMENT_COMPLETE_RUNTIME_UNVERIFIED,batch-deployment,/batch-deployment,DIRECT,요구 Capability를 동일 물리 Route의 Page→Generated Client→Backend Owner 흐름으로 직접 제공,완료,미검증
ADMUI-045,"ADM-RECOVERY, ADM-BATCH",06 복구·변경·배포,batch-recovery,/batch-recovery,Recovery / Unknown,MEDIUM,Batch Ghost/Unknown 후보를 식별하고 Recovery/Reconcile/Action을 실행.,페이지 제목+기능설명; 검색/필터; Loading/Empty/Error; 상세/Drill-down; 권한표현; 최근갱신; 관련ID Copy; Help,Menu→Route→Page→Generated Client→Backend API→Owner Runtime/DB→Permission/Audit→E2E,expectedOperationIds 6개 실제 Consumer 확인; raw mock-only 금지; 401/403/404/409/429/500/503 UX; Desktop/Narrow Playwright,"Route Matrix, OpenAPI operation mapping, Browser E2E, Screenshot, permission/audit evidence",DEVELOPMENT_COMPLETE_RUNTIME_UNVERIFIED,batch-recovery,/batch-recovery,DIRECT,요구 Capability를 동일 물리 Route의 Page→Generated Client→Backend Owner 흐름으로 직접 제공,완료,미검증
ADMUI-046,"ADM-EXS, ADM-RECOVERY, ADM-APPROVAL",06 복구·변경·배포,integrationClosure,/integrationClosure,통합 운영 정정 승인,CRITICAL,Crypto/Time/Data Quality/Webhook DLQ 상태를 검증하고 Correction Approval→Execute→Replay를 수행.,페이지 제목+기능설명; 검색/필터; Loading/Empty/Error; 상세/Drill-down; 권한표현; 최근갱신; 관련ID Copy; Help; 위험조치 배지; 영향 Preview; Reason; Confirm; Approval/SoD; Audit; 결과/복구,Menu→Route→Page→Generated Client→Backend API→Owner Runtime/DB→Permission/Audit→E2E,expectedOperationIds 8개 실제 Consumer 확인; raw mock-only 금지; 401/403/404/409/429/500/503 UX; Desktop/Narrow Playwright,"Route Matrix, OpenAPI operation mapping, Browser E2E, Screenshot, permission/audit evidence",DEVELOPMENT_COMPLETE_RUNTIME_UNVERIFIED,integrationClosure,/integrationClosure,DIRECT,요구 Capability를 동일 물리 Route의 Page→Generated Client→Backend Owner 흐름으로 직접 제공,완료,미검증
ADMUI-047,"ADM-SERVICE, ADM-APPROVAL",06 복구·변경·배포,maintenance,/maintenance,점검·Drain,HIGH,점검/Drain 등 운영 Action을 조회하고 대상·영향·사유·승인 후 Owner Command로 실행.,페이지 제목+기능설명; 검색/필터; Loading/Empty/Error; 상세/Drill-down; 권한표현; 최근갱신; 관련ID Copy; Help; 위험조치 배지; 영향 Preview; Reason; Confirm; Approval/SoD; Audit; 결과/복구,Menu→Route→Page→Generated Client→Backend API→Owner Runtime/DB→Permission/Audit→E2E,expectedOperationIds 2개 실제 Consumer 확인; raw mock-only 금지; 401/403/404/409/429/500/503 UX; Desktop/Narrow Playwright,"Route Matrix, OpenAPI operation mapping, Browser E2E, Screenshot, permission/audit evidence",DEVELOPMENT_COMPLETE_RUNTIME_UNVERIFIED,maintenance,/maintenance,DIRECT,요구 Capability를 동일 물리 Route의 Page→Generated Client→Backend Owner 흐름으로 직접 제공,완료,미검증
ADMUI-048,ADM-RECOVERY,06 복구·변경·배포,recoveryCenter,/recoveryCenter,복구 센터,MEDIUM,"Transaction Log Recovery, Poison Retry, Unknown Resolve, DLQ Replay를 Runbook 중심으로 수행.",페이지 제목+기능설명; 검색/필터; Loading/Empty/Error; 상세/Drill-down; 권한표현; 최근갱신; 관련ID Copy; Help,Menu→Route→Page→Generated Client→Backend API→Owner Runtime/DB→Permission/Audit→E2E,expectedOperationIds 5개 실제 Consumer 확인; raw mock-only 금지; 401/403/404/409/429/500/503 UX; Desktop/Narrow Playwright,"Route Matrix, OpenAPI operation mapping, Browser E2E, Screenshot, permission/audit evidence",DEVELOPMENT_COMPLETE_RUNTIME_UNVERIFIED,recoveryCenter,/recoveryCenter,DIRECT,요구 Capability를 동일 물리 Route의 Page→Generated Client→Backend Owner 흐름으로 직접 제공,완료,미검증
ADMUI-049,"ADM-SERVICE, ADM-RECOVERY, ADM-APPROVAL",06 복구·변경·배포,runtimeControl,/runtimeControl,Deployment·Promotion·Rollback,HIGH,Deployment/Promotion/Rollback Change를 Preview→Create→Execute/Cancel→Verify/Audit로 관리.,페이지 제목+기능설명; 검색/필터; Loading/Empty/Error; 상세/Drill-down; 권한표현; 최근갱신; 관련ID Copy; Help; 위험조치 배지; 영향 Preview; Reason; Confirm; Approval/SoD; Audit; 결과/복구,Menu→Route→Page→Generated Client→Backend API→Owner Runtime/DB→Permission/Audit→E2E,expectedOperationIds 16개 실제 Consumer 확인; raw mock-only 금지; 401/403/404/409/429/500/503 UX; Desktop/Narrow Playwright,"Route Matrix, OpenAPI operation mapping, Browser E2E, Screenshot, permission/audit evidence",DEVELOPMENT_COMPLETE_RUNTIME_UNVERIFIED,runtimeControl,/runtimeControl,DIRECT,요구 Capability를 동일 물리 Route의 Page→Generated Client→Backend Owner 흐름으로 직접 제공,완료,미검증
ADMUI-050,"ADM-BATCH, ADM-AUDIT",07 기준정보·플랫폼설정,businessCalendar,/businessCalendar,영업일 · 휴일,MEDIUM,영업일/휴일 조회·날짜해석·등록·삭제를 제공하고 Batch/Schedule 영향도를 확인.,페이지 제목+기능설명; 검색/필터; Loading/Empty/Error; 상세/Drill-down; 권한표현; 최근갱신; 관련ID Copy; Help,Menu→Route→Page→Generated Client→Backend API→Owner Runtime/DB→Permission/Audit→E2E,expectedOperationIds 4개 실제 Consumer 확인; raw mock-only 금지; 401/403/404/409/429/500/503 UX; Desktop/Narrow Playwright,"Route Matrix, OpenAPI operation mapping, Browser E2E, Screenshot, permission/audit evidence",DEVELOPMENT_COMPLETE_RUNTIME_UNVERIFIED,businessCalendar,/businessCalendar,DIRECT,요구 Capability를 동일 물리 Route의 Page→Generated Client→Backend Owner 흐름으로 직접 제공,완료,미검증
ADMUI-051,"ADM-SERVICE, ADM-APPROVAL",07 기준정보·플랫폼설정,cache,/cache,캐시,HIGH,Cache Summary를 조회하고 Refresh/Evict/Reconcile 위험조치를 Namespace/Key 범위별로 안전하게 수행.,페이지 제목+기능설명; 검색/필터; Loading/Empty/Error; 상세/Drill-down; 권한표현; 최근갱신; 관련ID Copy; Help; 위험조치 배지; 영향 Preview; Reason; Confirm; Approval/SoD; Audit; 결과/복구,Menu→Route→Page→Generated Client→Backend API→Owner Runtime/DB→Permission/Audit→E2E,expectedOperationIds 5개 실제 Consumer 확인; raw mock-only 금지; 401/403/404/409/429/500/503 UX; Desktop/Narrow Playwright,"Route Matrix, OpenAPI operation mapping, Browser E2E, Screenshot, permission/audit evidence",DEVELOPMENT_COMPLETE_RUNTIME_UNVERIFIED,cache,/cache,DIRECT,요구 Capability를 동일 물리 Route의 Page→Generated Client→Backend Owner 흐름으로 직접 제공,완료,미검증
ADMUI-052,ADM-AUDIT,07 기준정보·플랫폼설정,codes,/codes,코드,MEDIUM,플랫폼 공통 Code를 조회·등록·수정·삭제하고 사용처·Version·Audit를 연결.,페이지 제목+기능설명; 검색/필터; Loading/Empty/Error; 상세/Drill-down; 권한표현; 최근갱신; 관련ID Copy; Help,Menu→Route→Page→Generated Client→Backend API→Owner Runtime/DB→Permission/Audit→E2E,expectedOperationIds 5개 실제 Consumer 확인; raw mock-only 금지; 401/403/404/409/429/500/503 UX; Desktop/Narrow Playwright,"Route Matrix, OpenAPI operation mapping, Browser E2E, Screenshot, permission/audit evidence",DEVELOPMENT_COMPLETE_RUNTIME_UNVERIFIED,codes,/codes,DIRECT,요구 Capability를 동일 물리 Route의 Page→Generated Client→Backend Owner 흐름으로 직접 제공,완료,미검증
ADMUI-053,"ADM-AUDIT, ADM-APPROVAL",07 기준정보·플랫폼설정,configs,/configs,설정,HIGH,설정 목록·상세·등록·수정·삭제와 Parameter Reference를 제공하고 Version/Scope/Runtime 반영/Audit를 관리.,페이지 제목+기능설명; 검색/필터; Loading/Empty/Error; 상세/Drill-down; 권한표현; 최근갱신; 관련ID Copy; Help; 위험조치 배지; 영향 Preview; Reason; Confirm; Approval/SoD; Audit; 결과/복구,Menu→Route→Page→Generated Client→Backend API→Owner Runtime/DB→Permission/Audit→E2E,expectedOperationIds 6개 실제 Consumer 확인; raw mock-only 금지; 401/403/404/409/429/500/503 UX; Desktop/Narrow Playwright,"Route Matrix, OpenAPI operation mapping, Browser E2E, Screenshot, permission/audit evidence",DEVELOPMENT_COMPLETE_RUNTIME_UNVERIFIED,configs,/configs,DIRECT,요구 Capability를 동일 물리 Route의 Page→Generated Client→Backend Owner 흐름으로 직접 제공,완료,미검증
ADMUI-054,"ADM-APPROVAL, ADM-AUDIT",07 기준정보·플랫폼설정,featureFlags,/featureFlags,Feature Flag,CRITICAL,Feature Flag 평가·Override 요청/승인/회수와 Kill Switch를 관리하는 CRITICAL 운영화면.,페이지 제목+기능설명; 검색/필터; Loading/Empty/Error; 상세/Drill-down; 권한표현; 최근갱신; 관련ID Copy; Help; 위험조치 배지; 영향 Preview; Reason; Confirm; Approval/SoD; Audit; 결과/복구,Menu→Route→Page→Generated Client→Backend API→Owner Runtime/DB→Permission/Audit→E2E,expectedOperationIds 7개 실제 Consumer 확인; raw mock-only 금지; 401/403/404/409/429/500/503 UX; Desktop/Narrow Playwright,"Route Matrix, OpenAPI operation mapping, Browser E2E, Screenshot, permission/audit evidence",DEVELOPMENT_COMPLETE_RUNTIME_UNVERIFIED,featureFlags,/featureFlags,DIRECT,요구 Capability를 동일 물리 Route의 Page→Generated Client→Backend Owner 흐름으로 직접 제공,완료,미검증
ADMUI-055,ADM-SERVICE,07 기준정보·플랫폼설정,openApiOperations,/openApiOperations,OpenAPI 운영,HIGH,OpenAPI 상태와 Refresh를 관리하고 Frontend Generated Client 계약과 Runtime API 정합성을 진단.,페이지 제목+기능설명; 검색/필터; Loading/Empty/Error; 상세/Drill-down; 권한표현; 최근갱신; 관련ID Copy; Help; 위험조치 배지; 영향 Preview; Reason; Confirm; Approval/SoD; Audit; 결과/복구,Menu→Route→Page→Generated Client→Backend API→Owner Runtime/DB→Permission/Audit→E2E,expectedOperationIds 2개 실제 Consumer 확인; raw mock-only 금지; 401/403/404/409/429/500/503 UX; Desktop/Narrow Playwright,"Route Matrix, OpenAPI operation mapping, Browser E2E, Screenshot, permission/audit evidence",DEVELOPMENT_COMPLETE_RUNTIME_UNVERIFIED,openApiOperations,/openApiOperations,DIRECT,요구 Capability를 동일 물리 Route의 Page→Generated Client→Backend Owner 흐름으로 직접 제공,완료,미검증
ADMUI-056,"ADM-APPROVAL, ADM-EXS",07 기준정보·플랫폼설정,resiliencePolicies,/resiliencePolicies,Resilience 정책,CRITICAL,Retry/Timeout/Circuit 등 Resilience Policy를 조회하고 변경 요청→승인/반려로 관리.,페이지 제목+기능설명; 검색/필터; Loading/Empty/Error; 상세/Drill-down; 권한표현; 최근갱신; 관련ID Copy; Help; 위험조치 배지; 영향 Preview; Reason; Confirm; Approval/SoD; Audit; 결과/복구,Menu→Route→Page→Generated Client→Backend API→Owner Runtime/DB→Permission/Audit→E2E,expectedOperationIds 5개 실제 Consumer 확인; raw mock-only 금지; 401/403/404/409/429/500/503 UX; Desktop/Narrow Playwright,"Route Matrix, OpenAPI operation mapping, Browser E2E, Screenshot, permission/audit evidence",DEVELOPMENT_COMPLETE_RUNTIME_UNVERIFIED,resiliencePolicies,/resiliencePolicies,DIRECT,요구 Capability를 동일 물리 Route의 Page→Generated Client→Backend Owner 흐름으로 직접 제공,완료,미검증
ADMUI-057,ADM-UX,07 기준정보·플랫폼설정,responseCodes,/responseCodes,응답코드,MEDIUM,표준 응답코드를 조회·등록·수정·삭제하고 사용처와 Error UX 연결성을 확인.,페이지 제목+기능설명; 검색/필터; Loading/Empty/Error; 상세/Drill-down; 권한표현; 최근갱신; 관련ID Copy; Help,Menu→Route→Page→Generated Client→Backend API→Owner Runtime/DB→Permission/Audit→E2E,expectedOperationIds 5개 실제 Consumer 확인; raw mock-only 금지; 401/403/404/409/429/500/503 UX; Desktop/Narrow Playwright,"Route Matrix, OpenAPI operation mapping, Browser E2E, Screenshot, permission/audit evidence",DEVELOPMENT_COMPLETE_RUNTIME_UNVERIFIED,responseCodes,/responseCodes,DIRECT,요구 Capability를 동일 물리 Route의 Page→Generated Client→Backend Owner 흐름으로 직접 제공,완료,미검증
ADMUI-058,ADM-APPROVAL,08 보안·권한·승인,approvals,/approvals,위험조치 승인,HIGH,위험조치 정책/요청/결재/실행/Reconcile을 ALL/ANY/N_OF_M·SoD·Expiry 기준으로 관리.,페이지 제목+기능설명; 검색/필터; Loading/Empty/Error; 상세/Drill-down; 권한표현; 최근갱신; 관련ID Copy; Help; 위험조치 배지; 영향 Preview; Reason; Confirm; Approval/SoD; Audit; 결과/복구,Menu→Route→Page→Generated Client→Backend API→Owner Runtime/DB→Permission/Audit→E2E,expectedOperationIds 12개 실제 Consumer 확인; raw mock-only 금지; 401/403/404/409/429/500/503 UX; Desktop/Narrow Playwright,"Route Matrix, OpenAPI operation mapping, Browser E2E, Screenshot, permission/audit evidence",DEVELOPMENT_COMPLETE_RUNTIME_UNVERIFIED,approvals,/approvals,DIRECT,요구 Capability를 동일 물리 Route의 Page→Generated Client→Backend Owner 흐름으로 직접 제공,완료,미검증
ADMUI-059,"ADM-APPROVAL, ADM-AUDIT",08 보안·권한·승인,breakGlass,/breakGlass,Break-glass,HIGH,긴급 Break-glass Session의 Open→Review→Close와 유효시간·사유·Audit를 관리.,페이지 제목+기능설명; 검색/필터; Loading/Empty/Error; 상세/Drill-down; 권한표현; 최근갱신; 관련ID Copy; Help; 위험조치 배지; 영향 Preview; Reason; Confirm; Approval/SoD; Audit; 결과/복구,Menu→Route→Page→Generated Client→Backend API→Owner Runtime/DB→Permission/Audit→E2E,expectedOperationIds 4개 실제 Consumer 확인; raw mock-only 금지; 401/403/404/409/429/500/503 UX; Desktop/Narrow Playwright,"Route Matrix, OpenAPI operation mapping, Browser E2E, Screenshot, permission/audit evidence",DEVELOPMENT_COMPLETE_RUNTIME_UNVERIFIED,breakGlass,/breakGlass,DIRECT,요구 Capability를 동일 물리 Route의 Page→Generated Client→Backend Owner 흐름으로 직접 제공,완료,미검증
ADMUI-060,"ADM-AUTH, ADM-RBAC",08 보안·권한·승인,operators,/operators,운영자,HIGH,운영자 계정·조직·연락처·인증·Role·Session·Audit을 통합 관리하고 알림/Incident/Approval Owner Contact의 실사용 원천을 제공.,ID/이름/부서/직위·직책/Email/Mobile/Office Phone/상태/유효기간; 목록 Email/Mobile masking; Raw Contact 권한+사유; Overview/Role-Permission/Authentication/Session/Audit tabs,Search/Page→Create/Detail/Update→Contact masking/raw permission→Role/Permission→MFA/OIDC/SSO/IP→Session revoke→notification consumer→Audit; High-risk Impact/Diff→Reason→Approval/SoD→Confirm→Result→Recovery,self-lockout/last-admin 제거 방지; contact 변경 Audit; incident/security/approval/break-glass notification 실제 consumer; 401/403/404/409/429/500/503; Desktop/Narrow E2E,"Route Matrix, OpenAPI operation mapping, Browser E2E, Screenshot, permission/audit evidence",DEVELOPMENT_COMPLETE_RUNTIME_UNVERIFIED,operators,/operators,DIRECT,요구 Capability를 동일 물리 Route의 Page→Generated Client→Backend Owner 흐름으로 직접 제공,완료,미검증
ADMUI-061,ADM-AUTH,08 보안·권한·승인,password,/password,비밀번호,HIGH,Password Policy/검증/변경/Reset/Session Revoke를 관리.,페이지 제목+기능설명; 검색/필터; Loading/Empty/Error; 상세/Drill-down; 권한표현; 최근갱신; 관련ID Copy; Help; 위험조치 배지; 영향 Preview; Reason; Confirm; Approval/SoD; Audit; 결과/복구,Menu→Route→Page→Generated Client→Backend API→Owner Runtime/DB→Permission/Audit→E2E,expectedOperationIds 5개 실제 Consumer 확인; raw mock-only 금지; 401/403/404/409/429/500/503 UX; Desktop/Narrow Playwright,"Route Matrix, OpenAPI operation mapping, Browser E2E, Screenshot, permission/audit evidence",DEVELOPMENT_COMPLETE_RUNTIME_UNVERIFIED,password,/password,DIRECT,요구 Capability를 동일 물리 Route의 Page→Generated Client→Backend Owner 흐름으로 직접 제공,완료,미검증
ADMUI-062,ADM-RBAC,08 보안·권한·승인,permissions,/permissions,권한,MEDIUM,"Menu/Button/API/Command Permission, Role, Matrix를 조회·편집하며 Server-side Enforcement와 Cache 반영을 검증.",페이지 제목+기능설명; 검색/필터; Loading/Empty/Error; 상세/Drill-down; 권한표현; 최근갱신; 관련ID Copy; Help,Menu→Route→Page→Generated Client→Backend API→Owner Runtime/DB→Permission/Audit→E2E,expectedOperationIds 26개 실제 Consumer 확인; raw mock-only 금지; 401/403/404/409/429/500/503 UX; Desktop/Narrow Playwright,"Route Matrix, OpenAPI operation mapping, Browser E2E, Screenshot, permission/audit evidence",DEVELOPMENT_COMPLETE_RUNTIME_UNVERIFIED,permissions,/permissions,DIRECT,요구 Capability를 동일 물리 Route의 Page→Generated Client→Backend Owner 흐름으로 직접 제공,완료,미검증
ADMUI-063,"ADM-AUTH, ADM-AUDIT",08 보안·권한·승인,secrets,/secrets,Secret / Key,HIGH,Secret Metadata/Provider 상태와 Rotation을 제공하되 Secret 원문은 UI·Log·Evidence에 노출하지 않음.,페이지 제목+기능설명; 검색/필터; Loading/Empty/Error; 상세/Drill-down; 권한표현; 최근갱신; 관련ID Copy; Help; 위험조치 배지; 영향 Preview; Reason; Confirm; Approval/SoD; Audit; 결과/복구,Menu→Route→Page→Generated Client→Backend API→Owner Runtime/DB→Permission/Audit→E2E,expectedOperationIds 3개 실제 Consumer 확인; raw mock-only 금지; 401/403/404/409/429/500/503 UX; Desktop/Narrow Playwright,"Route Matrix, OpenAPI operation mapping, Browser E2E, Screenshot, permission/audit evidence",DEVELOPMENT_COMPLETE_RUNTIME_UNVERIFIED,secrets,/secrets,DIRECT,요구 Capability를 동일 물리 Route의 Page→Generated Client→Backend Owner 흐름으로 직접 제공,완료,미검증
ADMUI-064,"ADM-AUTH, ADM-RBAC",08 보안·권한·승인,security,/security,보안,HIGH,MFA 등록/검증/해제와 IP Allowlist를 관리하고 Fail-closed 인증상태를 진단.,페이지 제목+기능설명; 검색/필터; Loading/Empty/Error; 상세/Drill-down; 권한표현; 최근갱신; 관련ID Copy; Help; 위험조치 배지; 영향 Preview; Reason; Confirm; Approval/SoD; Audit; 결과/복구,Menu→Route→Page→Generated Client→Backend API→Owner Runtime/DB→Permission/Audit→E2E,expectedOperationIds 6개 실제 Consumer 확인; raw mock-only 금지; 401/403/404/409/429/500/503 UX; Desktop/Narrow Playwright,"Route Matrix, OpenAPI operation mapping, Browser E2E, Screenshot, permission/audit evidence",DEVELOPMENT_COMPLETE_RUNTIME_UNVERIFIED,security,/security,DIRECT,요구 Capability를 동일 물리 Route의 Page→Generated Client→Backend Owner 흐름으로 직접 제공,완료,미검증
ADMUI-065,ADM-AUTH,08 보안·권한·승인,auth-session,TBD,인증·세션 운영,HIGH,"Password/MFA/OIDC 로그인 상태, JDBC Session, fixation/concurrency/revocation/force logout을 운영자 관점에서 조회·제어.",Login/session state; IdP/MFA status; session list; revoke/force logout; fail-closed error UX,Identity→Session→Role→Menu/API permission→Audit,Canonical ADM-AUTH 전 항목이 Page/API/Test 또는 명시적 non-menu UX로 증명,"E2E auth/session, negative security evidence",DEVELOPMENT_COMPLETE_RUNTIME_UNVERIFIED,operators,/operators,INTEGRATED,운영자 화면의 Session 목록·만료정리·강제 revoke와 Password/MFA 화면을 연계,완료,미검증
ADMUI-066,ADM-EXS,03 서비스·연계·Gateway,external-institutions,TBD,외부기관 관제,HIGH,"외부기관 Endpoint/Health/Credential·Certificate 상태, Request/Response Timeline, UNKNOWN/Reconcile을 한 화면 흐름으로 제공.",기관/Endpoint filter; cert expiry; credential metadata; health; timeline; unknown; reconcile; masking,Institution→Endpoint→Health→Transaction→Failure→Unknown→Reconcile→Audit,Gateway/Integration 기존화면으로 완전 Coverage되거나 전용 화면 추가,"Browser E2E, certificate/credential masking, reconciliation evidence",DEVELOPMENT_COMPLETE_RUNTIME_UNVERIFIED,operations-governance,/operations-governance,INTEGRATED,외부기관 호출 상태 Projection에서 Transaction Trace와 Gateway 관제로 Drill-down,완료,미검증
ADMUI-067,ADM-INCIDENT,05 로그·감사·Incident,incident-postmortem,TBD,Incident Postmortem·Closure,MEDIUM,Incident 해결 이후 원인·영향·조치·Evidence·재발방지·Closure를 보존.,Timeline; owner; severity; related Tx; runbook; actions; postmortem; closure,Alert→Incident→Action→Resolve→Postmortem→Closure,ADM-INCIDENT의 postmortem/closure가 실제 API·UI·Audit로 확인,Incident E2E and evidence,DEVELOPMENT_COMPLETE_RUNTIME_UNVERIFIED,incidents,/incidents,INTEGRATED,Incident 해결 후 POSTMORTEM 명령·immutable timeline·audit를 동일 Incident 화면에서 수행,완료,미검증
ADMUI-068,ADM-AUDIT,05 로그·감사·Incident,audit-diff,TBD,변경 전·후 Audit Diff,MEDIUM,"위험/설정 변경의 Before/After Masked Snapshot, Reason, Approval, Result, TransactionId와 tamper-evident 상태를 가독성 있게 비교.",Diff view; masked values; actor; target; reason; approval; result; txId; integrity status,Change→Approval→Execution→Before/After→Audit integrity,ADM-AUDIT 모든 필드와 immutable/tamper-evident Evidence 확인,Audit API+DB+UI+integrity test,DEVELOPMENT_COMPLETE_RUNTIME_UNVERIFIED,auditLogs,/auditLogs,INTEGRATED,감사 로그의 before/after·reason·approval·transaction correlation을 동일 감사 흐름에서 비교,완료,미검증
ADMUI-069,OPS-METRIC,01 운영현황,ops-metrics,TBD,Metrics Explorer,MEDIUM,Transaction/Service/Instance/DB/Broker/Batch/Gateway/Agent bounded-cardinality Metric Dashboard/Export.,기간/Scope/Metric selector; p50/p95/p99; success/error/timeout; DB/Broker/Batch/Gateway/Agent; drill-down; export,Menu→Metric API→Runtime telemetry→Alert/Incident,"OPS-METRIC 전체와 label cardinality 안전성, Browser/E2E",Metric API/UI/E2E,DEVELOPMENT_COMPLETE_RUNTIME_UNVERIFIED,operations-governance,/operations-governance,INTEGRATED,최근 거래 Metric/SLO Projection과 기존 Runtime/Prometheus 관제로 연결,완료,미검증
ADMUI-070,OPS-SLO,01 운영현황,ops-slo,TBD,SLO·Error Budget,MEDIUM,Availability/Latency/Error/Freshness/Backlog/Recovery SLI/SLO와 Error Budget/Burn-rate 운영.,SLO list/detail; current vs target; budget; burn-rate; breach; incident drill-down; version/approval,Metric→SLI→SLO→Alert→Incident,"OPS-SLO 전 항목, 변경 Version/Audit",SLO API/UI/E2E,DEVELOPMENT_COMPLETE_RUNTIME_UNVERIFIED,operations-governance,/operations-governance,INTEGRATED,cpf.ops.slo.* 정책과 실제 거래 Metric을 한 Projection에서 비교,완료,미검증
ADMUI-071,OPS-ALERT,05 로그·감사·Incident,ops-alerts,TBD,Alert Center,MEDIUM,Alert dedup/grouping/inhibition/severity/routing/escalation/suppression/acknowledgement.,filter/group; ack; suppression; escalation; incident/runbook link; storm-safe paging,Signal→Alert→Ack/Route→Incident→Runbook,"OPS-ALERT 전체, storm/duplicate tests",Alert API/UI/E2E,DEVELOPMENT_COMPLETE_RUNTIME_UNVERIFIED,operations-governance,/operations-governance,INTEGRATED,Incident/Alert Projection에서 Incident 화면의 acknowledge/resolve/postmortem으로 연결,완료,미검증
ADMUI-072,OPS-RUNBOOK,05 로그·감사·Incident,ops-runbooks,TBD,Runbook Center,HIGH,탐지조건·영향·진단·안전조치·rollback·escalation·검증·종결기준을 실행 가능한 Runbook으로 제공.,versioned steps; owner; permissions; command links; evidence; closure criteria,Incident→Runbook→Step/Command→Verify→Close,"OPS-RUNBOOK 전 항목, Owner Command 연결",Runbook API/UI/E2E,DEVELOPMENT_COMPLETE_RUNTIME_UNVERIFIED,operations-governance,/operations-governance,INTEGRATED,cpf.ops.runbook.* 정책을 조회하고 Config Owner 화면에서 versioned 변경,완료,미검증
ADMUI-073,OPS-SELF,06 복구·변경·배포,ops-self-healing,TBD,자동진단·자동복구,CRITICAL,"자동진단/자동복구 allowlist, rate/attempt limit, circuit stop, approval boundary, rollback, immutable audit.",allowlist; trigger; preview; attempts; rate; circuit; rollback; kill switch; audit,Alert→Policy→Auto action→Verify/Rollback→Audit,OPS-SELF fault/retry/circuit/rollback tests,Self-healing API/UI/fault evidence,DEVELOPMENT_COMPLETE_RUNTIME_UNVERIFIED,operations-governance,/operations-governance,INTEGRATED,자동복구 정책 조회 후 Runtime Control·Approval의 preview/승인/rollback 실행 경로로 연결,완료,미검증
ADMUI-074,OPS-TOPOLOGY,01 운영현황,ops-topology,TBD,Versioned Topology Catalog,MEDIUM,Service/Instance/Dependency/Domain/Owner/DB/Broker/Endpoint 관계와 Versioned Snapshot.,graph/list; owner/version/zone/health; DB/Broker/external; dependency drill-down,Topology→Health/Metric→Transaction/Incident,OPS-TOPOLOGY 관계/버전/E2E,Topology API/UI/E2E,DEVELOPMENT_COMPLETE_RUNTIME_UNVERIFIED,topology,/topology,INTEGRATED,서비스·Endpoint·Instance·Health 관계를 기존 Topology/Service Registry 화면으로 통합,완료,미검증
ADMUI-075,OPS-MAINT,06 복구·변경·배포,ops-maintenance,TBD,Maintenance·Drain,CRITICAL,Maintenance/admission block/drain/quiesce/in-flight deadline/health-routing/resume/audit.,target; impact; in-flight; deadline; preview; reason; approval; resume; audit,Preview→Approve→Drain→Verify→Resume,OPS-MAINT multi-instance/in-flight tests,Maintenance API/UI/E2E,DEVELOPMENT_COMPLETE_RUNTIME_UNVERIFIED,maintenance,/maintenance,INTEGRATED,Maintenance·Drain·Resume 위험조치를 기존 Maintenance Owner 화면으로 통합,완료,미검증
ADMUI-076,OPS-CONFIG,07 기준정보·플랫폼설정,ops-config,TBD,Runtime Config Rollout,CRITICAL,Config catalog/schema/encryption/version/staged rollout/approval/dynamic apply/rollback/drift.,desired/actual; schema; version; diff; staged rollout; instance results; rollback; drift,Change→Approve→Rollout→Verify→Rollback/Reconcile,OPS-CONFIG partial failure/drift tests,Config API/UI/E2E,DEVELOPMENT_COMPLETE_RUNTIME_UNVERIFIED,configs,/configs,INTEGRATED,"설정 Catalog/Version/Audit 변경은 Config Owner, runtime apply/drift는 Runtime Control과 연계",완료,미검증
ADMUI-077,OPS-DRIFT,06 복구·변경·배포,ops-drift,TBD,Desired-Actual Drift,HIGH,Source/Artifact/Config/DB/Route/Permission/Runtime version Drift 탐지·차단·복구.,expected/actual; severity; source; impacted instances; diff; block/reconcile/audit,Detect→Assess→Block/Reconcile→Verify,OPS-DRIFT all surfaces + false positive tests,Drift API/UI/E2E,DEVELOPMENT_COMPLETE_RUNTIME_UNVERIFIED,operations-governance,/operations-governance,INTEGRATED,desired/actual runtime state drift를 Projection하고 Runtime Control 복구 경로로 연결,완료,미검증
ADMUI-078,OPS-CAPACITY,01 운영현황,ops-capacity,TBD,Capacity·Trend·Forecast,MEDIUM,CPU/Memory/Thread/Connection/Queue/Storage/DB/Broker 용량과 threshold/trend/forecast/load baseline.,current/threshold/trend/forecast/peak/saturation; alert link; export,Metric→Capacity risk→Alert/Incident,OPS-CAPACITY trend/forecast coverage,Capacity API/UI/E2E,DEVELOPMENT_COMPLETE_RUNTIME_UNVERIFIED,capacity,/capacity,INTEGRATED,Runtime/Service Instance와 거래 부하를 Online Diagnostics 화면에서 보고 운영 Projection과 연계,완료,미검증
ADMUI-079,OPS-DR,06 복구·변경·배포,ops-dr,TBD,DR·Backup·Failover,CRITICAL,"RTO/RPO, multi-zone/site, backup/restore, failover/failback, consistency, runbook, drill.",RTO/RPO; replication; backup; restore validation; failover readiness; drill history; approval,Assess→Approve→Failover/Restore→Consistency→Failback→Audit,OPS-DR drill/failure evidence,DR API/UI/runbook/evidence,DEVELOPMENT_COMPLETE_RUNTIME_UNVERIFIED,operations-governance,/operations-governance,INTEGRATED,DR/backup 정책과 failover/restore runtime change를 Projection하고 Runtime Control로 연결,완료,미검증
ADMUI-080,"SEC-DOWNLOAD, SEC-PRIVACY, SEC-CERT, SEC-SECRET, SEC-AUDIT, SEC-APPROVAL",08 보안·권한·승인,security-cross-cut,TBD,Security Operation Projection,CRITICAL,Download/Privacy/Certificate/Secret/Audit/Approval의 운영 Projection을 보안 계약 그대로 UI에 반영.,watermark/expiry/encryption/one-time; raw access; cert expiry/rotation/revocation; secret provider health; audit integrity; dual-control,Security owner API→ADM projection→Permission/Approval/Audit,Security negative/e2e/secret leak/tamper evidence,Security UI/API/E2E,DEVELOPMENT_COMPLETE_RUNTIME_UNVERIFIED,security,/security,INTEGRATED,보안 시작점에서 Secret·Approval·Audit·Download/Privacy 관련 Owner 화면으로 Drill-down,완료,미검증
