bridge_requirement_id,canonical_requirement_id,owner_scope,requirement,acceptance_basis,bridge_reason,development_status,verification_status,source_identity
CPF-CBR-0001,TX-STRATEGY,cpf-core contract + selected runtime owner,"업무 특성에 따라 `LOCAL`, `XA_JTA`, `OUTBOX`, `SAGA`, `TCC`를 명시적으로 선택·조합하는 정책, 안전한 Default, 상호배타/호환 규칙과 선택하지 않은 Runtime 0-footprint를 제공한다. 동일 거래에서 전략을 혼합해도 transactionId lineage와 오류/복구 모델이 유지되어야 한다.","strategy selection API/config, fail-fast conflict test, selected-only dependency/bean/config/SQL, 실제 Consumer와 혼합 전략 E2E Evidence","Canonical Requirement가 기존 30,605 Detailed Master에 direct ID로 연결되지 않아 삭제/누락 방지를 위한 Current authoritative bridge를 생성. 다음 중앙 Dataset regeneration 시 native detailed child로 흡수할 때까지 유지.",미완료,미검증,1a39531bcd1f0b1c82bbc6f330ab7b8256fc9132f62676ed1c8887ae42040839
CPF-CBR-0002,TX-LOCAL,cpf-core contract + data runtime owner,"단일 Resource의 local transaction을 가장 단순한 기본 개발경험으로 제공하고 commit/rollback, propagation, isolation, timeout, read-only, exception mapping, transactionId/log 연계를 표준화한다. XA Provider가 없어도 기본 업무가 정상 동작해야 한다.","실제 Domain Consumer, commit/rollback/timeout/exception Test, 3 DB Vendor Runtime 또는 타당한 DB-less 근거","Canonical Requirement가 기존 30,605 Detailed Master에 direct ID로 연결되지 않아 삭제/누락 방지를 위한 Current authoritative bridge를 생성. 다음 중앙 Dataset regeneration 시 native detailed child로 흡수할 때까지 유지.",미완료,미검증,1a39531bcd1f0b1c82bbc6f330ab7b8256fc9132f62676ed1c8887ae42040839
CPF-CBR-0003,TX-XA-JTA,cpf-core transaction contract + Optional JTA Provider owner,"JTA/XA를 Optional 상용 Capability로 제공한다. Tomcat에서는 standalone Transaction Manager Adapter, JTA-capable WAS에서는 managed JTA Adapter를 지원하며 DB+DB, DB+JMS의 XAResource enlistment와 2PC prepare/commit/rollback/heuristic/in-doubt 상태를 제공한다. 특정 TM 구현을 `cpf-core`에 강제하지 않는다.","Tomcat-compatible standalone TM Reference, managed-JTA adapter contract, Oracle/PostgreSQL/MariaDB XADataSource, JMS XAConnectionFactory/XAResource, DB+DB·DB+JMS Consumer/Test/Runtime Evidence","Canonical Requirement가 기존 30,605 Detailed Master에 direct ID로 연결되지 않아 삭제/누락 방지를 위한 Current authoritative bridge를 생성. 다음 중앙 Dataset regeneration 시 native detailed child로 흡수할 때까지 유지.",미완료,미검증,1a39531bcd1f0b1c82bbc6f330ab7b8256fc9132f62676ed1c8887ae42040839
CPF-CBR-0004,TX-XA-RECOVERY,JTA Provider owner + operations,"prepare 이후 process kill, TM/RM restart, commit 중 장애와 in-doubt transaction을 durable recovery log와 resource recovery scan으로 안전하게 해소하고 duplicate recovery·heuristic outcome을 구분한다. ADM에서 권한·사유·감사와 함께 조회/조치한다.","prepare-kill-restart, TM/RM restart, in-doubt scan, heuristic/manual review, multi-instance/fencing, ADM Timeline/Recovery Evidence","Canonical Requirement가 기존 30,605 Detailed Master에 direct ID로 연결되지 않아 삭제/누락 방지를 위한 Current authoritative bridge를 생성. 다음 중앙 Dataset regeneration 시 native detailed child로 흡수할 때까지 유지.",미완료,미검증,1a39531bcd1f0b1c82bbc6f330ab7b8256fc9132f62676ed1c8887ae42040839
CPF-CBR-0005,TX-INBOX,messaging reliability owner + business consumer,"At-least-once 전달 환경에서 Inbox/Dedup을 공식 계약으로 제공하고 eventId/messageId, consumer identity, idempotency, concurrency, duplicate/partial processing, process kill/restart와 retention을 관리하여 업무 중복 Side Effect를 방지한다.","Outbox→Broker→Inbox 실제 Consumer, duplicate/redelivery/process-kill/multi-instance Test, dedup state/cleanup/reconcile Evidence","Canonical Requirement가 기존 30,605 Detailed Master에 direct ID로 연결되지 않아 삭제/누락 방지를 위한 Current authoritative bridge를 생성. 다음 중앙 Dataset regeneration 시 native detailed child로 흡수할 때까지 유지.",미완료,미검증,1a39531bcd1f0b1c82bbc6f330ab7b8256fc9132f62676ed1c8887ae42040839
CPF-CBR-0006,TX-TCC,cpf-core contract + owning business domain,"Hold/Reservation형 업무를 위한 Optional `Try/Confirm/Cancel` 계약을 제공한다. Try/Confirm/Cancel idempotency, empty rollback, hanging, duplicate confirm/cancel, timeout, UNKNOWN, recovery를 지원하되 Framework가 업무 보상 의미를 임의 결정하지 않는다.","잔액/한도/재고 등 Reference Consumer, Try→Confirm/Cancel, duplicate/empty rollback/hanging/process-kill/reconcile Evidence","Canonical Requirement가 기존 30,605 Detailed Master에 direct ID로 연결되지 않아 삭제/누락 방지를 위한 Current authoritative bridge를 생성. 다음 중앙 Dataset regeneration 시 native detailed child로 흡수할 때까지 유지.",미완료,미검증,1a39531bcd1f0b1c82bbc6f330ab7b8256fc9132f62676ed1c8887ae42040839
CPF-CBR-0007,TX-E2E,cpf-core + all integration/runtime owners,"Domain Call, 외부 REST/SOAP/TCP/File, DB, JMS/Kafka/RabbitMQ, Batch, Outbox/Inbox, Saga/TCC/XA, Retry/UNKNOWN/Reconcile, Logging/Audit/Trace/ADM을 하나의 transaction lineage로 연결한다. 기능별 단독 PASS로 E2E 완료를 대신하지 않는다.","동일 Reference Transaction의 Source→Consumer→Call Path→failure/recovery→Log/ADM Timeline, local/remote/multi-instance/process-kill Evidence","Canonical Requirement가 기존 30,605 Detailed Master에 direct ID로 연결되지 않아 삭제/누락 방지를 위한 Current authoritative bridge를 생성. 다음 중앙 Dataset regeneration 시 native detailed child로 흡수할 때까지 유지.",미완료,미검증,1a39531bcd1f0b1c82bbc6f330ab7b8256fc9132f62676ed1c8887ae42040839
CPF-CBR-0008,TX-DX,cpf-core + Starter owners,"업무 개발자가 transactionId/log/audit/metrics/retry/idempotency/recovery를 매번 수동 조립하지 않도록 typed API, 안전 Default, 최소 Config, Fail-Fast와 세밀한 Override를 제공하고 고급 사용자는 underlying transaction/provider native 기능에 접근할 수 있게 한다.","실제 업무 Consumer 코드 비교, boilerplate 감소, configuration misuse negative test, native escape/conformance Evidence","Canonical Requirement가 기존 30,605 Detailed Master에 direct ID로 연결되지 않아 삭제/누락 방지를 위한 Current authoritative bridge를 생성. 다음 중앙 Dataset regeneration 시 native detailed child로 흡수할 때까지 유지.",미완료,미검증,1a39531bcd1f0b1c82bbc6f330ab7b8256fc9132f62676ed1c8887ae42040839
CPF-CBR-0009,TX-EDU,cpf-education + generator,"Local, XA DB+DB, XA DB+JMS, XA crash recovery, Outbox/Inbox, Saga compensation, TCC, 외부 timeout/UNKNOWN/Reconcile, Domain A→B→C, Batch 연계를 실행 가능한 Reference로 제공하고 동일 transactionId와 ADM Timeline을 검증한다.","executable EDU/Reference, Source+Test+Harness, 3 Vendor/actual broker where applicable, failure/process-kill/restart Evidence","Canonical Requirement가 기존 30,605 Detailed Master에 direct ID로 연결되지 않아 삭제/누락 방지를 위한 Current authoritative bridge를 생성. 다음 중앙 Dataset regeneration 시 native detailed child로 흡수할 때까지 유지.",미완료,미검증,1a39531bcd1f0b1c82bbc6f330ab7b8256fc9132f62676ed1c8887ae42040839
CPF-CBR-0010,STARTER-DX,all Starter owners + generator/build,"Canonical Starter Catalog의 모든 활성 Starter가 OSS 직접 사용보다 편하고 안전한 개발경험을 제공해야 한다. 편의 API, AutoConfiguration, 최소 설정, safe default, Fail-Fast, CPF Error/Security/Audit/Masking/Observability/Transaction 연계, Provider 확장성, Native API Escape Hatch, 미사용 0-footprint와 실제 EDU Consumer를 갖춘다. Wrapper-only/consumer-less Starter는 완료가 아니다.","활성 Starter 전수 DX matrix, OSS-direct 대비 사용 코드/Config 비교, actual Consumer, boot context, failure/timeout/retry/unknown, selected-only footprint, EDU Evidence","Canonical Requirement가 기존 30,605 Detailed Master에 direct ID로 연결되지 않아 삭제/누락 방지를 위한 Current authoritative bridge를 생성. 다음 중앙 Dataset regeneration 시 native detailed child로 흡수할 때까지 유지.",미완료,미검증,1a39531bcd1f0b1c82bbc6f330ab7b8256fc9132f62676ed1c8887ae42040839
CPF-CBR-0011,BAT-NO-REMOTE-KAFKA,cpf-batch,"CPF 일반 Batch·Worker·Scheduler·Center-Cut은 Kafka 기반 Batch Remote Execution을 사용하지 않는다. `cpf-batch/remote-kafka`, `REMOTE_PARTITION`, `REMOTE_CHUNK`, `REMOTE_STEP`, Remote Worker/Config/API/진단, `BAT_REMOTE_MESSAGE_LEDGER`의 Current Schema·Query·Publication·Harness는 제거하고 새 Remote Transport나 대체 Broker를 만들지 않는다. 공용 CPF Kafka Messaging은 별도 Messaging Owner/Consumer가 있을 때만 독립 Capability로 존재하며 Batch 때문에 존치하지 않는다. Released V87/R87은 immutable history로 보존하고 V140/R140으로 Upgrade/Recovery를 제공한다.","실제 Consumer/Bean Wiring/Runtime Config/DB Query 역추적, Active Remote Dead Surface 0, 일반 Batch 5 Runtime·Center-Cut Domain Invocation·2+ Worker·Kill·Retry/UNKNOWN/Recovery, DB3 V140/R140, Fresh Replay Evidence","Canonical Requirement가 기존 30,605 Detailed Master에 direct ID로 연결되지 않아 삭제/누락 방지를 위한 Current authoritative bridge를 생성. 다음 중앙 Dataset regeneration 시 native detailed child로 흡수할 때까지 유지.",미완료,미검증,1a39531bcd1f0b1c82bbc6f330ab7b8256fc9132f62676ed1c8887ae42040839
CPF-CBR-0012,MBW-BUSINESS,cpf-backoffice,고객 업무 관리자 메뉴·권한·업무 조회·등록·변경·download·approval을 업무 Domain Public Contract로 수행한다.,"Server 권한 Test, API/OpenAPI, DB migration, Chromium·Firefox·WebKit E2E, 위험조치 audit Evidence","Canonical Requirement가 기존 30,605 Detailed Master에 direct ID로 연결되지 않아 삭제/누락 방지를 위한 Current authoritative bridge를 생성. 다음 중앙 Dataset regeneration 시 native detailed child로 흡수할 때까지 유지.",미완료,미검증,1a39531bcd1f0b1c82bbc6f330ab7b8256fc9132f62676ed1c8887ae42040839
CPF-CBR-0013,MBW-ORG,cpf-backoffice,"조직 hierarchy, 직원, 사번, 직급/직책, 유효기간 assignment, 겸직/파견/대행, masked profile과 결재 snapshot을 제공한다.","Server 권한 Test, API/OpenAPI, DB migration, Chromium·Firefox·WebKit E2E, 위험조치 audit Evidence","Canonical Requirement가 기존 30,605 Detailed Master에 direct ID로 연결되지 않아 삭제/누락 방지를 위한 Current authoritative bridge를 생성. 다음 중앙 Dataset regeneration 시 native detailed child로 흡수할 때까지 유지.",미완료,미검증,1a39531bcd1f0b1c82bbc6f330ab7b8256fc9132f62676ed1c8887ae42040839
CPF-CBR-0014,MBW-APPROVAL,cpf-backoffice,순차/병렬/개인/role/조직/ALL/ANY/N_OF_M/위임/대결/회수/재상신/만료/동시승인과 policy/instance 분리를 제공한다.,"Server 권한 Test, API/OpenAPI, DB migration, Chromium·Firefox·WebKit E2E, 위험조치 audit Evidence","Canonical Requirement가 기존 30,605 Detailed Master에 direct ID로 연결되지 않아 삭제/누락 방지를 위한 Current authoritative bridge를 생성. 다음 중앙 Dataset regeneration 시 native detailed child로 흡수할 때까지 유지.",미완료,미검증,1a39531bcd1f0b1c82bbc6f330ab7b8256fc9132f62676ed1c8887ae42040839
CPF-CBR-0015,MBW-SEQUENCE-SAMPLE,cpf-backoffice,업무 채번을 선택형 Customization Sample로 제공하되 기본 Runtime 의존을 만들지 않고 규칙·시험·승인·audit를 교육한다.,"Server 권한 Test, API/OpenAPI, DB migration, Chromium·Firefox·WebKit E2E, 위험조치 audit Evidence","Canonical Requirement가 기존 30,605 Detailed Master에 direct ID로 연결되지 않아 삭제/누락 방지를 위한 Current authoritative bridge를 생성. 다음 중앙 Dataset regeneration 시 native detailed child로 흡수할 때까지 유지.",미완료,미검증,1a39531bcd1f0b1c82bbc6f330ab7b8256fc9132f62676ed1c8887ae42040839
CPF-CBR-0016,DEVEX-LAYER,Foundation/Starter owners + Domain owners + generator,Controller/Service/Batch 등 주요 실행 계층이 `CPF 공통 → Domain 공통 → 업무 구현` 표준 확장점을 경유하며 Runtime 의존 Base는 Core 밖의 올바른 Owner가 소유한다. DTO/Entity/Repository는 기술 제약에 따라 interface/composition/meta-annotation으로 동등한 확장성을 제공한다.,"Generated/handwritten 실제 Consumer 계층, ArchUnit/compile gate, stale base FQCN 0, Native extension Evidence","Canonical Requirement가 기존 30,605 Detailed Master에 direct ID로 연결되지 않아 삭제/누락 방지를 위한 Current authoritative bridge를 생성. 다음 중앙 Dataset regeneration 시 native detailed child로 흡수할 때까지 유지.",미완료,미검증,1a39531bcd1f0b1c82bbc6f330ab7b8256fc9132f62676ed1c8887ae42040839
CPF-CBR-0017,DEVEX-ANNOTATION,Foundation/Web/Data/Batch/Messaging/Integration owners,CPF 의미가 있는 meta-annotation과 declarative API로 등록·Context·Validation·Error·Audit·Transaction·Retry 등의 plumbing을 단순화하되 표준 Spring/Jakarta API와 Native Escape를 유지하고 no-op wrapper/annotation pollution을 금지한다.,"Annotation consumer matrix, IDE/JavaDoc, boot/AOP/interceptor runtime, misuse negative test, Native API parity Evidence","Canonical Requirement가 기존 30,605 Detailed Master에 direct ID로 연결되지 않아 삭제/누락 방지를 위한 Current authoritative bridge를 생성. 다음 중앙 Dataset regeneration 시 native detailed child로 흡수할 때까지 유지.",미완료,미검증,1a39531bcd1f0b1c82bbc6f330ab7b8256fc9132f62676ed1c8887ae42040839
CPF-CBR-0018,DEVEX-VALIDATION,Foundation/Web/Batch/Messaging/Integration + generator,Bean Validation을 기본으로 Body/Query/Path/Header/Method/Batch Parameter/Message/Integration DTO와 CPF 전용 값/교차필드 검증을 일관되게 제공하고 실패를 CPF Error/OpenAPI/Frontend 계약으로 연결한다.,"실제 validation consumer, invalid corpus, header trust 분리, Generator/OpenAPI/Frontend parity Evidence","Canonical Requirement가 기존 30,605 Detailed Master에 direct ID로 연결되지 않아 삭제/누락 방지를 위한 Current authoritative bridge를 생성. 다음 중앙 Dataset regeneration 시 native detailed child로 흡수할 때까지 유지.",미완료,미검증,1a39531bcd1f0b1c82bbc6f330ab7b8256fc9132f62676ed1c8887ae42040839
CPF-CBR-0019,DEVEX-ERROR,Core error semantics + endpoint/provider owners,개발자가 반복 try/catch·ErrorResponse 조립을 하지 않도록 기술중립 Error taxonomy와 endpoint별 mapping을 제공한다. HTTP/Persistence/External/Batch/Message mapping은 각 Owner가 담당하고 secret/stack/provider detail은 외부 응답에 노출하지 않는다.,"Web/DB/Integration/Message/Batch error runtime, mapping contract, masking/unknown/retry negative Evidence","Canonical Requirement가 기존 30,605 Detailed Master에 direct ID로 연결되지 않아 삭제/누락 방지를 위한 Current authoritative bridge를 생성. 다음 중앙 Dataset regeneration 시 native detailed child로 흡수할 때까지 유지.",미완료,미검증,1a39531bcd1f0b1c82bbc6f330ab7b8256fc9132f62676ed1c8887ae42040839
CPF-CBR-0020,DEVEX-LOGGING,platform-operations/observability + runtime owners,"일반 SLF4J 사용만으로 Context/trace/instance/operation이 구조화 로그에 자동 연결되고 masking, slow/error, integration/message/batch lifecycle을 제공한다. Audit/Performance annotation은 필요한 곳에만 사용하며 전 메서드 log annotation 강제를 금지한다.","실제 업무/Batch/Message/Integration 로그, MDC leak test, masking, dynamic level, ADM trace lookup Evidence","Canonical Requirement가 기존 30,605 Detailed Master에 direct ID로 연결되지 않아 삭제/누락 방지를 위한 Current authoritative bridge를 생성. 다음 중앙 Dataset regeneration 시 native detailed child로 흡수할 때까지 유지.",미완료,미검증,1a39531bcd1f0b1c82bbc6f330ab7b8256fc9132f62676ed1c8887ae42040839
CPF-CBR-0021,DEVEX-UTILITY,base + capability owners,반복 업무 Utility를 Date/Time/BusinessDate/Money/Decimal/ID/Validation/Text/Collection/JSON/File/Hash/Paging 등 올바른 Owner에 제공하되 OSS 단순 재포장·God Utils·Core utility dump를 금지하고 typed/safe API와 Test를 제공한다.,"Utility ownership catalog, duplicate/dead check, boundary/security tests, actual consumer/EDU Evidence","Canonical Requirement가 기존 30,605 Detailed Master에 direct ID로 연결되지 않아 삭제/누락 방지를 위한 Current authoritative bridge를 생성. 다음 중앙 Dataset regeneration 시 native detailed child로 흡수할 때까지 유지.",미완료,미검증,1a39531bcd1f0b1c82bbc6f330ab7b8256fc9132f62676ed1c8887ae42040839
CPF-CBR-0022,DEVEX-TESTKIT,cpf-tools/testing/cpf-testkit + capability owners,Context/Security/Tenant/Transaction/BusinessDate/DB/REST/Message/Batch/Logging/Audit/Idempotency/Retry fixture와 assertion을 제공하여 제품 Golden Path를 쉽게 검증하고 실제 Provider runtime test로 연결한다.,"Testkit actual consumers, provider runtime bridge, leak/failure/retry/restart assertions, Generated Domain Evidence","Canonical Requirement가 기존 30,605 Detailed Master에 direct ID로 연결되지 않아 삭제/누락 방지를 위한 Current authoritative bridge를 생성. 다음 중앙 Dataset regeneration 시 native detailed child로 흡수할 때까지 유지.",미완료,미검증,1a39531bcd1f0b1c82bbc6f330ab7b8256fc9132f62676ed1c8887ae42040839
CPF-CBR-0023,CACHE-REDIS-PROVIDER,data/cache provider,"기존 `cache-valkey`를 유지하면서 `cache-redis`를 공식 Optional Provider Starter로 추가한다. Redis/Valkey는 `CpfCache`/invalidation/health/metrics/recovery 의미와 Spring Data Redis protocol runtime을 내부 공통 leaf로 공유하고, `cache=redis` 또는 `cache=valkey`를 Catalog/Profile/Generator에서 명시적으로 선택한다. Redis 연결 정상·장애·재연결, durable invalidation, multi-instance, duplicate/out-of-order/version fence, process-kill/reconcile을 검증하며 미선택 Provider는 0-footprint를 지킨다.","`cache-redis`/`cache-valkey` provider parity, shared-runtime duplicate 0, Catalog/BOM/Metadata/Generator/Profile/Sample/EDU, Redis actual runtime outage/reconnect, Valkey regression, multi-instance/process-kill/reconcile Evidence","Canonical Requirement가 기존 30,605 Detailed Master에 direct ID로 연결되지 않아 삭제/누락 방지를 위한 Current authoritative bridge를 생성. 다음 중앙 Dataset regeneration 시 native detailed child로 흡수할 때까지 유지.",미완료,미검증,1a39531bcd1f0b1c82bbc6f330ab7b8256fc9132f62676ed1c8887ae42040839
CPF-CBR-0024,CPF-SYSTEM6,cpf-core contract + trusted ingress/runtime adapters,"업무 Domain Online Transaction의 논리 거래 Context를 `X-Transaction-Id`, `X-Original-System-Code`, `X-System-Code`, `X-Caller-System-Code`, `X-Target-System-Code`, `X-Target-Operation-Id` 6개로 고정한다. Browser는 작성하지 못하고 Same-JVM은 in-process Context, Remote 경계는 6개를 serialize/deserialize하며 Receiver는 System/Target/Operation 정합을 Controller 실행 전에 검증한다.","Header/Context unit+contract, Browser spoof negative, Same-JVM/Remote parity, mismatch pre-controller reject, async/retry propagation Evidence","Canonical Requirement가 기존 30,605 Detailed Master에 direct ID로 연결되지 않아 삭제/누락 방지를 위한 Current authoritative bridge를 생성. 다음 중앙 Dataset regeneration 시 native detailed child로 흡수할 때까지 유지.",미완료,미검증,1a39531bcd1f0b1c82bbc6f330ab7b8256fc9132f62676ed1c8887ae42040839
CPF-CBR-0025,CPF-INSTANCE,runtime identity + platform operations,"`instanceId`는 명시 property/env를 우선하고 없으면 실제 runtime hostname을 bootstrap 시 1회 확정한다. localhost/unknown/Domain명 등 fabricated fallback을 금지한다. 동일 Host에서 동일 System의 다중 Process는 explicit instanceId가 필수이며 active `{systemCode,instanceId}` 충돌 시 READY 금지다.","bootstrap unit, hostname failure, same-host multiprocess collision, registry/readiness, log/trace/ADM identity Evidence","Canonical Requirement가 기존 30,605 Detailed Master에 direct ID로 연결되지 않아 삭제/누락 방지를 위한 Current authoritative bridge를 생성. 다음 중앙 Dataset regeneration 시 native detailed child로 흡수할 때까지 유지.",미완료,미검증,1a39531bcd1f0b1c82bbc6f330ab7b8256fc9132f62676ed1c8887ae42040839
CPF-CBR-0026,CPF-OPERATION,online transaction contract + operation registry/policy,"`@CpfOnlineTransaction.operationId` = OpenAPI operationId = Target Operation Header = Domain Client = Registry/ADM/Log/Trace의 단일 안정 ID다. Source는 operation 사실/metadata/discovery를, ADM Policy는 enabled/allowedCallerSystems 및 별도 channel policy를 소유한다. Source 미발견은 단일 instance 기준 자동삭제하지 않는다.","annotation/OpenAPI/client parity, policy seed/override, multi-instance discovery, ALL/unknown/disabled negative, LKG/fail-close Evidence","Canonical Requirement가 기존 30,605 Detailed Master에 direct ID로 연결되지 않아 삭제/누락 방지를 위한 Current authoritative bridge를 생성. 다음 중앙 Dataset regeneration 시 native detailed child로 흡수할 때까지 유지.",미완료,미검증,1a39531bcd1f0b1c82bbc6f330ab7b8256fc9132f62676ed1c8887ae42040839
CPF-CBR-0027,GEN-DOMAIN,cpf-tools generator + generated business domain contract,"Generated Business Domain은 고객 개발자가 실제 업무를 개발하는 결과물 영역이다. `cpf-<domain>/online/<feature>/<technical-role>` Feature-First를 기본으로 하고 `batch=true`일 때만 `batch/<feature>/<role>`을 생성한다. 공유 `domain/`은 실제 2개 이상 Runtime Consumer가 있을 때만 만든다. Public Starter/API와 Developer-Facing Source/Build/설정만 노출하며 Internal Leaf, vendor DB source folder, Generator 입력·lock·state·cache·evidence를 생성하지 않는다.","fresh generate normalized parity, root cleanliness, package/ownership gate, forbidden metadata 0, internal dependency 0, optional batch include/exclude, user source protection Evidence","Canonical Requirement가 기존 30,605 Detailed Master에 direct ID로 연결되지 않아 삭제/누락 방지를 위한 Current authoritative bridge를 생성. 다음 중앙 Dataset regeneration 시 native detailed child로 흡수할 때까지 유지.",미완료,미검증,1a39531bcd1f0b1c82bbc6f330ab7b8256fc9132f62676ed1c8887ae42040839
CPF-CBR-0028,GEN-SETUP,cpf-tools domain setup/sync,"Domain root의 source-controlled `gradle.properties` `cpf.domain.*` Developer Contract에 logical identity/module/capability/dependency/integration을 선언하고 `domain setup/create/sync/diff`가 workspace, build, Public Starter, config template, generated clients, bootstrap/runtime discovery 준비를 일관되게 처리한다. 명시적 외부 descriptor는 transient 입력일 뿐 결과 Root에 저장하지 않는다. 위험 변경과 exact Generated-owned 삭제는 dry-run/diff 및 명시적 승인으로 fail-closed하고 user-owned source를 silent overwrite하지 않는다.","setup validation corpus, duplicate/port/dependency cycle negative, dry-run/idempotency/sync, stateless regenerate, user-owned protection, public workspace consumer Evidence","Canonical Requirement가 기존 30,605 Detailed Master에 direct ID로 연결되지 않아 삭제/누락 방지를 위한 Current authoritative bridge를 생성. 다음 중앙 Dataset regeneration 시 native detailed child로 흡수할 때까지 유지.",미완료,미검증,1a39531bcd1f0b1c82bbc6f330ab7b8256fc9132f62676ed1c8887ae42040839
CPF-CBR-0029,GEN-CUSTOM-LIB,cpf-tools customer shared library generator,고객사는 `cpf-common`을 수정하지 않고 회사 공통 함수·DTO·검증·공통 서비스를 독립 JAR 작업공간으로 생성할 수 있다. `cpf library create/attach/sync/verify`는 `customer-libraries/<name>`을 만들고 Java 25 build/publication 계약을 제공한다. Customer Library는 모든 Domain에 자동 주입하지 않으며 개발자가 선택한 Domain에만 Generated Gradle composite/dependency를 연결한다. 생성 Source와 CLI 도움말은 한글 설명을 기본으로 하고 `com.cpf.*` namespace 및 CPF Internal dependency를 fail-closed한다.,"create/attach/sync/verify, Korean generated guidance, explicit domain consumer, idempotent sync, internal dependency negative, Java25 build/test/publication Evidence","Canonical Requirement가 기존 30,605 Detailed Master에 direct ID로 연결되지 않아 삭제/누락 방지를 위한 Current authoritative bridge를 생성. 다음 중앙 Dataset regeneration 시 native detailed child로 흡수할 때까지 유지.",미완료,미검증,1a39531bcd1f0b1c82bbc6f330ab7b8256fc9132f62676ed1c8887ae42040839
CPF-CBR-0030,DB-BINDING,cpf-tools DB lifecycle + generated domain setup,"Logical Domain Definition과 environment-specific DB Binding을 분리한다. Generated Domain의 logical DB ID는 기본 `<systemCode lower>DB`이고 Oracle/PostgreSQL/MariaDB 중 Domain별 vendor를 독립 선택한다. host/service/database/schema, migration principal, runtime principal, secret reference는 Binding이 소유하며 raw secret은 Source/Evidence에 금지한다.","DB3 binding matrix, migration/runtime account separation, secret scan, persistence=none/no-binding, required DB missing fail-close, vendor-change dry-run Evidence","Canonical Requirement가 기존 30,605 Detailed Master에 direct ID로 연결되지 않아 삭제/누락 방지를 위한 Current authoritative bridge를 생성. 다음 중앙 Dataset regeneration 시 native detailed child로 흡수할 때까지 유지.",미완료,미검증,1a39531bcd1f0b1c82bbc6f330ab7b8256fc9132f62676ed1c8887ae42040839
CPF-CBR-0031,MBW-WEB,cpf-backoffice-web,"Backoffice Web은 Frontend SPA + Spring Boot BFF Reference다. DB dependency, CPF Internal Java dependency, Business Domain Java project dependency는 0이어야 한다. Published OpenAPI/protocol schema로 생성된 HTTP Client 사용은 허용·권장하며 Browser session/cookie/CSRF와 server-side credential propagation은 BFF가 소유하고 Browser는 protected CPF Header를 작성하지 않는다.","dependency gate, OpenAPI generated client consumer, session/CSRF/security negative, Browser header spoof negative, Gateway→MBW E2E Evidence","Canonical Requirement가 기존 30,605 Detailed Master에 direct ID로 연결되지 않아 삭제/누락 방지를 위한 Current authoritative bridge를 생성. 다음 중앙 Dataset regeneration 시 native detailed child로 흡수할 때까지 유지.",미완료,미검증,1a39531bcd1f0b1c82bbc6f330ab7b8256fc9132f62676ed1c8887ae42040839
CPF-CBR-0032,CPF-LOGTX,cpf-starters logging + transaction log persistence,업무 Transaction의 성공/rollback/handled 4xx·5xx/exception과 무관하게 거래 DB Log Summary/Segment는 `cpfTransactionManager`의 독립 `REQUIRES_NEW` 경계로 요청·응답·상태·error metadata를 마스킹하여 보존한다. 업무 rollback으로 거래 추적이 함께 rollback되면 FAIL이며 DB log 장애는 durable fallback→recovery/replay로 추적성을 유지한다.,"REQUIRES_NEW static gate, success/business rollback/handled error/exception runtime, File↔DB↔Segment↔Timeline transactionId parity, masking/secret, fallback/recovery Evidence","Canonical Requirement가 기존 30,605 Detailed Master에 direct ID로 연결되지 않아 삭제/누락 방지를 위한 Current authoritative bridge를 생성. 다음 중앙 Dataset regeneration 시 native detailed child로 흡수할 때까지 유지.",미완료,미검증,1a39531bcd1f0b1c82bbc6f330ab7b8256fc9132f62676ed1c8887ae42040839
CPF-CBR-0033,REL-PUBLIC-WORKSPACE,cpf-tools release/public workspace,Public Git Workspace는 empty-directory default-deny staging으로 PUBLIC 분류된 developer source/config/script/docs만 포함하고 Private framework/internal/provider/governance/QA/evidence/secret과 누적 CPF JAR을 포함하지 않는다. commit/push는 자동화하지 않는다.,"unclassified=0, private leakage=0, secret=0, manifest/hash, clean clone build/setup/bootstrap, manual commit boundary Evidence","Canonical Requirement가 기존 30,605 Detailed Master에 direct ID로 연결되지 않아 삭제/누락 방지를 위한 Current authoritative bridge를 생성. 다음 중앙 Dataset regeneration 시 native detailed child로 흡수할 때까지 유지.",미완료,미검증,1a39531bcd1f0b1c82bbc6f330ab7b8256fc9132f62676ed1c8887ae42040839
CPF-CBR-0034,REL-PUBLIC-BINARY,publication/BOM/public artifact owners,Public Binary Repository는 Public BOM/API/Starter/Generator 및 공개 Runtime artifact를 버전·호환성·SBOM·서명과 함께 제공한다. Public Workspace는 이를 중앙 repository URL/version으로 소비하고 `mavenLocal()` 또는 Private repository에 의존하지 않는다.,"isolated cache consumer build, BOM resolution, publication metadata/signature/SBOM, private repo/mavenLocal negative Evidence","Canonical Requirement가 기존 30,605 Detailed Master에 direct ID로 연결되지 않아 삭제/누락 방지를 위한 Current authoritative bridge를 생성. 다음 중앙 Dataset regeneration 시 native detailed child로 흡수할 때까지 유지.",미완료,미검증,1a39531bcd1f0b1c82bbc6f330ab7b8256fc9132f62676ed1c8887ae42040839
CPF-CBR-0035,REL-OPEN-GIT-BOOTSTRAP,cpf-tools release/open-git + runtime/bootstrap,"기본 Binary Open Git Fresh 환경에서 Framework 구현 Source 없이 `cpf bootstrap → domain-new → domain-sync → build → test → run/READY → stop → reset → fresh replay`가 수작업 복사 없이 성공해야 한다. Bootstrap은 Oracle/PostgreSQL/MariaDB 선택, Generated Domain 자동발견, 필요한 DB/Middleware 준비와 Current Binary Artifact 연결을 소유한다.","Fresh binary lifecycle DB3 matrix, domain discovery, middleware readiness, READY, stop/reset/replay, failure/rerun Evidence","Canonical Requirement가 기존 30,605 Detailed Master에 direct ID로 연결되지 않아 삭제/누락 방지를 위한 Current authoritative bridge를 생성. 다음 중앙 Dataset regeneration 시 native detailed child로 흡수할 때까지 유지.",미완료,미검증,1a39531bcd1f0b1c82bbc6f330ab7b8256fc9132f62676ed1c8887ae42040839
CPF-CBR-0036,TOOL-UNIFIED-CLI,cpf-tools runtime/cli + canonical tooling engines,CPF 공식 Tooling Interface는 exactly-one Java `cpf` CLI다. PUBLIC `bootstrap/domain-new/domain-sync/build/test/run/stop/reset/status`와 INTERNAL `dev/verify/publish/release` Namespace를 같은 Command Architecture로 제공하고 Generator/Initializer/Gradle/DB/Runtime/Verification/Publication/Release의 기존 Canonical Engine을 호출한다. 외부/내부 차이는 별도 CLI가 아니라 Capability/Profile Projection이며 Open Git은 PUBLIC만 노출한다.,"exactly-one owner/source, command/artifact/owner catalog parity, internal capability negative in public jar, generator/bootstrap/build/test/runtime/DB3/publication/release consumers, Windows/Linux fresh lifecycle, internal/open-git golden path, duplicate/dead entrypoint 0 Evidence","Canonical Requirement가 기존 30,605 Detailed Master에 direct ID로 연결되지 않아 삭제/누락 방지를 위한 Current authoritative bridge를 생성. 다음 중앙 Dataset regeneration 시 native detailed child로 흡수할 때까지 유지.",미완료,미검증,1a39531bcd1f0b1c82bbc6f330ab7b8256fc9132f62676ed1c8887ae42040839
CPF-CBR-0037,REL-CLI-CROSSPLATFORM,cpf-tools runtime/cli + release/open-git,"CPF 공식 CLI는 단일 Java `cpf-cli.jar`를 실제 구현체로 사용하고 Linux `cpf`, Windows `cpf.cmd`/`cpf.ps1`은 Thin Wrapper로만 제공한다. PowerShell-only/Shell-only 구현을 금지하며 동일 command/options/exit/error/log contract, Java25, UTF-8, 경로, prerequisite failure, rerun/idempotency, version/sourceIdentity parity를 보장한다.","Java CLI jar build/run, wrapper thinness, Windows/Linux lifecycle parity, UTF-8/path/negative prerequisite, identity/version, Fresh Open Git Evidence","Canonical Requirement가 기존 30,605 Detailed Master에 direct ID로 연결되지 않아 삭제/누락 방지를 위한 Current authoritative bridge를 생성. 다음 중앙 Dataset regeneration 시 native detailed child로 흡수할 때까지 유지.",미완료,미검증,1a39531bcd1f0b1c82bbc6f330ab7b8256fc9132f62676ed1c8887ae42040839
CPF-CBR-0038,REL-OPEN-GIT-PROFILE,cpf-tools release/open-git,Open Git은 고객 개발·실행 배포 채널이며 기본 `binary` Profile은 Framework 구현 Source와 sources/javadoc JAR 0건이다. Optional `source` Profile만 Default-Deny Canonical Public Source Allowlist의 Public API/SPI/Annotation Source를 Projection한다. 모든 Profile에서 Internal/Generator Engine/QA/Evidence/Secret/Internal Release Tool은 금지하고 동일 Current Source Identity에서 Fresh Build/Test/Runtime/Fresh Replay한다. Current Release 한 본만 유지한다.,"binary/source profile contract, sources/javadoc=0, allowlist exact projection, internal/private leakage=0, same sourceIdentity, fresh release/replay Evidence","Canonical Requirement가 기존 30,605 Detailed Master에 direct ID로 연결되지 않아 삭제/누락 방지를 위한 Current authoritative bridge를 생성. 다음 중앙 Dataset regeneration 시 native detailed child로 흡수할 때까지 유지.",미완료,미검증,1a39531bcd1f0b1c82bbc6f330ab7b8256fc9132f62676ed1c8887ae42040839
CPF-CBR-0039,REL-OPEN-GIT-CUSTOMER-SOURCE,cpf-tools release/open-git + generated/customer source owners,"기본 Binary Profile에서도 고객이 직접 개발하는 Generated Domain, Backoffice, Sample/EDU, 고객 Config/SQL/Migration/Frontend/Generated Client/Test/Build Source Tree를 실제 수정 가능한 형태로 제공한다. Framework 내부 구현 Source Leakage=0과 Customer Development Source 누락=0을 동시에 강제하며 고객 Source를 sources.jar나 Framework Binary로 치환하지 않는다.","customer source allowlist completeness, generated domain/backoffice/frontend/sample build+test+runtime, framework/internal leakage negative, DB owner/sql parity, missing-customer-source mutation Evidence","Canonical Requirement가 기존 30,605 Detailed Master에 direct ID로 연결되지 않아 삭제/누락 방지를 위한 Current authoritative bridge를 생성. 다음 중앙 Dataset regeneration 시 native detailed child로 흡수할 때까지 유지.",미완료,미검증,1a39531bcd1f0b1c82bbc6f330ab7b8256fc9132f62676ed1c8887ae42040839
CPF-CBR-0040,REL-OPEN-GIT-GIT-BOUNDARY,cpf-tools release/open-git + unified CLI release namespace,"`cpf-release/`는 Open Git 전달 전용 staging이며 Private CPF master의 Git/Source Identity에서 제외한다. `cpf release open-git`과 Tool/CLI/DevGPT/Codex는 Private master와 Open Git fresh clone 모두에서 사용자 승인 전 add/index staging/commit/push/branch/tag/reset/restore/stash/clean을 수행하지 않는다. Tool은 read-only status/diff/provenance와 Release 검증까지만 수행해 `VERIFIED`를 만들고, 사용자가 결과 확인 후 Open Git에서만 직접 commit/push한다. Private Working Tree가 dirty여도 임의 정리하지 않고 Current Source Identity를 기록한다.","private `/cpf-release/` tracked=0, private/Open-Git write-command negative, branch/HEAD/status/sourceIdentity capture, GENERATED→VERIFIED→USER_REVIEWED→GIT_COMMITTED→GIT_PUSHED state separation, wrong remote/dirty clone negative, user Git command generation-only, automatic add/commit/push=0 Evidence","Canonical Requirement가 기존 30,605 Detailed Master에 direct ID로 연결되지 않아 삭제/누락 방지를 위한 Current authoritative bridge를 생성. 다음 중앙 Dataset regeneration 시 native detailed child로 흡수할 때까지 유지.",미완료,미검증,1a39531bcd1f0b1c82bbc6f330ab7b8256fc9132f62676ed1c8887ae42040839
CPF-CBR-0041,DEVEX-BOOTSTRAP,cpf-tools local bootstrap,Local Bootstrap은 Windows/Linux thin wrapper가 공유 engine을 호출하는 개발환경 제품 기능이다. Git/Java25/container runtime과 필요한 경우 Node를 확인하고 selected DB start→actual health→migration→seed→capability middleware→domain discovery→build/test→runtime health를 수행한다. silent OS install/admin escalation/PATH mutation을 금지하고 stop과 reset을 분리하며 idempotent re-run/domain add-remove rediscovery를 지원한다.,"Windows/Linux contract, prerequisite negative, selected DB lifecycle, timeout/progress, stop data preserve/reset explicit, add/remove rediscovery, idempotent rerun Evidence","Canonical Requirement가 기존 30,605 Detailed Master에 direct ID로 연결되지 않아 삭제/누락 방지를 위한 Current authoritative bridge를 생성. 다음 중앙 Dataset regeneration 시 native detailed child로 흡수할 때까지 유지.",미완료,미검증,1a39531bcd1f0b1c82bbc6f330ab7b8256fc9132f62676ed1c8887ae42040839
CPF-CBR-0042,DEVEX-WINDOWS-PATH,cpf-tools verification + repository path governance,Windows 개발환경 호환성을 위해 프로젝트 Root 상대경로와 파일명을 합친 전체 상대경로는 항상 200자를 초과하지 않는다. 장문 Evidence·Generated 경로는 안정적인 짧은 alias를 사용하고 원경로와 새 경로의 추적 Map을 보존한다. 200자 초과는 경고가 아니라 검증 실패이며 신규 Source·Evidence·Generator 출력에도 동일 Gate를 적용한다.,"repository-wide relative path <=200, alias map, generated/evidence regression, Windows target-root projection, violation mutation Evidence","Canonical Requirement가 기존 30,605 Detailed Master에 direct ID로 연결되지 않아 삭제/누락 방지를 위한 Current authoritative bridge를 생성. 다음 중앙 Dataset regeneration 시 native detailed child로 흡수할 때까지 유지.",미완료,미검증,1a39531bcd1f0b1c82bbc6f330ab7b8256fc9132f62676ed1c8887ae42040839
CPF-CBR-0043,DEVEX-DOCKER-LIFECYCLE,cpf-tools local/full runtime verification,Local/Full Runtime 검증은 필요한 CPF Docker 서비스를 실행 전 스스로 확인하고 내려가 있으면 필요한 서비스만 자동 기동한다. running 상태만으로 성공 처리하지 않고 health와 실제 기능 readiness를 확인하며 Stage 간 서비스 lifecycle을 중앙 조정한다. 검증기가 시작한 컨테이너는 성공·실패 모두 종료 단계에서 정리하고 사용자가 이미 실행 중이던 컨테이너는 보존한다. DB3·Kafka·Redis·Messaging·Fault fixture는 실제 거래·장애·복구 검증에 필요한 lifecycle을 각 검증 흐름이 책임진다.,"down-state auto-start, health+functional readiness, existing-container preserve, owned cleanup on failure, DB3/Kafka/fault runtime lifecycle Evidence","Canonical Requirement가 기존 30,605 Detailed Master에 direct ID로 연결되지 않아 삭제/누락 방지를 위한 Current authoritative bridge를 생성. 다음 중앙 Dataset regeneration 시 native detailed child로 흡수할 때까지 유지.",미완료,미검증,1a39531bcd1f0b1c82bbc6f330ab7b8256fc9132f62676ed1c8887ae42040839
CPF-CBR-0044,EDU-CANONICAL,cpf-education + capability owners,EDU는 개발 목적 기준 정확히 Online 20개 + Batch 15개 Canonical 기능 그룹만 유지한다. ADM/Backoffice/Gateway/OPS/Legacy/Compatibility/Micro Sample을 EDU에 병행하지 않고 유일 검증자산은 해당 Owner Test로 이동한 뒤 중복 sample을 제거한다. 모든 예제는 실제 Public API/Starter/DB/Header/Recovery 계약을 사용한다.,"physical group count 20/15, legacy group 0, owner-test migration, compile/runtime, Public API/internal import gate, catalog/doc parity Evidence","Canonical Requirement가 기존 30,605 Detailed Master에 direct ID로 연결되지 않아 삭제/누락 방지를 위한 Current authoritative bridge를 생성. 다음 중앙 Dataset regeneration 시 native detailed child로 흡수할 때까지 유지.",미완료,미검증,1a39531bcd1f0b1c82bbc6f330ab7b8256fc9132f62676ed1c8887ae42040839
CPF-CBR-0045,REL-DEV-WORKSPACE-GROUPING,master canonical module/starter/artifact catalog + Gradle + Unified CLI + Open Git,"외부 개발 Workspace는 내부 Module 구조가 아니라 개발행위와 Public Capability 중심으로 제공한다. Canonical Capability taxonomy, exactly-one module role, 기능 중심 Gradle grouping, `cpf doctor/help/version`, Root build/test parity, Generated/Optional Domain 0/add/remove/recreate를 하나의 master Catalog projection으로 보장한다. 특정 Member/External/Backoffice 존재를 CLI/Gradle/Generator/Initializer/Publication/BOM/OpenAPI/Frontend/Test/Open Git이 하드코딩하지 않는다.","capability owner duplicate 0, internal public exposure 0, root build/test parity, doctor text/json/exit contract, domain mutation stale settings/dependency/task/BOM/publication/DB/OpenAPI/frontend/test/release 0, Open Git fresh projection Evidence","Canonical Requirement가 기존 30,605 Detailed Master에 direct ID로 연결되지 않아 삭제/누락 방지를 위한 Current authoritative bridge를 생성. 다음 중앙 Dataset regeneration 시 native detailed child로 흡수할 때까지 유지.",미완료,미검증,1a39531bcd1f0b1c82bbc6f330ab7b8256fc9132f62676ed1c8887ae42040839
CPF-CBR-0046,CURRENT-ONLY-LEGACY-ZERO,repository whole tree + Current Canonical governance,Repository는 현재 CPF Architecture만 해석 가능해야 한다. Retired active module/DB/route/config/seed/artifact/entrypoint와 날짜·세션별 Steering/Handover/Completion/Revalidation/RERUN/checkpoint/history를 Current Canonical에 병합하고 Consumer 0을 확인한 뒤 Delete Manifest로 제거한다. 실제 Upgrade/Recovery Consumer가 없는 legacy migration/provenance도 보존하지 않는다. 보호경로와 Current Evidence는 훼손하지 않는다.,"current canonical duplicate 0, retired active module/DB/config 0, stale generator/initializer/Gradle/BOM/publication/OpenAPI/frontend/test/open-git 0, duplicate/dead script 0, dated/checkpoint current artifact 0, protected/current evidence loss 0","Canonical Requirement가 기존 30,605 Detailed Master에 direct ID로 연결되지 않아 삭제/누락 방지를 위한 Current authoritative bridge를 생성. 다음 중앙 Dataset regeneration 시 native detailed child로 흡수할 때까지 유지.",미완료,미검증,1a39531bcd1f0b1c82bbc6f330ab7b8256fc9132f62676ed1c8887ae42040839
