work_item_id,canonical_requirement_id,domain_file,priority,owner,work_type,axis,axis_title,canonical_goal,mandatory_results,implementation_proposals,scenario_classes,applicable_gates,standards,dependencies,baseline_sha,development_status,verification_status,evidence_ref,open_issue,next_action
CPF-WP-CMN-EXTENSION-01-CONTRACT_OWNERSHIP,CMN-EXTENSION,20_COMMON_DATA_DB_PART_01.md,P2,cpf-common,PRODUCT_IMPLEMENTATION,CONTRACT_OWNERSHIP,계약·Ownership 확정,고객 Header·User Context·Validation·Error Mapping·Masking·Audit·Web Client 정책을 cpf-core SPI 위에서 확장하며 기술 Engine을 중복 소유하지 않는다.,"Canonical Owner Module·Package·State Owner와 실제 Consumer를 코드 기준으로 확정한다. || Public API·SPI·Internal, 입력·출력·오류·lifecycle·thread-safety·version 계약을 정의한다. || 역방향/순환 의존, Internal 참조, 선택 OSS type 노출, Dual Primary와 owner 없는 공통기능을 제거 또는 이관 대상으로 등록한다. || Local/Remote/Async/Batch 등 적용 topology에서 계약 동등성과 trust boundary를 정의한다.",기존 정식 Package와 Contract를 우선 재사용하고 새 Module은 실제 Owner가 없을 때만 제안한다. || 복잡한 기술 세부는 Internal로 숨기고 고객 확장 지점만 안정 SPI로 노출한다.,contract compatibility;unsupported capability;invalid configuration;internal access negative fixture,GATE-01-OWNERSHIP;GATE-02-CONSUMER;GATE-05-DB-QUERY;GATE-10-CRYPTO-PRIVACY;GATE-11-OPS-AUDIT;GATE-18-TEST-EVIDENCE;GATE-20-HYGIENE;GATE-21-TIME,STD-NIST-SSDF,,2b259ea45f3ad1a93bfefd5e7d3bc35f3406bf06,미구현,미검증,,,전체 Scope 분석 후 dependency 순서로 구현
CPF-WP-CMN-EXTENSION-02-IMPLEMENTATION_CONSUMER,CMN-EXTENSION,20_COMMON_DATA_DB_PART_01.md,P2,cpf-common,PRODUCT_IMPLEMENTATION,IMPLEMENTATION_CONSUMER,기본 구현·실제 Consumer 연결,고객 Header·User Context·Validation·Error Mapping·Masking·Audit·Web Client 정책을 cpf-core SPI 위에서 확장하며 기술 Engine을 중복 소유하지 않는다.,"Interface/DTO/Marker가 아닌 안전한 기본 구현·Provider·AutoConfiguration·상태 저장을 제공한다. || Bean/Route/SQL/API/Frontend/Script를 실제 Product Consumer 호출 경로에 연결한다. || 설정 safe default, validation, capability detection, lifecycle start/stop와 resource cleanup을 구현한다. || Consumer 없는 추상화나 Sample-only 구현이면 완료하지 않고 실제 Consumer 연결 또는 통합/폐기 후보로 처리한다.",Leaf Starter와 조건부 AutoConfiguration을 사용해 선택하지 않은 Runtime 의존을 유입하지 않는다. || 제품 Consumer와 Reference Consumer를 분리하되 동일 Public Contract를 사용한다.,normal consumer flow;missing provider;invalid property;startup/shutdown;resource cleanup,GATE-01-OWNERSHIP;GATE-02-CONSUMER;GATE-05-DB-QUERY;GATE-10-CRYPTO-PRIVACY;GATE-11-OPS-AUDIT;GATE-18-TEST-EVIDENCE;GATE-20-HYGIENE;GATE-21-TIME,STD-NIST-SSDF,CPF-WP-CMN-EXTENSION-01-CONTRACT_OWNERSHIP,2b259ea45f3ad1a93bfefd5e7d3bc35f3406bf06,미구현,미검증,,,전체 Scope 분석 후 dependency 순서로 구현
CPF-WP-CMN-EXTENSION-03-VERIFICATION_EVIDENCE,CMN-EXTENSION,20_COMMON_DATA_DB_PART_01.md,P2,cpf-common,PRODUCT_IMPLEMENTATION,VERIFICATION_EVIDENCE,검증·Evidence·추적성,고객 Header·User Context·Validation·Error Mapping·Masking·Audit·Web Client 정책을 cpf-core SPI 위에서 확장하며 기술 Engine을 중복 소유하지 않는다.,"연결 CPF-FR Requirement와 CPF-SC Scenario를 논리 원장에서 전수 추출해 이 Work Package에 매핑한다. || 목표 환경을 먼저 실제 실행하고, 불가능할 때 최대 대체검증과 남은 실제 Runtime 차이를 분리한다. || 각 Scenario에 Test Method·Assertion·실제 결과·Evidence를 개별 연결한다. || 명령, 환경/version, 시간, exit code, report/artifact hash, sanitization과 baseline/working-tree 상태를 기록한다.",공통 Test Harness는 재사용하되 각 Requirement/Scenario의 Acceptance 근거를 개별 기록한다. || 긴 로그는 별도 Evidence로 두고 원장에는 핵심 결과와 경로를 남긴다.,direct validation;alternative validation;negative fixture;regression;evidence schema failure,GATE-01-OWNERSHIP;GATE-02-CONSUMER;GATE-05-DB-QUERY;GATE-10-CRYPTO-PRIVACY;GATE-11-OPS-AUDIT;GATE-18-TEST-EVIDENCE;GATE-20-HYGIENE;GATE-21-TIME,STD-NIST-SSDF,CPF-WP-CMN-EXTENSION-01-CONTRACT_OWNERSHIP;CPF-WP-CMN-EXTENSION-02-IMPLEMENTATION_CONSUMER,2b259ea45f3ad1a93bfefd5e7d3bc35f3406bf06,미구현,미검증,,,전체 Scope 분석 후 dependency 순서로 구현
CPF-WP-CMN-EXTENSION-04-OPERATIONS_SECURITY,CMN-EXTENSION,20_COMMON_DATA_DB_PART_01.md,P2,cpf-common,PRODUCT_IMPLEMENTATION,OPERATIONS_SECURITY,보안·승인·감사·운영,고객 Header·User Context·Validation·Error Mapping·Masking·Audit·Web Client 정책을 cpf-core SPI 위에서 확장하며 기술 Engine을 중복 소유하지 않는다.,"AuthN/AuthZ, object/property/function 권한, trust boundary, secure default와 입력/자원 한도를 적용한다. || Secret/PII/credential masking, raw access, download/export와 Evidence sanitization을 적용한다. || 조회·상태·오류·timeline·control·reason·approval·SoD·expiry·immutable audit를 제공한다. || Metric/alert/runbook와 자동복구 allowlist/attempt limit/rollback/escalation을 연결한다.",Owner Command/Query API를 통해 운영하고 ADM/BZA가 Owner DB를 직접 갱신하지 않게 한다. || OWASP ASVS/API Security negative scenario를 관련 Test Kit에 매핑한다.,unauthenticated;unauthorized object/property;approval expired;self approval;secret leak;unsafe operation,GATE-01-OWNERSHIP;GATE-02-CONSUMER;GATE-05-DB-QUERY;GATE-09-SECURITY;GATE-10-CRYPTO-PRIVACY;GATE-11-OPS-AUDIT;GATE-18-TEST-EVIDENCE;GATE-20-HYGIENE;GATE-21-TIME,STD-CISA-SBD;STD-NIST-SSDF;STD-OWASP-ASVS,CPF-WP-CMN-EXTENSION-01-CONTRACT_OWNERSHIP,2b259ea45f3ad1a93bfefd5e7d3bc35f3406bf06,미구현,미검증,,,전체 Scope 분석 후 dependency 순서로 구현
CPF-WP-CMN-EXTENSION-05-DATA_MIGRATION,CMN-EXTENSION,20_COMMON_DATA_DB_PART_01.md,P2,cpf-common,PRODUCT_IMPLEMENTATION,DATA_MIGRATION,DB·Query·Generator·Vendor Lifecycle,고객 Header·User Context·Validation·Error Mapping·Masking·Audit·Web Client 정책을 cpf-core SPI 위에서 확장하며 기술 Engine을 중복 소유하지 않는다.,DB/SQL/Query 영향 여부를 반드시 판정하고 N/A면 실제 호출 경로 근거를 기록한다. || Canonical Model/Query Contract→Generator/Template→Generated SQL/Mapper→Fresh Init/Seed→Migration/Rollback/Reapply 순서로 변경한다. || MariaDB/PostgreSQL/Oracle의 type/default/paging/locking/error/index/FK/transaction 차이를 전수 반영한다. || Repository/Mapper/DTO/Service/API/Frontend/Batch/ADM/BZA/Sample/EDU 소비자를 모두 점검한다.,Vendor-native SQL을 유지하되 Canonical Metadata에서 생성/검증 가능한 구조를 우선한다. || 파괴적 변경은 expand→migrate→contract와 compatibility window를 사용한다.,fresh install;double seed;upgrade;migration interruption;rollback/forward recovery;drift;vendor difference,GATE-01-OWNERSHIP;GATE-02-CONSUMER;GATE-05-DB-QUERY;GATE-10-CRYPTO-PRIVACY;GATE-11-OPS-AUDIT;GATE-16-COMPATIBILITY;GATE-18-TEST-EVIDENCE;GATE-20-HYGIENE;GATE-21-TIME,STD-NIST-SSDF,CPF-WP-CMN-EXTENSION-01-CONTRACT_OWNERSHIP,2b259ea45f3ad1a93bfefd5e7d3bc35f3406bf06,미구현,미검증,,,전체 Scope 분석 후 dependency 순서로 구현
CPF-WP-CMN-SAMPLE-DB-01-CONTRACT_OWNERSHIP,CMN-SAMPLE-DB,20_COMMON_DATA_DB_PART_01.md,P2,cpf-common,PRODUCT_IMPLEMENTATION,CONTRACT_OWNERSHIP,계약·Ownership 확정,cmnDB의 단일 Golden Sample Table로 CRUD/Search/Paging/Validation/duplicate/optimistic lock/commit/rollback을 3 Vendor에서 검증한다.,"Canonical Owner Module·Package·State Owner와 실제 Consumer를 코드 기준으로 확정한다. || Public API·SPI·Internal, 입력·출력·오류·lifecycle·thread-safety·version 계약을 정의한다. || 역방향/순환 의존, Internal 참조, 선택 OSS type 노출, Dual Primary와 owner 없는 공통기능을 제거 또는 이관 대상으로 등록한다. || Local/Remote/Async/Batch 등 적용 topology에서 계약 동등성과 trust boundary를 정의한다.",기존 정식 Package와 Contract를 우선 재사용하고 새 Module은 실제 Owner가 없을 때만 제안한다. || 복잡한 기술 세부는 Internal로 숨기고 고객 확장 지점만 안정 SPI로 노출한다.,contract compatibility;unsupported capability;invalid configuration;internal access negative fixture,GATE-01-OWNERSHIP;GATE-02-CONSUMER;GATE-05-DB-QUERY;GATE-08-UNKNOWN-RECOVERY;GATE-15-GENERATOR;GATE-16-COMPATIBILITY;GATE-18-TEST-EVIDENCE;GATE-20-HYGIENE,STD-NIST-SSDF,,2b259ea45f3ad1a93bfefd5e7d3bc35f3406bf06,미구현,미검증,,,전체 Scope 분석 후 dependency 순서로 구현
CPF-WP-CMN-SAMPLE-DB-02-IMPLEMENTATION_CONSUMER,CMN-SAMPLE-DB,20_COMMON_DATA_DB_PART_01.md,P2,cpf-common,PRODUCT_IMPLEMENTATION,IMPLEMENTATION_CONSUMER,기본 구현·실제 Consumer 연결,cmnDB의 단일 Golden Sample Table로 CRUD/Search/Paging/Validation/duplicate/optimistic lock/commit/rollback을 3 Vendor에서 검증한다.,"Interface/DTO/Marker가 아닌 안전한 기본 구현·Provider·AutoConfiguration·상태 저장을 제공한다. || Bean/Route/SQL/API/Frontend/Script를 실제 Product Consumer 호출 경로에 연결한다. || 설정 safe default, validation, capability detection, lifecycle start/stop와 resource cleanup을 구현한다. || Consumer 없는 추상화나 Sample-only 구현이면 완료하지 않고 실제 Consumer 연결 또는 통합/폐기 후보로 처리한다.",Leaf Starter와 조건부 AutoConfiguration을 사용해 선택하지 않은 Runtime 의존을 유입하지 않는다. || 제품 Consumer와 Reference Consumer를 분리하되 동일 Public Contract를 사용한다.,normal consumer flow;missing provider;invalid property;startup/shutdown;resource cleanup,GATE-01-OWNERSHIP;GATE-02-CONSUMER;GATE-05-DB-QUERY;GATE-08-UNKNOWN-RECOVERY;GATE-15-GENERATOR;GATE-16-COMPATIBILITY;GATE-18-TEST-EVIDENCE;GATE-20-HYGIENE,STD-NIST-SSDF,CPF-WP-CMN-SAMPLE-DB-01-CONTRACT_OWNERSHIP,2b259ea45f3ad1a93bfefd5e7d3bc35f3406bf06,미구현,미검증,,,전체 Scope 분석 후 dependency 순서로 구현
CPF-WP-CMN-SAMPLE-DB-03-VERIFICATION_EVIDENCE,CMN-SAMPLE-DB,20_COMMON_DATA_DB_PART_01.md,P2,cpf-common,PRODUCT_IMPLEMENTATION,VERIFICATION_EVIDENCE,검증·Evidence·추적성,cmnDB의 단일 Golden Sample Table로 CRUD/Search/Paging/Validation/duplicate/optimistic lock/commit/rollback을 3 Vendor에서 검증한다.,"연결 CPF-FR Requirement와 CPF-SC Scenario를 논리 원장에서 전수 추출해 이 Work Package에 매핑한다. || 목표 환경을 먼저 실제 실행하고, 불가능할 때 최대 대체검증과 남은 실제 Runtime 차이를 분리한다. || 각 Scenario에 Test Method·Assertion·실제 결과·Evidence를 개별 연결한다. || 명령, 환경/version, 시간, exit code, report/artifact hash, sanitization과 baseline/working-tree 상태를 기록한다.",공통 Test Harness는 재사용하되 각 Requirement/Scenario의 Acceptance 근거를 개별 기록한다. || 긴 로그는 별도 Evidence로 두고 원장에는 핵심 결과와 경로를 남긴다.,direct validation;alternative validation;negative fixture;regression;evidence schema failure,GATE-01-OWNERSHIP;GATE-02-CONSUMER;GATE-05-DB-QUERY;GATE-08-UNKNOWN-RECOVERY;GATE-15-GENERATOR;GATE-16-COMPATIBILITY;GATE-18-TEST-EVIDENCE;GATE-20-HYGIENE,STD-NIST-SSDF,CPF-WP-CMN-SAMPLE-DB-01-CONTRACT_OWNERSHIP;CPF-WP-CMN-SAMPLE-DB-02-IMPLEMENTATION_CONSUMER,2b259ea45f3ad1a93bfefd5e7d3bc35f3406bf06,미구현,미검증,,,전체 Scope 분석 후 dependency 순서로 구현
CPF-WP-CMN-SAMPLE-DB-04-FAILURE_RECOVERY,CMN-SAMPLE-DB,20_COMMON_DATA_DB_PART_01.md,P2,cpf-common,PRODUCT_IMPLEMENTATION,FAILURE_RECOVERY,오류·부분 실패·UNKNOWN·복구,cmnDB의 단일 Golden Sample Table로 CRUD/Search/Paging/Validation/duplicate/optimistic lock/commit/rollback을 3 Vendor에서 검증한다.,"정상, invalid, timeout, cancellation, dependency failure, partial failure와 resource exhaustion을 구현한다. || side-effect 전/후, commit/send/ACK/response loss의 UNKNOWN을 구분하고 durable state에 기록한다. || Retry budget, idempotency, lease/fencing, restart/reclaim, reconcile/compensation/manual resolution을 적용한다. || 다중 JVM/process와 process-kill 이후 중복·stale writer·blind retry를 방지한다.",명시적 상태 전이와 가상 Clock/Failure Injection 가능한 구조를 사용한다. || 공통 CPF resilience/locking/reconciliation 계약을 재사용하고 기능별 복제 Engine을 만들지 않는다.,timeout;cancel;dependency outage;partial failure;unknown result;duplicate;process kill;reconcile,GATE-01-OWNERSHIP;GATE-02-CONSUMER;GATE-05-DB-QUERY;GATE-06-STATE-IDEMP;GATE-08-UNKNOWN-RECOVERY;GATE-15-GENERATOR;GATE-16-COMPATIBILITY;GATE-18-TEST-EVIDENCE;GATE-20-HYGIENE,STD-NIST-SSDF,CPF-WP-CMN-SAMPLE-DB-01-CONTRACT_OWNERSHIP,2b259ea45f3ad1a93bfefd5e7d3bc35f3406bf06,미구현,미검증,,,전체 Scope 분석 후 dependency 순서로 구현
CPF-WP-CMN-SAMPLE-DB-05-DATA_MIGRATION,CMN-SAMPLE-DB,20_COMMON_DATA_DB_PART_01.md,P2,cpf-common,PRODUCT_IMPLEMENTATION,DATA_MIGRATION,DB·Query·Generator·Vendor Lifecycle,cmnDB의 단일 Golden Sample Table로 CRUD/Search/Paging/Validation/duplicate/optimistic lock/commit/rollback을 3 Vendor에서 검증한다.,DB/SQL/Query 영향 여부를 반드시 판정하고 N/A면 실제 호출 경로 근거를 기록한다. || Canonical Model/Query Contract→Generator/Template→Generated SQL/Mapper→Fresh Init/Seed→Migration/Rollback/Reapply 순서로 변경한다. || MariaDB/PostgreSQL/Oracle의 type/default/paging/locking/error/index/FK/transaction 차이를 전수 반영한다. || Repository/Mapper/DTO/Service/API/Frontend/Batch/ADM/BZA/Sample/EDU 소비자를 모두 점검한다.,Vendor-native SQL을 유지하되 Canonical Metadata에서 생성/검증 가능한 구조를 우선한다. || 파괴적 변경은 expand→migrate→contract와 compatibility window를 사용한다.,fresh install;double seed;upgrade;migration interruption;rollback/forward recovery;drift;vendor difference,GATE-01-OWNERSHIP;GATE-02-CONSUMER;GATE-05-DB-QUERY;GATE-08-UNKNOWN-RECOVERY;GATE-15-GENERATOR;GATE-16-COMPATIBILITY;GATE-18-TEST-EVIDENCE;GATE-20-HYGIENE,STD-NIST-SSDF,CPF-WP-CMN-SAMPLE-DB-01-CONTRACT_OWNERSHIP,2b259ea45f3ad1a93bfefd5e7d3bc35f3406bf06,미구현,미검증,,,전체 Scope 분석 후 dependency 순서로 구현
CPF-WP-CMN-CODE-01-CONTRACT_OWNERSHIP,CMN-CODE,20_COMMON_DATA_DB_PART_01.md,P2,cpf-common,PRODUCT_IMPLEMENTATION,CONTRACT_OWNERSHIP,계약·Ownership 확정,고객 공통 코드·참조데이터의 group/item/version/유효기간/cache/invalidation/조회·관리·audit 계약을 제공한다.,"Canonical Owner Module·Package·State Owner와 실제 Consumer를 코드 기준으로 확정한다. || Public API·SPI·Internal, 입력·출력·오류·lifecycle·thread-safety·version 계약을 정의한다. || 역방향/순환 의존, Internal 참조, 선택 OSS type 노출, Dual Primary와 owner 없는 공통기능을 제거 또는 이관 대상으로 등록한다. || Local/Remote/Async/Batch 등 적용 topology에서 계약 동등성과 trust boundary를 정의한다.",기존 정식 Package와 Contract를 우선 재사용하고 새 Module은 실제 Owner가 없을 때만 제안한다. || 복잡한 기술 세부는 Internal로 숨기고 고객 확장 지점만 안정 SPI로 노출한다.,contract compatibility;unsupported capability;invalid configuration;internal access negative fixture,GATE-01-OWNERSHIP;GATE-02-CONSUMER;GATE-05-DB-QUERY;GATE-11-OPS-AUDIT;GATE-16-COMPATIBILITY;GATE-18-TEST-EVIDENCE;GATE-20-HYGIENE;GATE-21-TIME,STD-NIST-SSDF,,2b259ea45f3ad1a93bfefd5e7d3bc35f3406bf06,미구현,미검증,,,전체 Scope 분석 후 dependency 순서로 구현
CPF-WP-CMN-CODE-02-IMPLEMENTATION_CONSUMER,CMN-CODE,20_COMMON_DATA_DB_PART_01.md,P2,cpf-common,PRODUCT_IMPLEMENTATION,IMPLEMENTATION_CONSUMER,기본 구현·실제 Consumer 연결,고객 공통 코드·참조데이터의 group/item/version/유효기간/cache/invalidation/조회·관리·audit 계약을 제공한다.,"Interface/DTO/Marker가 아닌 안전한 기본 구현·Provider·AutoConfiguration·상태 저장을 제공한다. || Bean/Route/SQL/API/Frontend/Script를 실제 Product Consumer 호출 경로에 연결한다. || 설정 safe default, validation, capability detection, lifecycle start/stop와 resource cleanup을 구현한다. || Consumer 없는 추상화나 Sample-only 구현이면 완료하지 않고 실제 Consumer 연결 또는 통합/폐기 후보로 처리한다.",Leaf Starter와 조건부 AutoConfiguration을 사용해 선택하지 않은 Runtime 의존을 유입하지 않는다. || 제품 Consumer와 Reference Consumer를 분리하되 동일 Public Contract를 사용한다.,normal consumer flow;missing provider;invalid property;startup/shutdown;resource cleanup,GATE-01-OWNERSHIP;GATE-02-CONSUMER;GATE-05-DB-QUERY;GATE-11-OPS-AUDIT;GATE-16-COMPATIBILITY;GATE-18-TEST-EVIDENCE;GATE-20-HYGIENE;GATE-21-TIME,STD-NIST-SSDF,CPF-WP-CMN-CODE-01-CONTRACT_OWNERSHIP,2b259ea45f3ad1a93bfefd5e7d3bc35f3406bf06,미구현,미검증,,,전체 Scope 분석 후 dependency 순서로 구현
CPF-WP-CMN-CODE-03-VERIFICATION_EVIDENCE,CMN-CODE,20_COMMON_DATA_DB_PART_01.md,P2,cpf-common,PRODUCT_IMPLEMENTATION,VERIFICATION_EVIDENCE,검증·Evidence·추적성,고객 공통 코드·참조데이터의 group/item/version/유효기간/cache/invalidation/조회·관리·audit 계약을 제공한다.,"연결 CPF-FR Requirement와 CPF-SC Scenario를 논리 원장에서 전수 추출해 이 Work Package에 매핑한다. || 목표 환경을 먼저 실제 실행하고, 불가능할 때 최대 대체검증과 남은 실제 Runtime 차이를 분리한다. || 각 Scenario에 Test Method·Assertion·실제 결과·Evidence를 개별 연결한다. || 명령, 환경/version, 시간, exit code, report/artifact hash, sanitization과 baseline/working-tree 상태를 기록한다.",공통 Test Harness는 재사용하되 각 Requirement/Scenario의 Acceptance 근거를 개별 기록한다. || 긴 로그는 별도 Evidence로 두고 원장에는 핵심 결과와 경로를 남긴다.,direct validation;alternative validation;negative fixture;regression;evidence schema failure,GATE-01-OWNERSHIP;GATE-02-CONSUMER;GATE-05-DB-QUERY;GATE-11-OPS-AUDIT;GATE-16-COMPATIBILITY;GATE-18-TEST-EVIDENCE;GATE-20-HYGIENE;GATE-21-TIME,STD-NIST-SSDF,CPF-WP-CMN-CODE-01-CONTRACT_OWNERSHIP;CPF-WP-CMN-CODE-02-IMPLEMENTATION_CONSUMER,2b259ea45f3ad1a93bfefd5e7d3bc35f3406bf06,미구현,미검증,,,전체 Scope 분석 후 dependency 순서로 구현
CPF-WP-CMN-CODE-04-OPERATIONS_SECURITY,CMN-CODE,20_COMMON_DATA_DB_PART_01.md,P2,cpf-common,PRODUCT_IMPLEMENTATION,OPERATIONS_SECURITY,보안·승인·감사·운영,고객 공통 코드·참조데이터의 group/item/version/유효기간/cache/invalidation/조회·관리·audit 계약을 제공한다.,"AuthN/AuthZ, object/property/function 권한, trust boundary, secure default와 입력/자원 한도를 적용한다. || Secret/PII/credential masking, raw access, download/export와 Evidence sanitization을 적용한다. || 조회·상태·오류·timeline·control·reason·approval·SoD·expiry·immutable audit를 제공한다. || Metric/alert/runbook와 자동복구 allowlist/attempt limit/rollback/escalation을 연결한다.",Owner Command/Query API를 통해 운영하고 ADM/BZA가 Owner DB를 직접 갱신하지 않게 한다. || OWASP ASVS/API Security negative scenario를 관련 Test Kit에 매핑한다.,unauthenticated;unauthorized object/property;approval expired;self approval;secret leak;unsafe operation,GATE-01-OWNERSHIP;GATE-02-CONSUMER;GATE-05-DB-QUERY;GATE-09-SECURITY;GATE-11-OPS-AUDIT;GATE-16-COMPATIBILITY;GATE-18-TEST-EVIDENCE;GATE-20-HYGIENE;GATE-21-TIME,STD-CISA-SBD;STD-NIST-SSDF;STD-OWASP-ASVS,CPF-WP-CMN-CODE-01-CONTRACT_OWNERSHIP,2b259ea45f3ad1a93bfefd5e7d3bc35f3406bf06,미구현,미검증,,,전체 Scope 분석 후 dependency 순서로 구현
CPF-WP-CMN-CODE-05-DATA_MIGRATION,CMN-CODE,20_COMMON_DATA_DB_PART_01.md,P2,cpf-common,PRODUCT_IMPLEMENTATION,DATA_MIGRATION,DB·Query·Generator·Vendor Lifecycle,고객 공통 코드·참조데이터의 group/item/version/유효기간/cache/invalidation/조회·관리·audit 계약을 제공한다.,DB/SQL/Query 영향 여부를 반드시 판정하고 N/A면 실제 호출 경로 근거를 기록한다. || Canonical Model/Query Contract→Generator/Template→Generated SQL/Mapper→Fresh Init/Seed→Migration/Rollback/Reapply 순서로 변경한다. || MariaDB/PostgreSQL/Oracle의 type/default/paging/locking/error/index/FK/transaction 차이를 전수 반영한다. || Repository/Mapper/DTO/Service/API/Frontend/Batch/ADM/BZA/Sample/EDU 소비자를 모두 점검한다.,Vendor-native SQL을 유지하되 Canonical Metadata에서 생성/검증 가능한 구조를 우선한다. || 파괴적 변경은 expand→migrate→contract와 compatibility window를 사용한다.,fresh install;double seed;upgrade;migration interruption;rollback/forward recovery;drift;vendor difference,GATE-01-OWNERSHIP;GATE-02-CONSUMER;GATE-05-DB-QUERY;GATE-11-OPS-AUDIT;GATE-16-COMPATIBILITY;GATE-18-TEST-EVIDENCE;GATE-20-HYGIENE;GATE-21-TIME,STD-NIST-SSDF,CPF-WP-CMN-CODE-01-CONTRACT_OWNERSHIP,2b259ea45f3ad1a93bfefd5e7d3bc35f3406bf06,미구현,미검증,,,전체 Scope 분석 후 dependency 순서로 구현
CPF-WP-CMN-CODE-06-GENERATION_COMPATIBILITY,CMN-CODE,20_COMMON_DATA_DB_PART_01.md,P2,cpf-common,PRODUCT_IMPLEMENTATION,GENERATION_COMPATIBILITY,생성·Artifact·호환성,고객 공통 코드·참조데이터의 group/item/version/유효기간/cache/invalidation/조회·관리·audit 계약을 제공한다.,"Generator/OpenAPI/AsyncAPI/DB metadata/template 등 Canonical 입력과 생성 산출물의 ownership을 확정한다. || remove→regenerate deterministic parity와 user-owned 영역 보존을 검증한다. || API/message/file/DB/config/artifact의 semantic version, compatibility, deprecation, mixed-version와 rollback 영향을 처리한다. || Generated Source만 수동 수정하지 않고 원본 입력·Generator·Golden Sample을 함께 수정한다.",입력 version/hash와 generator version을 manifest에 고정하고 normalized diff gate를 사용한다. || 최신 표준 버전은 shadow compatibility를 통과한 뒤 CPF 지원 profile로 승격한다.,clean regeneration;user region preserve;mixed version;unsupported profile;rollback compatibility,GATE-01-OWNERSHIP;GATE-02-CONSUMER;GATE-05-DB-QUERY;GATE-11-OPS-AUDIT;GATE-15-GENERATOR;GATE-16-COMPATIBILITY;GATE-18-TEST-EVIDENCE;GATE-20-HYGIENE;GATE-21-TIME,STD-NIST-SSDF,CPF-WP-CMN-CODE-01-CONTRACT_OWNERSHIP,2b259ea45f3ad1a93bfefd5e7d3bc35f3406bf06,미구현,미검증,,,전체 Scope 분석 후 dependency 순서로 구현
CPF-WP-CMN-MSG-01-CONTRACT_OWNERSHIP,CMN-MSG,20_COMMON_DATA_DB_PART_01.md,P2,cpf-common,PRODUCT_IMPLEMENTATION,CONTRACT_OWNERSHIP,계약·Ownership 확정,"다국어·오류·업무 메시지의 code, locale, parameter schema, fallback, cache, version과 관리 계약을 제공한다.","Canonical Owner Module·Package·State Owner와 실제 Consumer를 코드 기준으로 확정한다. || Public API·SPI·Internal, 입력·출력·오류·lifecycle·thread-safety·version 계약을 정의한다. || 역방향/순환 의존, Internal 참조, 선택 OSS type 노출, Dual Primary와 owner 없는 공통기능을 제거 또는 이관 대상으로 등록한다. || Local/Remote/Async/Batch 등 적용 topology에서 계약 동등성과 trust boundary를 정의한다.",기존 정식 Package와 Contract를 우선 재사용하고 새 Module은 실제 Owner가 없을 때만 제안한다. || 복잡한 기술 세부는 Internal로 숨기고 고객 확장 지점만 안정 SPI로 노출한다.,contract compatibility;unsupported capability;invalid configuration;internal access negative fixture,GATE-01-OWNERSHIP;GATE-02-CONSUMER;GATE-05-DB-QUERY;GATE-16-COMPATIBILITY;GATE-18-TEST-EVIDENCE;GATE-20-HYGIENE,STD-NIST-SSDF,,2b259ea45f3ad1a93bfefd5e7d3bc35f3406bf06,미구현,미검증,,,전체 Scope 분석 후 dependency 순서로 구현
CPF-WP-CMN-MSG-02-IMPLEMENTATION_CONSUMER,CMN-MSG,20_COMMON_DATA_DB_PART_01.md,P2,cpf-common,PRODUCT_IMPLEMENTATION,IMPLEMENTATION_CONSUMER,기본 구현·실제 Consumer 연결,"다국어·오류·업무 메시지의 code, locale, parameter schema, fallback, cache, version과 관리 계약을 제공한다.","Interface/DTO/Marker가 아닌 안전한 기본 구현·Provider·AutoConfiguration·상태 저장을 제공한다. || Bean/Route/SQL/API/Frontend/Script를 실제 Product Consumer 호출 경로에 연결한다. || 설정 safe default, validation, capability detection, lifecycle start/stop와 resource cleanup을 구현한다. || Consumer 없는 추상화나 Sample-only 구현이면 완료하지 않고 실제 Consumer 연결 또는 통합/폐기 후보로 처리한다.",Leaf Starter와 조건부 AutoConfiguration을 사용해 선택하지 않은 Runtime 의존을 유입하지 않는다. || 제품 Consumer와 Reference Consumer를 분리하되 동일 Public Contract를 사용한다.,normal consumer flow;missing provider;invalid property;startup/shutdown;resource cleanup,GATE-01-OWNERSHIP;GATE-02-CONSUMER;GATE-05-DB-QUERY;GATE-16-COMPATIBILITY;GATE-18-TEST-EVIDENCE;GATE-20-HYGIENE,STD-NIST-SSDF,CPF-WP-CMN-MSG-01-CONTRACT_OWNERSHIP,2b259ea45f3ad1a93bfefd5e7d3bc35f3406bf06,미구현,미검증,,,전체 Scope 분석 후 dependency 순서로 구현
CPF-WP-CMN-MSG-03-VERIFICATION_EVIDENCE,CMN-MSG,20_COMMON_DATA_DB_PART_01.md,P2,cpf-common,PRODUCT_IMPLEMENTATION,VERIFICATION_EVIDENCE,검증·Evidence·추적성,"다국어·오류·업무 메시지의 code, locale, parameter schema, fallback, cache, version과 관리 계약을 제공한다.","연결 CPF-FR Requirement와 CPF-SC Scenario를 논리 원장에서 전수 추출해 이 Work Package에 매핑한다. || 목표 환경을 먼저 실제 실행하고, 불가능할 때 최대 대체검증과 남은 실제 Runtime 차이를 분리한다. || 각 Scenario에 Test Method·Assertion·실제 결과·Evidence를 개별 연결한다. || 명령, 환경/version, 시간, exit code, report/artifact hash, sanitization과 baseline/working-tree 상태를 기록한다.",공통 Test Harness는 재사용하되 각 Requirement/Scenario의 Acceptance 근거를 개별 기록한다. || 긴 로그는 별도 Evidence로 두고 원장에는 핵심 결과와 경로를 남긴다.,direct validation;alternative validation;negative fixture;regression;evidence schema failure,GATE-01-OWNERSHIP;GATE-02-CONSUMER;GATE-05-DB-QUERY;GATE-16-COMPATIBILITY;GATE-18-TEST-EVIDENCE;GATE-20-HYGIENE,STD-NIST-SSDF,CPF-WP-CMN-MSG-01-CONTRACT_OWNERSHIP;CPF-WP-CMN-MSG-02-IMPLEMENTATION_CONSUMER,2b259ea45f3ad1a93bfefd5e7d3bc35f3406bf06,미구현,미검증,,,전체 Scope 분석 후 dependency 순서로 구현
CPF-WP-CMN-MSG-04-DATA_MIGRATION,CMN-MSG,20_COMMON_DATA_DB_PART_01.md,P2,cpf-common,PRODUCT_IMPLEMENTATION,DATA_MIGRATION,DB·Query·Generator·Vendor Lifecycle,"다국어·오류·업무 메시지의 code, locale, parameter schema, fallback, cache, version과 관리 계약을 제공한다.",DB/SQL/Query 영향 여부를 반드시 판정하고 N/A면 실제 호출 경로 근거를 기록한다. || Canonical Model/Query Contract→Generator/Template→Generated SQL/Mapper→Fresh Init/Seed→Migration/Rollback/Reapply 순서로 변경한다. || MariaDB/PostgreSQL/Oracle의 type/default/paging/locking/error/index/FK/transaction 차이를 전수 반영한다. || Repository/Mapper/DTO/Service/API/Frontend/Batch/ADM/BZA/Sample/EDU 소비자를 모두 점검한다.,Vendor-native SQL을 유지하되 Canonical Metadata에서 생성/검증 가능한 구조를 우선한다. || 파괴적 변경은 expand→migrate→contract와 compatibility window를 사용한다.,fresh install;double seed;upgrade;migration interruption;rollback/forward recovery;drift;vendor difference,GATE-01-OWNERSHIP;GATE-02-CONSUMER;GATE-05-DB-QUERY;GATE-16-COMPATIBILITY;GATE-18-TEST-EVIDENCE;GATE-20-HYGIENE,STD-NIST-SSDF,CPF-WP-CMN-MSG-01-CONTRACT_OWNERSHIP,2b259ea45f3ad1a93bfefd5e7d3bc35f3406bf06,미구현,미검증,,,전체 Scope 분석 후 dependency 순서로 구현
CPF-WP-CMN-MSG-05-GENERATION_COMPATIBILITY,CMN-MSG,20_COMMON_DATA_DB_PART_01.md,P2,cpf-common,PRODUCT_IMPLEMENTATION,GENERATION_COMPATIBILITY,생성·Artifact·호환성,"다국어·오류·업무 메시지의 code, locale, parameter schema, fallback, cache, version과 관리 계약을 제공한다.","Generator/OpenAPI/AsyncAPI/DB metadata/template 등 Canonical 입력과 생성 산출물의 ownership을 확정한다. || remove→regenerate deterministic parity와 user-owned 영역 보존을 검증한다. || API/message/file/DB/config/artifact의 semantic version, compatibility, deprecation, mixed-version와 rollback 영향을 처리한다. || Generated Source만 수동 수정하지 않고 원본 입력·Generator·Golden Sample을 함께 수정한다.",입력 version/hash와 generator version을 manifest에 고정하고 normalized diff gate를 사용한다. || 최신 표준 버전은 shadow compatibility를 통과한 뒤 CPF 지원 profile로 승격한다.,clean regeneration;user region preserve;mixed version;unsupported profile;rollback compatibility,GATE-01-OWNERSHIP;GATE-02-CONSUMER;GATE-05-DB-QUERY;GATE-15-GENERATOR;GATE-16-COMPATIBILITY;GATE-18-TEST-EVIDENCE;GATE-20-HYGIENE,STD-NIST-SSDF,CPF-WP-CMN-MSG-01-CONTRACT_OWNERSHIP,2b259ea45f3ad1a93bfefd5e7d3bc35f3406bf06,미구현,미검증,,,전체 Scope 분석 후 dependency 순서로 구현
CPF-WP-CMN-CALENDAR-01-CONTRACT_OWNERSHIP,CMN-CALENDAR,20_COMMON_DATA_DB_PART_01.md,P2,cpf-common,PRODUCT_IMPLEMENTATION,CONTRACT_OWNERSHIP,계약·Ownership 확정,"영업일·휴일·기관 calendar, 기준일 계산, DB-less fallback, override 승인과 Batch/업무 공통 소비 계약을 제공한다.","Canonical Owner Module·Package·State Owner와 실제 Consumer를 코드 기준으로 확정한다. || Public API·SPI·Internal, 입력·출력·오류·lifecycle·thread-safety·version 계약을 정의한다. || 역방향/순환 의존, Internal 참조, 선택 OSS type 노출, Dual Primary와 owner 없는 공통기능을 제거 또는 이관 대상으로 등록한다. || Local/Remote/Async/Batch 등 적용 topology에서 계약 동등성과 trust boundary를 정의한다.",기존 정식 Package와 Contract를 우선 재사용하고 새 Module은 실제 Owner가 없을 때만 제안한다. || 복잡한 기술 세부는 Internal로 숨기고 고객 확장 지점만 안정 SPI로 노출한다.,contract compatibility;unsupported capability;invalid configuration;internal access negative fixture,GATE-01-OWNERSHIP;GATE-02-CONSUMER;GATE-05-DB-QUERY;GATE-07-MULTI-INSTANCE;GATE-18-TEST-EVIDENCE;GATE-20-HYGIENE;GATE-21-TIME,STD-NIST-SSDF,,2b259ea45f3ad1a93bfefd5e7d3bc35f3406bf06,미구현,미검증,,,전체 Scope 분석 후 dependency 순서로 구현
CPF-WP-CMN-CALENDAR-02-IMPLEMENTATION_CONSUMER,CMN-CALENDAR,20_COMMON_DATA_DB_PART_01.md,P2,cpf-common,PRODUCT_IMPLEMENTATION,IMPLEMENTATION_CONSUMER,기본 구현·실제 Consumer 연결,"영업일·휴일·기관 calendar, 기준일 계산, DB-less fallback, override 승인과 Batch/업무 공통 소비 계약을 제공한다.","Interface/DTO/Marker가 아닌 안전한 기본 구현·Provider·AutoConfiguration·상태 저장을 제공한다. || Bean/Route/SQL/API/Frontend/Script를 실제 Product Consumer 호출 경로에 연결한다. || 설정 safe default, validation, capability detection, lifecycle start/stop와 resource cleanup을 구현한다. || Consumer 없는 추상화나 Sample-only 구현이면 완료하지 않고 실제 Consumer 연결 또는 통합/폐기 후보로 처리한다.",Leaf Starter와 조건부 AutoConfiguration을 사용해 선택하지 않은 Runtime 의존을 유입하지 않는다. || 제품 Consumer와 Reference Consumer를 분리하되 동일 Public Contract를 사용한다.,normal consumer flow;missing provider;invalid property;startup/shutdown;resource cleanup,GATE-01-OWNERSHIP;GATE-02-CONSUMER;GATE-05-DB-QUERY;GATE-07-MULTI-INSTANCE;GATE-18-TEST-EVIDENCE;GATE-20-HYGIENE;GATE-21-TIME,STD-NIST-SSDF,CPF-WP-CMN-CALENDAR-01-CONTRACT_OWNERSHIP,2b259ea45f3ad1a93bfefd5e7d3bc35f3406bf06,미구현,미검증,,,전체 Scope 분석 후 dependency 순서로 구현
CPF-WP-CMN-CALENDAR-03-VERIFICATION_EVIDENCE,CMN-CALENDAR,20_COMMON_DATA_DB_PART_01.md,P2,cpf-common,PRODUCT_IMPLEMENTATION,VERIFICATION_EVIDENCE,검증·Evidence·추적성,"영업일·휴일·기관 calendar, 기준일 계산, DB-less fallback, override 승인과 Batch/업무 공통 소비 계약을 제공한다.","연결 CPF-FR Requirement와 CPF-SC Scenario를 논리 원장에서 전수 추출해 이 Work Package에 매핑한다. || 목표 환경을 먼저 실제 실행하고, 불가능할 때 최대 대체검증과 남은 실제 Runtime 차이를 분리한다. || 각 Scenario에 Test Method·Assertion·실제 결과·Evidence를 개별 연결한다. || 명령, 환경/version, 시간, exit code, report/artifact hash, sanitization과 baseline/working-tree 상태를 기록한다.",공통 Test Harness는 재사용하되 각 Requirement/Scenario의 Acceptance 근거를 개별 기록한다. || 긴 로그는 별도 Evidence로 두고 원장에는 핵심 결과와 경로를 남긴다.,direct validation;alternative validation;negative fixture;regression;evidence schema failure,GATE-01-OWNERSHIP;GATE-02-CONSUMER;GATE-05-DB-QUERY;GATE-07-MULTI-INSTANCE;GATE-18-TEST-EVIDENCE;GATE-20-HYGIENE;GATE-21-TIME,STD-NIST-SSDF,CPF-WP-CMN-CALENDAR-01-CONTRACT_OWNERSHIP;CPF-WP-CMN-CALENDAR-02-IMPLEMENTATION_CONSUMER,2b259ea45f3ad1a93bfefd5e7d3bc35f3406bf06,미구현,미검증,,,전체 Scope 분석 후 dependency 순서로 구현
CPF-WP-CMN-CALENDAR-04-FAILURE_RECOVERY,CMN-CALENDAR,20_COMMON_DATA_DB_PART_01.md,P2,cpf-common,PRODUCT_IMPLEMENTATION,FAILURE_RECOVERY,오류·부분 실패·UNKNOWN·복구,"영업일·휴일·기관 calendar, 기준일 계산, DB-less fallback, override 승인과 Batch/업무 공통 소비 계약을 제공한다.","정상, invalid, timeout, cancellation, dependency failure, partial failure와 resource exhaustion을 구현한다. || side-effect 전/후, commit/send/ACK/response loss의 UNKNOWN을 구분하고 durable state에 기록한다. || Retry budget, idempotency, lease/fencing, restart/reclaim, reconcile/compensation/manual resolution을 적용한다. || 다중 JVM/process와 process-kill 이후 중복·stale writer·blind retry를 방지한다.",명시적 상태 전이와 가상 Clock/Failure Injection 가능한 구조를 사용한다. || 공통 CPF resilience/locking/reconciliation 계약을 재사용하고 기능별 복제 Engine을 만들지 않는다.,timeout;cancel;dependency outage;partial failure;unknown result;duplicate;process kill;reconcile,GATE-01-OWNERSHIP;GATE-02-CONSUMER;GATE-05-DB-QUERY;GATE-06-STATE-IDEMP;GATE-07-MULTI-INSTANCE;GATE-08-UNKNOWN-RECOVERY;GATE-18-TEST-EVIDENCE;GATE-20-HYGIENE;GATE-21-TIME,STD-NIST-SSDF,CPF-WP-CMN-CALENDAR-01-CONTRACT_OWNERSHIP,2b259ea45f3ad1a93bfefd5e7d3bc35f3406bf06,미구현,미검증,,,전체 Scope 분석 후 dependency 순서로 구현
CPF-WP-CMN-CALENDAR-05-DATA_MIGRATION,CMN-CALENDAR,20_COMMON_DATA_DB_PART_01.md,P2,cpf-common,PRODUCT_IMPLEMENTATION,DATA_MIGRATION,DB·Query·Generator·Vendor Lifecycle,"영업일·휴일·기관 calendar, 기준일 계산, DB-less fallback, override 승인과 Batch/업무 공통 소비 계약을 제공한다.",DB/SQL/Query 영향 여부를 반드시 판정하고 N/A면 실제 호출 경로 근거를 기록한다. || Canonical Model/Query Contract→Generator/Template→Generated SQL/Mapper→Fresh Init/Seed→Migration/Rollback/Reapply 순서로 변경한다. || MariaDB/PostgreSQL/Oracle의 type/default/paging/locking/error/index/FK/transaction 차이를 전수 반영한다. || Repository/Mapper/DTO/Service/API/Frontend/Batch/ADM/BZA/Sample/EDU 소비자를 모두 점검한다.,Vendor-native SQL을 유지하되 Canonical Metadata에서 생성/검증 가능한 구조를 우선한다. || 파괴적 변경은 expand→migrate→contract와 compatibility window를 사용한다.,fresh install;double seed;upgrade;migration interruption;rollback/forward recovery;drift;vendor difference,GATE-01-OWNERSHIP;GATE-02-CONSUMER;GATE-05-DB-QUERY;GATE-07-MULTI-INSTANCE;GATE-16-COMPATIBILITY;GATE-18-TEST-EVIDENCE;GATE-20-HYGIENE;GATE-21-TIME,STD-NIST-SSDF,CPF-WP-CMN-CALENDAR-01-CONTRACT_OWNERSHIP,2b259ea45f3ad1a93bfefd5e7d3bc35f3406bf06,미구현,미검증,,,전체 Scope 분석 후 dependency 순서로 구현
CPF-WP-CMN-TEMPLATE-01-CONTRACT_OWNERSHIP,CMN-TEMPLATE,20_COMMON_DATA_DB_PART_01.md,P2,cpf-common,PRODUCT_IMPLEMENTATION,CONTRACT_OWNERSHIP,계약·Ownership 확정,"알림·문서 Template의 version, variable schema, escaping, preview, channel extension, approval과 audit를 제공한다.","Canonical Owner Module·Package·State Owner와 실제 Consumer를 코드 기준으로 확정한다. || Public API·SPI·Internal, 입력·출력·오류·lifecycle·thread-safety·version 계약을 정의한다. || 역방향/순환 의존, Internal 참조, 선택 OSS type 노출, Dual Primary와 owner 없는 공통기능을 제거 또는 이관 대상으로 등록한다. || Local/Remote/Async/Batch 등 적용 topology에서 계약 동등성과 trust boundary를 정의한다.",기존 정식 Package와 Contract를 우선 재사용하고 새 Module은 실제 Owner가 없을 때만 제안한다. || 복잡한 기술 세부는 Internal로 숨기고 고객 확장 지점만 안정 SPI로 노출한다.,contract compatibility;unsupported capability;invalid configuration;internal access negative fixture,GATE-01-OWNERSHIP;GATE-02-CONSUMER;GATE-05-DB-QUERY;GATE-06-STATE-IDEMP;GATE-11-OPS-AUDIT;GATE-15-GENERATOR;GATE-16-COMPATIBILITY;GATE-18-TEST-EVIDENCE;GATE-20-HYGIENE;GATE-21-TIME,STD-NIST-SSDF,,2b259ea45f3ad1a93bfefd5e7d3bc35f3406bf06,미구현,미검증,,,전체 Scope 분석 후 dependency 순서로 구현
CPF-WP-CMN-TEMPLATE-02-IMPLEMENTATION_CONSUMER,CMN-TEMPLATE,20_COMMON_DATA_DB_PART_01.md,P2,cpf-common,PRODUCT_IMPLEMENTATION,IMPLEMENTATION_CONSUMER,기본 구현·실제 Consumer 연결,"알림·문서 Template의 version, variable schema, escaping, preview, channel extension, approval과 audit를 제공한다.","Interface/DTO/Marker가 아닌 안전한 기본 구현·Provider·AutoConfiguration·상태 저장을 제공한다. || Bean/Route/SQL/API/Frontend/Script를 실제 Product Consumer 호출 경로에 연결한다. || 설정 safe default, validation, capability detection, lifecycle start/stop와 resource cleanup을 구현한다. || Consumer 없는 추상화나 Sample-only 구현이면 완료하지 않고 실제 Consumer 연결 또는 통합/폐기 후보로 처리한다.",Leaf Starter와 조건부 AutoConfiguration을 사용해 선택하지 않은 Runtime 의존을 유입하지 않는다. || 제품 Consumer와 Reference Consumer를 분리하되 동일 Public Contract를 사용한다.,normal consumer flow;missing provider;invalid property;startup/shutdown;resource cleanup,GATE-01-OWNERSHIP;GATE-02-CONSUMER;GATE-05-DB-QUERY;GATE-06-STATE-IDEMP;GATE-11-OPS-AUDIT;GATE-15-GENERATOR;GATE-16-COMPATIBILITY;GATE-18-TEST-EVIDENCE;GATE-20-HYGIENE;GATE-21-TIME,STD-NIST-SSDF,CPF-WP-CMN-TEMPLATE-01-CONTRACT_OWNERSHIP,2b259ea45f3ad1a93bfefd5e7d3bc35f3406bf06,미구현,미검증,,,전체 Scope 분석 후 dependency 순서로 구현
CPF-WP-CMN-TEMPLATE-03-VERIFICATION_EVIDENCE,CMN-TEMPLATE,20_COMMON_DATA_DB_PART_01.md,P2,cpf-common,PRODUCT_IMPLEMENTATION,VERIFICATION_EVIDENCE,검증·Evidence·추적성,"알림·문서 Template의 version, variable schema, escaping, preview, channel extension, approval과 audit를 제공한다.","연결 CPF-FR Requirement와 CPF-SC Scenario를 논리 원장에서 전수 추출해 이 Work Package에 매핑한다. || 목표 환경을 먼저 실제 실행하고, 불가능할 때 최대 대체검증과 남은 실제 Runtime 차이를 분리한다. || 각 Scenario에 Test Method·Assertion·실제 결과·Evidence를 개별 연결한다. || 명령, 환경/version, 시간, exit code, report/artifact hash, sanitization과 baseline/working-tree 상태를 기록한다.",공통 Test Harness는 재사용하되 각 Requirement/Scenario의 Acceptance 근거를 개별 기록한다. || 긴 로그는 별도 Evidence로 두고 원장에는 핵심 결과와 경로를 남긴다.,direct validation;alternative validation;negative fixture;regression;evidence schema failure,GATE-01-OWNERSHIP;GATE-02-CONSUMER;GATE-05-DB-QUERY;GATE-06-STATE-IDEMP;GATE-11-OPS-AUDIT;GATE-15-GENERATOR;GATE-16-COMPATIBILITY;GATE-18-TEST-EVIDENCE;GATE-20-HYGIENE;GATE-21-TIME,STD-NIST-SSDF,CPF-WP-CMN-TEMPLATE-01-CONTRACT_OWNERSHIP;CPF-WP-CMN-TEMPLATE-02-IMPLEMENTATION_CONSUMER,2b259ea45f3ad1a93bfefd5e7d3bc35f3406bf06,미구현,미검증,,,전체 Scope 분석 후 dependency 순서로 구현
CPF-WP-CMN-TEMPLATE-04-FAILURE_RECOVERY,CMN-TEMPLATE,20_COMMON_DATA_DB_PART_01.md,P2,cpf-common,PRODUCT_IMPLEMENTATION,FAILURE_RECOVERY,오류·부분 실패·UNKNOWN·복구,"알림·문서 Template의 version, variable schema, escaping, preview, channel extension, approval과 audit를 제공한다.","정상, invalid, timeout, cancellation, dependency failure, partial failure와 resource exhaustion을 구현한다. || side-effect 전/후, commit/send/ACK/response loss의 UNKNOWN을 구분하고 durable state에 기록한다. || Retry budget, idempotency, lease/fencing, restart/reclaim, reconcile/compensation/manual resolution을 적용한다. || 다중 JVM/process와 process-kill 이후 중복·stale writer·blind retry를 방지한다.",명시적 상태 전이와 가상 Clock/Failure Injection 가능한 구조를 사용한다. || 공통 CPF resilience/locking/reconciliation 계약을 재사용하고 기능별 복제 Engine을 만들지 않는다.,timeout;cancel;dependency outage;partial failure;unknown result;duplicate;process kill;reconcile,GATE-01-OWNERSHIP;GATE-02-CONSUMER;GATE-05-DB-QUERY;GATE-06-STATE-IDEMP;GATE-08-UNKNOWN-RECOVERY;GATE-11-OPS-AUDIT;GATE-15-GENERATOR;GATE-16-COMPATIBILITY;GATE-18-TEST-EVIDENCE;GATE-20-HYGIENE;GATE-21-TIME,STD-NIST-SSDF,CPF-WP-CMN-TEMPLATE-01-CONTRACT_OWNERSHIP,2b259ea45f3ad1a93bfefd5e7d3bc35f3406bf06,미구현,미검증,,,전체 Scope 분석 후 dependency 순서로 구현
CPF-WP-CMN-TEMPLATE-05-OPERATIONS_SECURITY,CMN-TEMPLATE,20_COMMON_DATA_DB_PART_01.md,P2,cpf-common,PRODUCT_IMPLEMENTATION,OPERATIONS_SECURITY,보안·승인·감사·운영,"알림·문서 Template의 version, variable schema, escaping, preview, channel extension, approval과 audit를 제공한다.","AuthN/AuthZ, object/property/function 권한, trust boundary, secure default와 입력/자원 한도를 적용한다. || Secret/PII/credential masking, raw access, download/export와 Evidence sanitization을 적용한다. || 조회·상태·오류·timeline·control·reason·approval·SoD·expiry·immutable audit를 제공한다. || Metric/alert/runbook와 자동복구 allowlist/attempt limit/rollback/escalation을 연결한다.",Owner Command/Query API를 통해 운영하고 ADM/BZA가 Owner DB를 직접 갱신하지 않게 한다. || OWASP ASVS/API Security negative scenario를 관련 Test Kit에 매핑한다.,unauthenticated;unauthorized object/property;approval expired;self approval;secret leak;unsafe operation,GATE-01-OWNERSHIP;GATE-02-CONSUMER;GATE-05-DB-QUERY;GATE-06-STATE-IDEMP;GATE-09-SECURITY;GATE-11-OPS-AUDIT;GATE-15-GENERATOR;GATE-16-COMPATIBILITY;GATE-18-TEST-EVIDENCE;GATE-20-HYGIENE;GATE-21-TIME,STD-CISA-SBD;STD-NIST-SSDF;STD-OWASP-ASVS,CPF-WP-CMN-TEMPLATE-01-CONTRACT_OWNERSHIP,2b259ea45f3ad1a93bfefd5e7d3bc35f3406bf06,미구현,미검증,,,전체 Scope 분석 후 dependency 순서로 구현
CPF-WP-CMN-TEMPLATE-06-DATA_MIGRATION,CMN-TEMPLATE,20_COMMON_DATA_DB_PART_01.md,P2,cpf-common,PRODUCT_IMPLEMENTATION,DATA_MIGRATION,DB·Query·Generator·Vendor Lifecycle,"알림·문서 Template의 version, variable schema, escaping, preview, channel extension, approval과 audit를 제공한다.",DB/SQL/Query 영향 여부를 반드시 판정하고 N/A면 실제 호출 경로 근거를 기록한다. || Canonical Model/Query Contract→Generator/Template→Generated SQL/Mapper→Fresh Init/Seed→Migration/Rollback/Reapply 순서로 변경한다. || MariaDB/PostgreSQL/Oracle의 type/default/paging/locking/error/index/FK/transaction 차이를 전수 반영한다. || Repository/Mapper/DTO/Service/API/Frontend/Batch/ADM/BZA/Sample/EDU 소비자를 모두 점검한다.,Vendor-native SQL을 유지하되 Canonical Metadata에서 생성/검증 가능한 구조를 우선한다. || 파괴적 변경은 expand→migrate→contract와 compatibility window를 사용한다.,fresh install;double seed;upgrade;migration interruption;rollback/forward recovery;drift;vendor difference,GATE-01-OWNERSHIP;GATE-02-CONSUMER;GATE-05-DB-QUERY;GATE-06-STATE-IDEMP;GATE-11-OPS-AUDIT;GATE-15-GENERATOR;GATE-16-COMPATIBILITY;GATE-18-TEST-EVIDENCE;GATE-20-HYGIENE;GATE-21-TIME,STD-NIST-SSDF,CPF-WP-CMN-TEMPLATE-01-CONTRACT_OWNERSHIP,2b259ea45f3ad1a93bfefd5e7d3bc35f3406bf06,미구현,미검증,,,전체 Scope 분석 후 dependency 순서로 구현
CPF-WP-CMN-TEMPLATE-07-GENERATION_COMPATIBILITY,CMN-TEMPLATE,20_COMMON_DATA_DB_PART_01.md,P2,cpf-common,PRODUCT_IMPLEMENTATION,GENERATION_COMPATIBILITY,생성·Artifact·호환성,"알림·문서 Template의 version, variable schema, escaping, preview, channel extension, approval과 audit를 제공한다.","Generator/OpenAPI/AsyncAPI/DB metadata/template 등 Canonical 입력과 생성 산출물의 ownership을 확정한다. || remove→regenerate deterministic parity와 user-owned 영역 보존을 검증한다. || API/message/file/DB/config/artifact의 semantic version, compatibility, deprecation, mixed-version와 rollback 영향을 처리한다. || Generated Source만 수동 수정하지 않고 원본 입력·Generator·Golden Sample을 함께 수정한다.",입력 version/hash와 generator version을 manifest에 고정하고 normalized diff gate를 사용한다. || 최신 표준 버전은 shadow compatibility를 통과한 뒤 CPF 지원 profile로 승격한다.,clean regeneration;user region preserve;mixed version;unsupported profile;rollback compatibility,GATE-01-OWNERSHIP;GATE-02-CONSUMER;GATE-05-DB-QUERY;GATE-06-STATE-IDEMP;GATE-11-OPS-AUDIT;GATE-15-GENERATOR;GATE-16-COMPATIBILITY;GATE-18-TEST-EVIDENCE;GATE-20-HYGIENE;GATE-21-TIME,STD-NIST-SSDF,CPF-WP-CMN-TEMPLATE-01-CONTRACT_OWNERSHIP,2b259ea45f3ad1a93bfefd5e7d3bc35f3406bf06,미구현,미검증,,,전체 Scope 분석 후 dependency 순서로 구현
CPF-WP-DB-OWNERSHIP-01-CONTRACT_OWNERSHIP,DB-OWNERSHIP,20_COMMON_DATA_DB_PART_01.md,P1,cpf-tools DB + owning module,PRODUCT_IMPLEMENTATION,CONTRACT_OWNERSHIP,계약·Ownership 확정,모든 schema/table/view/index/FK/trigger/seed/query에 단일 Owner와 실제 Consumer를 부여하고 Admin/타 Domain의 직접 갱신을 금지한다.,"Canonical Owner Module·Package·State Owner와 실제 Consumer를 코드 기준으로 확정한다. || Public API·SPI·Internal, 입력·출력·오류·lifecycle·thread-safety·version 계약을 정의한다. || 역방향/순환 의존, Internal 참조, 선택 OSS type 노출, Dual Primary와 owner 없는 공통기능을 제거 또는 이관 대상으로 등록한다. || Local/Remote/Async/Batch 등 적용 topology에서 계약 동등성과 trust boundary를 정의한다.",기존 정식 Package와 Contract를 우선 재사용하고 새 Module은 실제 Owner가 없을 때만 제안한다. || 복잡한 기술 세부는 Internal로 숨기고 고객 확장 지점만 안정 SPI로 노출한다.,contract compatibility;unsupported capability;invalid configuration;internal access negative fixture,GATE-01-OWNERSHIP;GATE-02-CONSUMER;GATE-05-DB-QUERY;GATE-18-TEST-EVIDENCE;GATE-20-HYGIENE,STD-NIST-SSDF,,2b259ea45f3ad1a93bfefd5e7d3bc35f3406bf06,미구현,미검증,,,전체 Scope 분석 후 dependency 순서로 구현
CPF-WP-DB-OWNERSHIP-02-IMPLEMENTATION_CONSUMER,DB-OWNERSHIP,20_COMMON_DATA_DB_PART_01.md,P1,cpf-tools DB + owning module,PRODUCT_IMPLEMENTATION,IMPLEMENTATION_CONSUMER,기본 구현·실제 Consumer 연결,모든 schema/table/view/index/FK/trigger/seed/query에 단일 Owner와 실제 Consumer를 부여하고 Admin/타 Domain의 직접 갱신을 금지한다.,"Interface/DTO/Marker가 아닌 안전한 기본 구현·Provider·AutoConfiguration·상태 저장을 제공한다. || Bean/Route/SQL/API/Frontend/Script를 실제 Product Consumer 호출 경로에 연결한다. || 설정 safe default, validation, capability detection, lifecycle start/stop와 resource cleanup을 구현한다. || Consumer 없는 추상화나 Sample-only 구현이면 완료하지 않고 실제 Consumer 연결 또는 통합/폐기 후보로 처리한다.",Leaf Starter와 조건부 AutoConfiguration을 사용해 선택하지 않은 Runtime 의존을 유입하지 않는다. || 제품 Consumer와 Reference Consumer를 분리하되 동일 Public Contract를 사용한다.,normal consumer flow;missing provider;invalid property;startup/shutdown;resource cleanup,GATE-01-OWNERSHIP;GATE-02-CONSUMER;GATE-05-DB-QUERY;GATE-18-TEST-EVIDENCE;GATE-20-HYGIENE,STD-NIST-SSDF,CPF-WP-DB-OWNERSHIP-01-CONTRACT_OWNERSHIP,2b259ea45f3ad1a93bfefd5e7d3bc35f3406bf06,미구현,미검증,,,전체 Scope 분석 후 dependency 순서로 구현
CPF-WP-DB-OWNERSHIP-03-VERIFICATION_EVIDENCE,DB-OWNERSHIP,20_COMMON_DATA_DB_PART_01.md,P1,cpf-tools DB + owning module,PRODUCT_IMPLEMENTATION,VERIFICATION_EVIDENCE,검증·Evidence·추적성,모든 schema/table/view/index/FK/trigger/seed/query에 단일 Owner와 실제 Consumer를 부여하고 Admin/타 Domain의 직접 갱신을 금지한다.,"연결 CPF-FR Requirement와 CPF-SC Scenario를 논리 원장에서 전수 추출해 이 Work Package에 매핑한다. || 목표 환경을 먼저 실제 실행하고, 불가능할 때 최대 대체검증과 남은 실제 Runtime 차이를 분리한다. || 각 Scenario에 Test Method·Assertion·실제 결과·Evidence를 개별 연결한다. || 명령, 환경/version, 시간, exit code, report/artifact hash, sanitization과 baseline/working-tree 상태를 기록한다.",공통 Test Harness는 재사용하되 각 Requirement/Scenario의 Acceptance 근거를 개별 기록한다. || 긴 로그는 별도 Evidence로 두고 원장에는 핵심 결과와 경로를 남긴다.,direct validation;alternative validation;negative fixture;regression;evidence schema failure,GATE-01-OWNERSHIP;GATE-02-CONSUMER;GATE-05-DB-QUERY;GATE-18-TEST-EVIDENCE;GATE-20-HYGIENE,STD-NIST-SSDF,CPF-WP-DB-OWNERSHIP-01-CONTRACT_OWNERSHIP;CPF-WP-DB-OWNERSHIP-02-IMPLEMENTATION_CONSUMER,2b259ea45f3ad1a93bfefd5e7d3bc35f3406bf06,미구현,미검증,,,전체 Scope 분석 후 dependency 순서로 구현
CPF-WP-DB-OWNERSHIP-04-OPERATIONS_SECURITY,DB-OWNERSHIP,20_COMMON_DATA_DB_PART_01.md,P1,cpf-tools DB + owning module,PRODUCT_IMPLEMENTATION,OPERATIONS_SECURITY,보안·승인·감사·운영,모든 schema/table/view/index/FK/trigger/seed/query에 단일 Owner와 실제 Consumer를 부여하고 Admin/타 Domain의 직접 갱신을 금지한다.,"AuthN/AuthZ, object/property/function 권한, trust boundary, secure default와 입력/자원 한도를 적용한다. || Secret/PII/credential masking, raw access, download/export와 Evidence sanitization을 적용한다. || 조회·상태·오류·timeline·control·reason·approval·SoD·expiry·immutable audit를 제공한다. || Metric/alert/runbook와 자동복구 allowlist/attempt limit/rollback/escalation을 연결한다.",Owner Command/Query API를 통해 운영하고 ADM/BZA가 Owner DB를 직접 갱신하지 않게 한다. || OWASP ASVS/API Security negative scenario를 관련 Test Kit에 매핑한다.,unauthenticated;unauthorized object/property;approval expired;self approval;secret leak;unsafe operation,GATE-01-OWNERSHIP;GATE-02-CONSUMER;GATE-05-DB-QUERY;GATE-09-SECURITY;GATE-11-OPS-AUDIT;GATE-18-TEST-EVIDENCE;GATE-20-HYGIENE,STD-CISA-SBD;STD-NIST-SSDF;STD-OWASP-ASVS,CPF-WP-DB-OWNERSHIP-01-CONTRACT_OWNERSHIP,2b259ea45f3ad1a93bfefd5e7d3bc35f3406bf06,미구현,미검증,,,전체 Scope 분석 후 dependency 순서로 구현
CPF-WP-DB-OWNERSHIP-05-DATA_MIGRATION,DB-OWNERSHIP,20_COMMON_DATA_DB_PART_01.md,P1,cpf-tools DB + owning module,PRODUCT_IMPLEMENTATION,DATA_MIGRATION,DB·Query·Generator·Vendor Lifecycle,모든 schema/table/view/index/FK/trigger/seed/query에 단일 Owner와 실제 Consumer를 부여하고 Admin/타 Domain의 직접 갱신을 금지한다.,DB/SQL/Query 영향 여부를 반드시 판정하고 N/A면 실제 호출 경로 근거를 기록한다. || Canonical Model/Query Contract→Generator/Template→Generated SQL/Mapper→Fresh Init/Seed→Migration/Rollback/Reapply 순서로 변경한다. || MariaDB/PostgreSQL/Oracle의 type/default/paging/locking/error/index/FK/transaction 차이를 전수 반영한다. || Repository/Mapper/DTO/Service/API/Frontend/Batch/ADM/BZA/Sample/EDU 소비자를 모두 점검한다.,Vendor-native SQL을 유지하되 Canonical Metadata에서 생성/검증 가능한 구조를 우선한다. || 파괴적 변경은 expand→migrate→contract와 compatibility window를 사용한다.,fresh install;double seed;upgrade;migration interruption;rollback/forward recovery;drift;vendor difference,GATE-01-OWNERSHIP;GATE-02-CONSUMER;GATE-05-DB-QUERY;GATE-16-COMPATIBILITY;GATE-18-TEST-EVIDENCE;GATE-20-HYGIENE,STD-NIST-SSDF,CPF-WP-DB-OWNERSHIP-01-CONTRACT_OWNERSHIP,2b259ea45f3ad1a93bfefd5e7d3bc35f3406bf06,미구현,미검증,,,전체 Scope 분석 후 dependency 순서로 구현
CPF-WP-DB-INSTALL-01-CONTRACT_OWNERSHIP,DB-INSTALL,20_COMMON_DATA_DB_PART_01.md,P1,cpf-tools DB + owning module,PRODUCT_IMPLEMENTATION,CONTRACT_OWNERSHIP,계약·Ownership 확정,"Schema/User provision, 최소권한, product table/index/constraint, mandatory seed, verify/smoke를 Vendor-native 정본으로 재현 가능하게 제공한다.","Canonical Owner Module·Package·State Owner와 실제 Consumer를 코드 기준으로 확정한다. || Public API·SPI·Internal, 입력·출력·오류·lifecycle·thread-safety·version 계약을 정의한다. || 역방향/순환 의존, Internal 참조, 선택 OSS type 노출, Dual Primary와 owner 없는 공통기능을 제거 또는 이관 대상으로 등록한다. || Local/Remote/Async/Batch 등 적용 topology에서 계약 동등성과 trust boundary를 정의한다.",기존 정식 Package와 Contract를 우선 재사용하고 새 Module은 실제 Owner가 없을 때만 제안한다. || 복잡한 기술 세부는 Internal로 숨기고 고객 확장 지점만 안정 SPI로 노출한다.,contract compatibility;unsupported capability;invalid configuration;internal access negative fixture,GATE-01-OWNERSHIP;GATE-02-CONSUMER;GATE-05-DB-QUERY;GATE-18-TEST-EVIDENCE;GATE-20-HYGIENE,STD-NIST-SSDF,,2b259ea45f3ad1a93bfefd5e7d3bc35f3406bf06,미구현,미검증,,,전체 Scope 분석 후 dependency 순서로 구현
CPF-WP-DB-INSTALL-02-IMPLEMENTATION_CONSUMER,DB-INSTALL,20_COMMON_DATA_DB_PART_01.md,P1,cpf-tools DB + owning module,PRODUCT_IMPLEMENTATION,IMPLEMENTATION_CONSUMER,기본 구현·실제 Consumer 연결,"Schema/User provision, 최소권한, product table/index/constraint, mandatory seed, verify/smoke를 Vendor-native 정본으로 재현 가능하게 제공한다.","Interface/DTO/Marker가 아닌 안전한 기본 구현·Provider·AutoConfiguration·상태 저장을 제공한다. || Bean/Route/SQL/API/Frontend/Script를 실제 Product Consumer 호출 경로에 연결한다. || 설정 safe default, validation, capability detection, lifecycle start/stop와 resource cleanup을 구현한다. || Consumer 없는 추상화나 Sample-only 구현이면 완료하지 않고 실제 Consumer 연결 또는 통합/폐기 후보로 처리한다.",Leaf Starter와 조건부 AutoConfiguration을 사용해 선택하지 않은 Runtime 의존을 유입하지 않는다. || 제품 Consumer와 Reference Consumer를 분리하되 동일 Public Contract를 사용한다.,normal consumer flow;missing provider;invalid property;startup/shutdown;resource cleanup,GATE-01-OWNERSHIP;GATE-02-CONSUMER;GATE-05-DB-QUERY;GATE-18-TEST-EVIDENCE;GATE-20-HYGIENE,STD-NIST-SSDF,CPF-WP-DB-INSTALL-01-CONTRACT_OWNERSHIP,2b259ea45f3ad1a93bfefd5e7d3bc35f3406bf06,미구현,미검증,,,전체 Scope 분석 후 dependency 순서로 구현
CPF-WP-DB-INSTALL-03-VERIFICATION_EVIDENCE,DB-INSTALL,20_COMMON_DATA_DB_PART_01.md,P1,cpf-tools DB + owning module,PRODUCT_IMPLEMENTATION,VERIFICATION_EVIDENCE,검증·Evidence·추적성,"Schema/User provision, 최소권한, product table/index/constraint, mandatory seed, verify/smoke를 Vendor-native 정본으로 재현 가능하게 제공한다.","연결 CPF-FR Requirement와 CPF-SC Scenario를 논리 원장에서 전수 추출해 이 Work Package에 매핑한다. || 목표 환경을 먼저 실제 실행하고, 불가능할 때 최대 대체검증과 남은 실제 Runtime 차이를 분리한다. || 각 Scenario에 Test Method·Assertion·실제 결과·Evidence를 개별 연결한다. || 명령, 환경/version, 시간, exit code, report/artifact hash, sanitization과 baseline/working-tree 상태를 기록한다.",공통 Test Harness는 재사용하되 각 Requirement/Scenario의 Acceptance 근거를 개별 기록한다. || 긴 로그는 별도 Evidence로 두고 원장에는 핵심 결과와 경로를 남긴다.,direct validation;alternative validation;negative fixture;regression;evidence schema failure,GATE-01-OWNERSHIP;GATE-02-CONSUMER;GATE-05-DB-QUERY;GATE-18-TEST-EVIDENCE;GATE-20-HYGIENE,STD-NIST-SSDF,CPF-WP-DB-INSTALL-01-CONTRACT_OWNERSHIP;CPF-WP-DB-INSTALL-02-IMPLEMENTATION_CONSUMER,2b259ea45f3ad1a93bfefd5e7d3bc35f3406bf06,미구현,미검증,,,전체 Scope 분석 후 dependency 순서로 구현
CPF-WP-DB-INSTALL-04-DATA_MIGRATION,DB-INSTALL,20_COMMON_DATA_DB_PART_01.md,P1,cpf-tools DB + owning module,PRODUCT_IMPLEMENTATION,DATA_MIGRATION,DB·Query·Generator·Vendor Lifecycle,"Schema/User provision, 최소권한, product table/index/constraint, mandatory seed, verify/smoke를 Vendor-native 정본으로 재현 가능하게 제공한다.",DB/SQL/Query 영향 여부를 반드시 판정하고 N/A면 실제 호출 경로 근거를 기록한다. || Canonical Model/Query Contract→Generator/Template→Generated SQL/Mapper→Fresh Init/Seed→Migration/Rollback/Reapply 순서로 변경한다. || MariaDB/PostgreSQL/Oracle의 type/default/paging/locking/error/index/FK/transaction 차이를 전수 반영한다. || Repository/Mapper/DTO/Service/API/Frontend/Batch/ADM/BZA/Sample/EDU 소비자를 모두 점검한다.,Vendor-native SQL을 유지하되 Canonical Metadata에서 생성/검증 가능한 구조를 우선한다. || 파괴적 변경은 expand→migrate→contract와 compatibility window를 사용한다.,fresh install;double seed;upgrade;migration interruption;rollback/forward recovery;drift;vendor difference,GATE-01-OWNERSHIP;GATE-02-CONSUMER;GATE-05-DB-QUERY;GATE-16-COMPATIBILITY;GATE-18-TEST-EVIDENCE;GATE-20-HYGIENE,STD-NIST-SSDF,CPF-WP-DB-INSTALL-01-CONTRACT_OWNERSHIP,2b259ea45f3ad1a93bfefd5e7d3bc35f3406bf06,미구현,미검증,,,전체 Scope 분석 후 dependency 순서로 구현
CPF-WP-DB-FRESH-01-CONTRACT_OWNERSHIP,DB-FRESH,20_COMMON_DATA_DB_PART_01.md,P0,cpf-tools DB + owning module,PRODUCT_IMPLEMENTATION,CONTRACT_OWNERSHIP,계약·Ownership 확정,Oracle·PostgreSQL·MariaDB 검증을 CPF Object 0건의 전용 초기 Database/Schema에서 시작하고 Canonical/Generator-first Fresh Install→Upgrade→Rollback→Reapply→Cleanup을 자동화한다.,"Canonical Owner Module·Package·State Owner와 실제 Consumer를 코드 기준으로 확정한다. || Public API·SPI·Internal, 입력·출력·오류·lifecycle·thread-safety·version 계약을 정의한다. || 역방향/순환 의존, Internal 참조, 선택 OSS type 노출, Dual Primary와 owner 없는 공통기능을 제거 또는 이관 대상으로 등록한다. || Local/Remote/Async/Batch 등 적용 topology에서 계약 동등성과 trust boundary를 정의한다.",기존 정식 Package와 Contract를 우선 재사용하고 새 Module은 실제 Owner가 없을 때만 제안한다. || 복잡한 기술 세부는 Internal로 숨기고 고객 확장 지점만 안정 SPI로 노출한다.,contract compatibility;unsupported capability;invalid configuration;internal access negative fixture,GATE-01-OWNERSHIP;GATE-02-CONSUMER;GATE-05-DB-QUERY;GATE-08-UNKNOWN-RECOVERY;GATE-15-GENERATOR;GATE-16-COMPATIBILITY;GATE-18-TEST-EVIDENCE;GATE-20-HYGIENE,STD-NIST-SSDF,,2b259ea45f3ad1a93bfefd5e7d3bc35f3406bf06,미구현,미검증,,,전체 Scope 분석 후 dependency 순서로 구현
CPF-WP-DB-FRESH-02-IMPLEMENTATION_CONSUMER,DB-FRESH,20_COMMON_DATA_DB_PART_01.md,P0,cpf-tools DB + owning module,PRODUCT_IMPLEMENTATION,IMPLEMENTATION_CONSUMER,기본 구현·실제 Consumer 연결,Oracle·PostgreSQL·MariaDB 검증을 CPF Object 0건의 전용 초기 Database/Schema에서 시작하고 Canonical/Generator-first Fresh Install→Upgrade→Rollback→Reapply→Cleanup을 자동화한다.,"Interface/DTO/Marker가 아닌 안전한 기본 구현·Provider·AutoConfiguration·상태 저장을 제공한다. || Bean/Route/SQL/API/Frontend/Script를 실제 Product Consumer 호출 경로에 연결한다. || 설정 safe default, validation, capability detection, lifecycle start/stop와 resource cleanup을 구현한다. || Consumer 없는 추상화나 Sample-only 구현이면 완료하지 않고 실제 Consumer 연결 또는 통합/폐기 후보로 처리한다.",Leaf Starter와 조건부 AutoConfiguration을 사용해 선택하지 않은 Runtime 의존을 유입하지 않는다. || 제품 Consumer와 Reference Consumer를 분리하되 동일 Public Contract를 사용한다.,normal consumer flow;missing provider;invalid property;startup/shutdown;resource cleanup,GATE-01-OWNERSHIP;GATE-02-CONSUMER;GATE-05-DB-QUERY;GATE-08-UNKNOWN-RECOVERY;GATE-15-GENERATOR;GATE-16-COMPATIBILITY;GATE-18-TEST-EVIDENCE;GATE-20-HYGIENE,STD-NIST-SSDF,CPF-WP-DB-FRESH-01-CONTRACT_OWNERSHIP,2b259ea45f3ad1a93bfefd5e7d3bc35f3406bf06,미구현,미검증,,,전체 Scope 분석 후 dependency 순서로 구현
CPF-WP-DB-FRESH-03-VERIFICATION_EVIDENCE,DB-FRESH,20_COMMON_DATA_DB_PART_01.md,P0,cpf-tools DB + owning module,PRODUCT_IMPLEMENTATION,VERIFICATION_EVIDENCE,검증·Evidence·추적성,Oracle·PostgreSQL·MariaDB 검증을 CPF Object 0건의 전용 초기 Database/Schema에서 시작하고 Canonical/Generator-first Fresh Install→Upgrade→Rollback→Reapply→Cleanup을 자동화한다.,"연결 CPF-FR Requirement와 CPF-SC Scenario를 논리 원장에서 전수 추출해 이 Work Package에 매핑한다. || 목표 환경을 먼저 실제 실행하고, 불가능할 때 최대 대체검증과 남은 실제 Runtime 차이를 분리한다. || 각 Scenario에 Test Method·Assertion·실제 결과·Evidence를 개별 연결한다. || 명령, 환경/version, 시간, exit code, report/artifact hash, sanitization과 baseline/working-tree 상태를 기록한다.",공통 Test Harness는 재사용하되 각 Requirement/Scenario의 Acceptance 근거를 개별 기록한다. || 긴 로그는 별도 Evidence로 두고 원장에는 핵심 결과와 경로를 남긴다.,direct validation;alternative validation;negative fixture;regression;evidence schema failure,GATE-01-OWNERSHIP;GATE-02-CONSUMER;GATE-05-DB-QUERY;GATE-08-UNKNOWN-RECOVERY;GATE-15-GENERATOR;GATE-16-COMPATIBILITY;GATE-18-TEST-EVIDENCE;GATE-20-HYGIENE,STD-NIST-SSDF,CPF-WP-DB-FRESH-01-CONTRACT_OWNERSHIP;CPF-WP-DB-FRESH-02-IMPLEMENTATION_CONSUMER,2b259ea45f3ad1a93bfefd5e7d3bc35f3406bf06,미구현,미검증,,,전체 Scope 분석 후 dependency 순서로 구현
CPF-WP-DB-FRESH-04-FAILURE_RECOVERY,DB-FRESH,20_COMMON_DATA_DB_PART_01.md,P0,cpf-tools DB + owning module,PRODUCT_IMPLEMENTATION,FAILURE_RECOVERY,오류·부분 실패·UNKNOWN·복구,Oracle·PostgreSQL·MariaDB 검증을 CPF Object 0건의 전용 초기 Database/Schema에서 시작하고 Canonical/Generator-first Fresh Install→Upgrade→Rollback→Reapply→Cleanup을 자동화한다.,"정상, invalid, timeout, cancellation, dependency failure, partial failure와 resource exhaustion을 구현한다. || side-effect 전/후, commit/send/ACK/response loss의 UNKNOWN을 구분하고 durable state에 기록한다. || Retry budget, idempotency, lease/fencing, restart/reclaim, reconcile/compensation/manual resolution을 적용한다. || 다중 JVM/process와 process-kill 이후 중복·stale writer·blind retry를 방지한다.",명시적 상태 전이와 가상 Clock/Failure Injection 가능한 구조를 사용한다. || 공통 CPF resilience/locking/reconciliation 계약을 재사용하고 기능별 복제 Engine을 만들지 않는다.,timeout;cancel;dependency outage;partial failure;unknown result;duplicate;process kill;reconcile,GATE-01-OWNERSHIP;GATE-02-CONSUMER;GATE-05-DB-QUERY;GATE-06-STATE-IDEMP;GATE-08-UNKNOWN-RECOVERY;GATE-15-GENERATOR;GATE-16-COMPATIBILITY;GATE-18-TEST-EVIDENCE;GATE-20-HYGIENE,STD-NIST-SSDF,CPF-WP-DB-FRESH-01-CONTRACT_OWNERSHIP,2b259ea45f3ad1a93bfefd5e7d3bc35f3406bf06,미구현,미검증,,,전체 Scope 분석 후 dependency 순서로 구현
CPF-WP-DB-FRESH-05-DATA_MIGRATION,DB-FRESH,20_COMMON_DATA_DB_PART_01.md,P0,cpf-tools DB + owning module,PRODUCT_IMPLEMENTATION,DATA_MIGRATION,DB·Query·Generator·Vendor Lifecycle,Oracle·PostgreSQL·MariaDB 검증을 CPF Object 0건의 전용 초기 Database/Schema에서 시작하고 Canonical/Generator-first Fresh Install→Upgrade→Rollback→Reapply→Cleanup을 자동화한다.,DB/SQL/Query 영향 여부를 반드시 판정하고 N/A면 실제 호출 경로 근거를 기록한다. || Canonical Model/Query Contract→Generator/Template→Generated SQL/Mapper→Fresh Init/Seed→Migration/Rollback/Reapply 순서로 변경한다. || MariaDB/PostgreSQL/Oracle의 type/default/paging/locking/error/index/FK/transaction 차이를 전수 반영한다. || Repository/Mapper/DTO/Service/API/Frontend/Batch/ADM/BZA/Sample/EDU 소비자를 모두 점검한다.,Vendor-native SQL을 유지하되 Canonical Metadata에서 생성/검증 가능한 구조를 우선한다. || 파괴적 변경은 expand→migrate→contract와 compatibility window를 사용한다.,fresh install;double seed;upgrade;migration interruption;rollback/forward recovery;drift;vendor difference,GATE-01-OWNERSHIP;GATE-02-CONSUMER;GATE-05-DB-QUERY;GATE-08-UNKNOWN-RECOVERY;GATE-15-GENERATOR;GATE-16-COMPATIBILITY;GATE-18-TEST-EVIDENCE;GATE-20-HYGIENE,STD-NIST-SSDF,CPF-WP-DB-FRESH-01-CONTRACT_OWNERSHIP,2b259ea45f3ad1a93bfefd5e7d3bc35f3406bf06,미구현,미검증,,,전체 Scope 분석 후 dependency 순서로 구현
CPF-WP-DB-FRESH-06-GENERATION_COMPATIBILITY,DB-FRESH,20_COMMON_DATA_DB_PART_01.md,P0,cpf-tools DB + owning module,PRODUCT_IMPLEMENTATION,GENERATION_COMPATIBILITY,생성·Artifact·호환성,Oracle·PostgreSQL·MariaDB 검증을 CPF Object 0건의 전용 초기 Database/Schema에서 시작하고 Canonical/Generator-first Fresh Install→Upgrade→Rollback→Reapply→Cleanup을 자동화한다.,"Generator/OpenAPI/AsyncAPI/DB metadata/template 등 Canonical 입력과 생성 산출물의 ownership을 확정한다. || remove→regenerate deterministic parity와 user-owned 영역 보존을 검증한다. || API/message/file/DB/config/artifact의 semantic version, compatibility, deprecation, mixed-version와 rollback 영향을 처리한다. || Generated Source만 수동 수정하지 않고 원본 입력·Generator·Golden Sample을 함께 수정한다.",입력 version/hash와 generator version을 manifest에 고정하고 normalized diff gate를 사용한다. || 최신 표준 버전은 shadow compatibility를 통과한 뒤 CPF 지원 profile로 승격한다.,clean regeneration;user region preserve;mixed version;unsupported profile;rollback compatibility,GATE-01-OWNERSHIP;GATE-02-CONSUMER;GATE-05-DB-QUERY;GATE-08-UNKNOWN-RECOVERY;GATE-15-GENERATOR;GATE-16-COMPATIBILITY;GATE-18-TEST-EVIDENCE;GATE-20-HYGIENE,STD-NIST-SSDF,CPF-WP-DB-FRESH-01-CONTRACT_OWNERSHIP,2b259ea45f3ad1a93bfefd5e7d3bc35f3406bf06,미구현,미검증,,,전체 Scope 분석 후 dependency 순서로 구현
CPF-WP-DB-MIGRATION-01-CONTRACT_OWNERSHIP,DB-MIGRATION,20_COMMON_DATA_DB_PART_01.md,P0,cpf-tools DB + owning module,PRODUCT_IMPLEMENTATION,CONTRACT_OWNERSHIP,계약·Ownership 확정,"불변 version migration, expand-migrate-contract, checksum, drift fail-closed, restart, data transform와 신규설치 최종상태 parity를 제공한다.","Canonical Owner Module·Package·State Owner와 실제 Consumer를 코드 기준으로 확정한다. || Public API·SPI·Internal, 입력·출력·오류·lifecycle·thread-safety·version 계약을 정의한다. || 역방향/순환 의존, Internal 참조, 선택 OSS type 노출, Dual Primary와 owner 없는 공통기능을 제거 또는 이관 대상으로 등록한다. || Local/Remote/Async/Batch 등 적용 topology에서 계약 동등성과 trust boundary를 정의한다.",기존 정식 Package와 Contract를 우선 재사용하고 새 Module은 실제 Owner가 없을 때만 제안한다. || 복잡한 기술 세부는 Internal로 숨기고 고객 확장 지점만 안정 SPI로 노출한다.,contract compatibility;unsupported capability;invalid configuration;internal access negative fixture,GATE-01-OWNERSHIP;GATE-02-CONSUMER;GATE-05-DB-QUERY;GATE-08-UNKNOWN-RECOVERY;GATE-13-PERFORMANCE;GATE-16-COMPATIBILITY;GATE-18-TEST-EVIDENCE;GATE-20-HYGIENE,STD-NIST-SSDF,,2b259ea45f3ad1a93bfefd5e7d3bc35f3406bf06,미구현,미검증,,,전체 Scope 분석 후 dependency 순서로 구현
CPF-WP-DB-MIGRATION-02-IMPLEMENTATION_CONSUMER,DB-MIGRATION,20_COMMON_DATA_DB_PART_01.md,P0,cpf-tools DB + owning module,PRODUCT_IMPLEMENTATION,IMPLEMENTATION_CONSUMER,기본 구현·실제 Consumer 연결,"불변 version migration, expand-migrate-contract, checksum, drift fail-closed, restart, data transform와 신규설치 최종상태 parity를 제공한다.","Interface/DTO/Marker가 아닌 안전한 기본 구현·Provider·AutoConfiguration·상태 저장을 제공한다. || Bean/Route/SQL/API/Frontend/Script를 실제 Product Consumer 호출 경로에 연결한다. || 설정 safe default, validation, capability detection, lifecycle start/stop와 resource cleanup을 구현한다. || Consumer 없는 추상화나 Sample-only 구현이면 완료하지 않고 실제 Consumer 연결 또는 통합/폐기 후보로 처리한다.",Leaf Starter와 조건부 AutoConfiguration을 사용해 선택하지 않은 Runtime 의존을 유입하지 않는다. || 제품 Consumer와 Reference Consumer를 분리하되 동일 Public Contract를 사용한다.,normal consumer flow;missing provider;invalid property;startup/shutdown;resource cleanup,GATE-01-OWNERSHIP;GATE-02-CONSUMER;GATE-05-DB-QUERY;GATE-08-UNKNOWN-RECOVERY;GATE-13-PERFORMANCE;GATE-16-COMPATIBILITY;GATE-18-TEST-EVIDENCE;GATE-20-HYGIENE,STD-NIST-SSDF,CPF-WP-DB-MIGRATION-01-CONTRACT_OWNERSHIP,2b259ea45f3ad1a93bfefd5e7d3bc35f3406bf06,미구현,미검증,,,전체 Scope 분석 후 dependency 순서로 구현
CPF-WP-DB-MIGRATION-03-VERIFICATION_EVIDENCE,DB-MIGRATION,20_COMMON_DATA_DB_PART_01.md,P0,cpf-tools DB + owning module,PRODUCT_IMPLEMENTATION,VERIFICATION_EVIDENCE,검증·Evidence·추적성,"불변 version migration, expand-migrate-contract, checksum, drift fail-closed, restart, data transform와 신규설치 최종상태 parity를 제공한다.","연결 CPF-FR Requirement와 CPF-SC Scenario를 논리 원장에서 전수 추출해 이 Work Package에 매핑한다. || 목표 환경을 먼저 실제 실행하고, 불가능할 때 최대 대체검증과 남은 실제 Runtime 차이를 분리한다. || 각 Scenario에 Test Method·Assertion·실제 결과·Evidence를 개별 연결한다. || 명령, 환경/version, 시간, exit code, report/artifact hash, sanitization과 baseline/working-tree 상태를 기록한다.",공통 Test Harness는 재사용하되 각 Requirement/Scenario의 Acceptance 근거를 개별 기록한다. || 긴 로그는 별도 Evidence로 두고 원장에는 핵심 결과와 경로를 남긴다.,direct validation;alternative validation;negative fixture;regression;evidence schema failure,GATE-01-OWNERSHIP;GATE-02-CONSUMER;GATE-05-DB-QUERY;GATE-08-UNKNOWN-RECOVERY;GATE-13-PERFORMANCE;GATE-16-COMPATIBILITY;GATE-18-TEST-EVIDENCE;GATE-20-HYGIENE,STD-NIST-SSDF,CPF-WP-DB-MIGRATION-01-CONTRACT_OWNERSHIP;CPF-WP-DB-MIGRATION-02-IMPLEMENTATION_CONSUMER,2b259ea45f3ad1a93bfefd5e7d3bc35f3406bf06,미구현,미검증,,,전체 Scope 분석 후 dependency 순서로 구현
CPF-WP-DB-MIGRATION-04-FAILURE_RECOVERY,DB-MIGRATION,20_COMMON_DATA_DB_PART_01.md,P0,cpf-tools DB + owning module,PRODUCT_IMPLEMENTATION,FAILURE_RECOVERY,오류·부분 실패·UNKNOWN·복구,"불변 version migration, expand-migrate-contract, checksum, drift fail-closed, restart, data transform와 신규설치 최종상태 parity를 제공한다.","정상, invalid, timeout, cancellation, dependency failure, partial failure와 resource exhaustion을 구현한다. || side-effect 전/후, commit/send/ACK/response loss의 UNKNOWN을 구분하고 durable state에 기록한다. || Retry budget, idempotency, lease/fencing, restart/reclaim, reconcile/compensation/manual resolution을 적용한다. || 다중 JVM/process와 process-kill 이후 중복·stale writer·blind retry를 방지한다.",명시적 상태 전이와 가상 Clock/Failure Injection 가능한 구조를 사용한다. || 공통 CPF resilience/locking/reconciliation 계약을 재사용하고 기능별 복제 Engine을 만들지 않는다.,timeout;cancel;dependency outage;partial failure;unknown result;duplicate;process kill;reconcile,GATE-01-OWNERSHIP;GATE-02-CONSUMER;GATE-05-DB-QUERY;GATE-06-STATE-IDEMP;GATE-08-UNKNOWN-RECOVERY;GATE-13-PERFORMANCE;GATE-16-COMPATIBILITY;GATE-18-TEST-EVIDENCE;GATE-20-HYGIENE,STD-NIST-SSDF,CPF-WP-DB-MIGRATION-01-CONTRACT_OWNERSHIP,2b259ea45f3ad1a93bfefd5e7d3bc35f3406bf06,미구현,미검증,,,전체 Scope 분석 후 dependency 순서로 구현
CPF-WP-DB-MIGRATION-05-DATA_MIGRATION,DB-MIGRATION,20_COMMON_DATA_DB_PART_01.md,P0,cpf-tools DB + owning module,PRODUCT_IMPLEMENTATION,DATA_MIGRATION,DB·Query·Generator·Vendor Lifecycle,"불변 version migration, expand-migrate-contract, checksum, drift fail-closed, restart, data transform와 신규설치 최종상태 parity를 제공한다.",DB/SQL/Query 영향 여부를 반드시 판정하고 N/A면 실제 호출 경로 근거를 기록한다. || Canonical Model/Query Contract→Generator/Template→Generated SQL/Mapper→Fresh Init/Seed→Migration/Rollback/Reapply 순서로 변경한다. || MariaDB/PostgreSQL/Oracle의 type/default/paging/locking/error/index/FK/transaction 차이를 전수 반영한다. || Repository/Mapper/DTO/Service/API/Frontend/Batch/ADM/BZA/Sample/EDU 소비자를 모두 점검한다.,Vendor-native SQL을 유지하되 Canonical Metadata에서 생성/검증 가능한 구조를 우선한다. || 파괴적 변경은 expand→migrate→contract와 compatibility window를 사용한다.,fresh install;double seed;upgrade;migration interruption;rollback/forward recovery;drift;vendor difference,GATE-01-OWNERSHIP;GATE-02-CONSUMER;GATE-05-DB-QUERY;GATE-08-UNKNOWN-RECOVERY;GATE-13-PERFORMANCE;GATE-16-COMPATIBILITY;GATE-18-TEST-EVIDENCE;GATE-20-HYGIENE,STD-NIST-SSDF,CPF-WP-DB-MIGRATION-01-CONTRACT_OWNERSHIP,2b259ea45f3ad1a93bfefd5e7d3bc35f3406bf06,미구현,미검증,,,전체 Scope 분석 후 dependency 순서로 구현
