index,route_id,path,risk_level,component_or_shared_owner,source_open_mode,route_auth_guard,generic_workbench,static_verdict,runtime_browser_verdict,QA_closure,linked_finding,review_notes,exact_sha
1,dashboard,/,MEDIUM,cpf-admin/frontend/src/features/operations/UnifiedOperationsDashboardPage.vue,DIRECT,SERVER_SESSION_MENU,GET_ONLY+BUTTON_GRANT,SOURCE_REVIEWED,미검증,미통과,,route registry + component/shared owner + session/router/workbench contract inspected,3ed676061246c9db3e44f29e254c0393ecca3929
2,topology,/topology,MEDIUM,cpf-admin/frontend/src/features/topology/TopologyPage.vue,DIRECT,SERVER_SESSION_MENU,GET_ONLY+BUTTON_GRANT,SOURCE_REVIEWED,미검증,미통과,,route registry + component/shared owner + session/router/workbench contract inspected,3ed676061246c9db3e44f29e254c0393ecca3929
3,capacity,/capacity,MEDIUM,cpf-admin/frontend/src/features/operations/OnlineDiagnosticsPage.vue,DIRECT,SERVER_SESSION_MENU,GET_ONLY+BUTTON_GRANT,SOURCE_REVIEWED,미검증,미통과,,route registry + component/shared owner + session/router/workbench contract inspected,3ed676061246c9db3e44f29e254c0393ecca3929
4,logs,/logs,MEDIUM,cpf-admin/frontend/src/features/logs/LogsPage.vue,DIRECT,SERVER_SESSION_MENU,GET_ONLY+BUTTON_GRANT,SOURCE_REVIEWED,미검증,미통과,,route registry + component/shared owner + session/router/workbench contract inspected,3ed676061246c9db3e44f29e254c0393ecca3929
5,transactionGroups,/transactionGroups,MEDIUM,cpf-admin/frontend/src/features/operations/IntegratedTracePage.vue,DIRECT,SERVER_SESSION_MENU,GET_ONLY+BUTTON_GRANT,SOURCE_REVIEWED,미검증,미통과,,route registry + component/shared owner + session/router/workbench contract inspected,3ed676061246c9db3e44f29e254c0393ecca3929
6,transactions,/transactions,HIGH,cpf-admin/frontend/src/features/transactions/TransactionsPage.vue,DIRECT,SERVER_SESSION_MENU,GET_ONLY+BUTTON_GRANT,SOURCE_REVIEWED,미검증,미통과,,route registry + component/shared owner + session/router/workbench contract inspected,3ed676061246c9db3e44f29e254c0393ecca3929
7,remoteLogs,/remoteLogs,MEDIUM,cpf-admin/frontend/src/features/remote-logs/RemoteLogsPage.vue,DIRECT,SERVER_SESSION_MENU,GET_ONLY+BUTTON_GRANT,SOURCE_REVIEWED,미검증,미통과,,route registry + component/shared owner + session/router/workbench contract inspected,3ed676061246c9db3e44f29e254c0393ecca3929
8,auditLogs,/auditLogs,MEDIUM,cpf-admin/frontend/src/features/audit-logs/AuditLogsPage.vue,DIRECT,SERVER_SESSION_MENU,GET_ONLY+BUTTON_GRANT,SOURCE_REVIEWED,미검증,미통과,,route registry + component/shared owner + session/router/workbench contract inspected,3ed676061246c9db3e44f29e254c0393ecca3929
9,logLevel,/logLevel,HIGH,cpf-admin/frontend/src/features/log-level/LogLevelPage.vue,DIRECT,SERVER_SESSION_MENU,GET_ONLY+BUTTON_GRANT,SOURCE_REVIEWED,미검증,미통과,,route registry + component/shared owner + session/router/workbench contract inspected,3ed676061246c9db3e44f29e254c0393ecca3929
10,logPolicies,/logPolicies,MEDIUM,cpf-admin/frontend/src/features/log-policies/LogPoliciesPage.vue,DIRECT,SERVER_SESSION_MENU,GET_ONLY+BUTTON_GRANT,SOURCE_REVIEWED,미검증,미통과,,route registry + component/shared owner + session/router/workbench contract inspected,3ed676061246c9db3e44f29e254c0393ecca3929
11,standardExecutions,/standardExecutions,MEDIUM,cpf-admin/frontend/src/features/standard-executions/StandardExecutionsPage.vue,DIRECT,SERVER_SESSION_MENU,GET_ONLY+BUTTON_GRANT,SOURCE_REVIEWED,미검증,미통과,,route registry + component/shared owner + session/router/workbench contract inspected,3ed676061246c9db3e44f29e254c0393ecca3929
12,channelPolicy,/channelPolicy,HIGH,cpf-admin/frontend/src/features/channel-policy/ChannelPolicyPage.vue,DIRECT,SERVER_SESSION_MENU,GET_ONLY+BUTTON_GRANT,SOURCE_REVIEWED,미검증,미통과,,route registry + component/shared owner + session/router/workbench contract inspected,3ed676061246c9db3e44f29e254c0393ecca3929
13,serviceRegistry,/serviceRegistry,MEDIUM,cpf-admin/frontend/src/features/service-registry/ServiceRegistryPage.vue,DIRECT,SERVER_SESSION_MENU,GET_ONLY+BUTTON_GRANT,SOURCE_REVIEWED,미검증,미통과,,route registry + component/shared owner + session/router/workbench contract inspected,3ed676061246c9db3e44f29e254c0393ecca3929
14,runtimeControl,/runtimeControl,HIGH,cpf-admin/frontend/src/features/operations/OnlineDeploymentWorkbenchPage.vue,DIRECT,SERVER_SESSION_MENU,GET_ONLY+BUTTON_GRANT,SOURCE_REVIEWED,미검증,미통과,,route registry + component/shared owner + session/router/workbench contract inspected,3ed676061246c9db3e44f29e254c0393ecca3929
15,maintenance,/maintenance,HIGH,cpf-admin/frontend/src/features/maintenance/MaintenancePage.vue,DIRECT,SERVER_SESSION_MENU,GET_ONLY+BUTTON_GRANT,SOURCE_REVIEWED,미검증,미통과,,route registry + component/shared owner + session/router/workbench contract inspected,3ed676061246c9db3e44f29e254c0393ecca3929
16,cache,/cache,HIGH,cpf-admin/frontend/src/features/cache/CachePage.vue,DIRECT,SERVER_SESSION_MENU,GET_ONLY+BUTTON_GRANT,SOURCE_REVIEWED,미검증,미통과,,route registry + component/shared owner + session/router/workbench contract inspected,3ed676061246c9db3e44f29e254c0393ecca3929
17,configs,/configs,HIGH,cpf-admin/frontend/src/features/configs/ConfigsPage.vue,DIRECT,SERVER_SESSION_MENU,GET_ONLY+BUTTON_GRANT,SOURCE_REVIEWED,미검증,미통과,,route registry + component/shared owner + session/router/workbench contract inspected,3ed676061246c9db3e44f29e254c0393ecca3929
18,responseCodes,/responseCodes,MEDIUM,cpf-admin/frontend/src/features/response-codes/ResponseCodesPage.vue,DIRECT,SERVER_SESSION_MENU,GET_ONLY+BUTTON_GRANT,SOURCE_REVIEWED,미검증,미통과,,route registry + component/shared owner + session/router/workbench contract inspected,3ed676061246c9db3e44f29e254c0393ecca3929
19,businessCalendar,/businessCalendar,MEDIUM,cpf-admin/frontend/src/features/business-calendar/BusinessCalendarPage.vue,DIRECT,SERVER_SESSION_MENU,GET_ONLY+BUTTON_GRANT,SOURCE_REVIEWED,미검증,미통과,,route registry + component/shared owner + session/router/workbench contract inspected,3ed676061246c9db3e44f29e254c0393ecca3929
20,recoveryCenter,/recoveryCenter,MEDIUM,cpf-admin/frontend/src/features/recovery-center/RecoveryCenterPage.vue,DIRECT,SERVER_SESSION_MENU,GET_ONLY+BUTTON_GRANT,FAIL,미검증,미통과,QA-B-R6J-NEW-005,duplicate mutation path lacks action button grant and expectedVersion versus ErrorWorkbench,3ed676061246c9db3e44f29e254c0393ecca3929
21,incidents,/incidents,HIGH,cpf-admin/frontend/src/features/operations/ErrorWorkbenchPage.vue,DIRECT,SERVER_SESSION_MENU,GET_ONLY+BUTTON_GRANT,SOURCE_REVIEWED,미검증,미통과,,route registry + component/shared owner + session/router/workbench contract inspected,3ed676061246c9db3e44f29e254c0393ecca3929
22,reliability,/reliability,MEDIUM,cpf-admin/frontend/src/features/operations/AnalysisCenterPage.vue,DIRECT,SERVER_SESSION_MENU,GET_ONLY+BUTTON_GRANT,SOURCE_REVIEWED,미검증,미통과,,route registry + component/shared owner + session/router/workbench contract inspected,3ed676061246c9db3e44f29e254c0393ecca3929
23,notifications,/notifications,MEDIUM,cpf-admin/frontend/src/features/notifications/NotificationsPage.vue,DIRECT,SERVER_SESSION_MENU,GET_ONLY+BUTTON_GRANT,SOURCE_REVIEWED,미검증,미통과,,route registry + component/shared owner + session/router/workbench contract inspected,3ed676061246c9db3e44f29e254c0393ecca3929
24,batch,/batch,HIGH,cpf-admin/frontend/src/features/batch-shared/BatchOperationsWorkbench.vue,SHARED,SERVER_SESSION_MENU,GET_ONLY+BUTTON_GRANT,SOURCE_REVIEWED,미검증,미통과,QA-B-R6J-NEW-004,route registry + component/shared owner + session/router/workbench contract inspected; UNKNOWN closure depends on BAT owner reconcile,3ed676061246c9db3e44f29e254c0393ecca3929
25,batch-overview,/batch-overview,MEDIUM,cpf-admin/frontend/src/features/batch-runtime-control/BatchOperationsWorkbench.vue,SHARED,SERVER_SESSION_MENU,GET_ONLY+BUTTON_GRANT,SOURCE_REVIEWED,미검증,미통과,QA-B-R6J-NEW-004,route registry + component/shared owner + session/router/workbench contract inspected; UNKNOWN closure depends on BAT owner reconcile,3ed676061246c9db3e44f29e254c0393ecca3929
26,batch-runtime,/batch-runtime,HIGH,cpf-admin/frontend/src/features/batch-runtime-control/BatchOperationsWorkbench.vue,SHARED,SERVER_SESSION_MENU,GET_ONLY+BUTTON_GRANT,SOURCE_REVIEWED,미검증,미통과,QA-B-R6J-NEW-004,route registry + component/shared owner + session/router/workbench contract inspected; UNKNOWN closure depends on BAT owner reconcile,3ed676061246c9db3e44f29e254c0393ecca3929
27,batch-instances,/batch-instances,MEDIUM,cpf-admin/frontend/src/features/batch-runtime-control/BatchOperationsWorkbench.vue,SHARED,SERVER_SESSION_MENU,GET_ONLY+BUTTON_GRANT,SOURCE_REVIEWED,미검증,미통과,QA-B-R6J-NEW-004,route registry + component/shared owner + session/router/workbench contract inspected; UNKNOWN closure depends on BAT owner reconcile,3ed676061246c9db3e44f29e254c0393ecca3929
28,batch-scheduler,/batch-scheduler,HIGH,cpf-admin/frontend/src/features/batch-runtime-control/BatchOperationsWorkbench.vue,SHARED,SERVER_SESSION_MENU,GET_ONLY+BUTTON_GRANT,SOURCE_REVIEWED,미검증,미통과,QA-B-R6J-NEW-004,route registry + component/shared owner + session/router/workbench contract inspected; UNKNOWN closure depends on BAT owner reconcile,3ed676061246c9db3e44f29e254c0393ecca3929
29,batch-worker-pools,/batch-worker-pools,HIGH,cpf-admin/frontend/src/features/batch-runtime-control/BatchOperationsWorkbench.vue,SHARED,SERVER_SESSION_MENU,GET_ONLY+BUTTON_GRANT,SOURCE_REVIEWED,미검증,미통과,QA-B-R6J-NEW-004,route registry + component/shared owner + session/router/workbench contract inspected; UNKNOWN closure depends on BAT owner reconcile,3ed676061246c9db3e44f29e254c0393ecca3929
30,batch-center-cut,/batch-center-cut,HIGH,cpf-admin/frontend/src/features/batch-runtime-control/BatchOperationsWorkbench.vue,SHARED,SERVER_SESSION_MENU,GET_ONLY+BUTTON_GRANT,SOURCE_REVIEWED,미검증,미통과,QA-B-R6J-NEW-004,route registry + component/shared owner + session/router/workbench contract inspected; UNKNOWN closure depends on BAT owner reconcile,3ed676061246c9db3e44f29e254c0393ecca3929
31,batch-agents,/batch-agents,HIGH,cpf-admin/frontend/src/features/batch-runtime-control/BatchOperationsWorkbench.vue,SHARED,SERVER_SESSION_MENU,GET_ONLY+BUTTON_GRANT,SOURCE_REVIEWED,미검증,미통과,QA-B-R6J-NEW-004,route registry + component/shared owner + session/router/workbench contract inspected; UNKNOWN closure depends on BAT owner reconcile,3ed676061246c9db3e44f29e254c0393ecca3929
32,batch-job-packs,/batch-job-packs,HIGH,cpf-admin/frontend/src/features/batch-runtime-control/BatchOperationsWorkbench.vue,SHARED,SERVER_SESSION_MENU,GET_ONLY+BUTTON_GRANT,SOURCE_REVIEWED,미검증,미통과,QA-B-R6J-NEW-004,route registry + component/shared owner + session/router/workbench contract inspected; UNKNOWN closure depends on BAT owner reconcile,3ed676061246c9db3e44f29e254c0393ecca3929
33,batch-executions,/batch-executions,HIGH,cpf-admin/frontend/src/features/batch-runtime-control/BatchOperationsWorkbench.vue,SHARED,SERVER_SESSION_MENU,GET_ONLY+BUTTON_GRANT,SOURCE_REVIEWED,미검증,미통과,QA-B-R6J-NEW-004,route registry + component/shared owner + session/router/workbench contract inspected; UNKNOWN closure depends on BAT owner reconcile,3ed676061246c9db3e44f29e254c0393ecca3929
34,batch-deployment,/batch-deployment,HIGH,cpf-admin/frontend/src/features/batch-runtime-control/BatchOperationsWorkbench.vue,SHARED,SERVER_SESSION_MENU,GET_ONLY+BUTTON_GRANT,SOURCE_REVIEWED,미검증,미통과,QA-B-R6J-NEW-004,route registry + component/shared owner + session/router/workbench contract inspected; UNKNOWN closure depends on BAT owner reconcile,3ed676061246c9db3e44f29e254c0393ecca3929
35,batch-recovery,/batch-recovery,HIGH,cpf-admin/frontend/src/features/batch-runtime-control/BatchOperationsWorkbench.vue,SHARED,SERVER_SESSION_MENU,GET_ONLY+BUTTON_GRANT,SOURCE_REVIEWED,미검증,미통과,QA-B-R6J-NEW-004,route registry + component/shared owner + session/router/workbench contract inspected; UNKNOWN closure depends on BAT owner reconcile,3ed676061246c9db3e44f29e254c0393ecca3929
36,batch-leases,/batch-leases,HIGH,cpf-admin/frontend/src/features/batch-runtime-control/BatchOperationsWorkbench.vue,SHARED,SERVER_SESSION_MENU,GET_ONLY+BUTTON_GRANT,SOURCE_REVIEWED,미검증,미통과,QA-B-R6J-NEW-004,route registry + component/shared owner + session/router/workbench contract inspected; UNKNOWN closure depends on BAT owner reconcile,3ed676061246c9db3e44f29e254c0393ecca3929
37,batch-alerts,/batch-alerts,MEDIUM,cpf-admin/frontend/src/features/batch-runtime-control/BatchOperationsWorkbench.vue,SHARED,SERVER_SESSION_MENU,GET_ONLY+BUTTON_GRANT,SOURCE_REVIEWED,미검증,미통과,QA-B-R6J-NEW-004,route registry + component/shared owner + session/router/workbench contract inspected; UNKNOWN closure depends on BAT owner reconcile,3ed676061246c9db3e44f29e254c0393ecca3929
38,batch-audit,/batch-audit,MEDIUM,cpf-admin/frontend/src/features/batch-runtime-control/BatchOperationsWorkbench.vue,SHARED,SERVER_SESSION_MENU,GET_ONLY+BUTTON_GRANT,SOURCE_REVIEWED,미검증,미통과,QA-B-R6J-NEW-004,route registry + component/shared owner + session/router/workbench contract inspected; UNKNOWN closure depends on BAT owner reconcile,3ed676061246c9db3e44f29e254c0393ecca3929
39,workers,/workers,MEDIUM,cpf-admin/frontend/src/features/batch-runtime-control/BatchOperationsWorkbench.vue,SHARED,SERVER_SESSION_MENU,GET_ONLY+BUTTON_GRANT,SOURCE_REVIEWED,미검증,미통과,QA-B-R6J-NEW-004,route registry + component/shared owner + session/router/workbench contract inspected; UNKNOWN closure depends on BAT owner reconcile,3ed676061246c9db3e44f29e254c0393ecca3929
40,downloads,/downloads,MEDIUM,cpf-admin/frontend/src/features/downloads/DownloadsPage.vue,DIRECT,SERVER_SESSION_MENU,GET_ONLY+BUTTON_GRANT,SOURCE_REVIEWED,미검증,미통과,,route registry + component/shared owner + session/router/workbench contract inspected,3ed676061246c9db3e44f29e254c0393ecca3929
41,file-jobs,/file-jobs,HIGH,cpf-admin/frontend/src/features/file-jobs/FileJobsPage.vue,DIRECT,SERVER_SESSION_MENU,GET_ONLY+BUTTON_GRANT,FAIL,미검증,미통과,QA-B-R6J-NEW-007,one or more high-risk direct controls lack exact action-level UI permission projection,3ed676061246c9db3e44f29e254c0393ecca3929
42,messages,/messages,MEDIUM,cpf-admin/frontend/src/features/messages/MessagesPage.vue,DIRECT,SERVER_SESSION_MENU,GET_ONLY+BUTTON_GRANT,SOURCE_REVIEWED,미검증,미통과,,route registry + component/shared owner + session/router/workbench contract inspected,3ed676061246c9db3e44f29e254c0393ecca3929
43,codes,/codes,MEDIUM,cpf-admin/frontend/src/features/codes/CodesPage.vue,DIRECT,SERVER_SESSION_MENU,GET_ONLY+BUTTON_GRANT,SOURCE_REVIEWED,미검증,미통과,,route registry + component/shared owner + session/router/workbench contract inspected,3ed676061246c9db3e44f29e254c0393ecca3929
44,gateway-dashboard,/gateway-dashboard,MEDIUM,cpf-admin/frontend/src/features/gateway-operations/GatewayOperationsPage.vue,SHARED,SERVER_SESSION_MENU,GET_ONLY+BUTTON_GRANT,SOURCE_REVIEWED,미검증,미통과,QA-B-R6J-NEW-004,route registry + component/shared owner + session/router/workbench contract inspected; high-risk Owner UNKNOWN path requires reconcile review,3ed676061246c9db3e44f29e254c0393ecca3929
45,gateway-servers,/gateway-servers,HIGH,cpf-admin/frontend/src/features/gateway-operations/GatewayOperationsPage.vue,SHARED,SERVER_SESSION_MENU,GET_ONLY+BUTTON_GRANT,SOURCE_REVIEWED,미검증,미통과,QA-B-R6J-NEW-004,route registry + component/shared owner + session/router/workbench contract inspected; high-risk Owner UNKNOWN path requires reconcile review,3ed676061246c9db3e44f29e254c0393ecca3929
46,gateway-groups,/gateway-groups,HIGH,cpf-admin/frontend/src/features/gateway-operations/GatewayOperationsPage.vue,SHARED,SERVER_SESSION_MENU,GET_ONLY+BUTTON_GRANT,SOURCE_REVIEWED,미검증,미통과,QA-B-R6J-NEW-004,route registry + component/shared owner + session/router/workbench contract inspected; high-risk Owner UNKNOWN path requires reconcile review,3ed676061246c9db3e44f29e254c0393ecca3929
47,gateway-routes,/gateway-routes,HIGH,cpf-admin/frontend/src/features/gateway-operations/GatewayOperationsPage.vue,SHARED,SERVER_SESSION_MENU,GET_ONLY+BUTTON_GRANT,SOURCE_REVIEWED,미검증,미통과,QA-B-R6J-NEW-004,route registry + component/shared owner + session/router/workbench contract inspected; high-risk Owner UNKNOWN path requires reconcile review,3ed676061246c9db3e44f29e254c0393ecca3929
48,gateway-security,/gateway-security,HIGH,cpf-admin/frontend/src/features/gateway-operations/GatewayOperationsPage.vue,SHARED,SERVER_SESSION_MENU,GET_ONLY+BUTTON_GRANT,SOURCE_REVIEWED,미검증,미통과,QA-B-R6J-NEW-004,route registry + component/shared owner + session/router/workbench contract inspected; high-risk Owner UNKNOWN path requires reconcile review,3ed676061246c9db3e44f29e254c0393ecca3929
49,gateway-health,/gateway-health,MEDIUM,cpf-admin/frontend/src/features/gateway-operations/GatewayOperationsPage.vue,SHARED,SERVER_SESSION_MENU,GET_ONLY+BUTTON_GRANT,SOURCE_REVIEWED,미검증,미통과,QA-B-R6J-NEW-004,route registry + component/shared owner + session/router/workbench contract inspected; high-risk Owner UNKNOWN path requires reconcile review,3ed676061246c9db3e44f29e254c0393ecca3929
50,gateway-transactions,/gateway-transactions,MEDIUM,cpf-admin/frontend/src/features/gateway-operations/GatewayOperationsPage.vue,SHARED,SERVER_SESSION_MENU,GET_ONLY+BUTTON_GRANT,SOURCE_REVIEWED,미검증,미통과,QA-B-R6J-NEW-004,route registry + component/shared owner + session/router/workbench contract inspected; high-risk Owner UNKNOWN path requires reconcile review,3ed676061246c9db3e44f29e254c0393ecca3929
51,gateway-log-policies,/gateway-log-policies,MEDIUM,cpf-admin/frontend/src/features/gateway-operations/GatewayOperationsPage.vue,SHARED,SERVER_SESSION_MENU,GET_ONLY+BUTTON_GRANT,SOURCE_REVIEWED,미검증,미통과,QA-B-R6J-NEW-004,route registry + component/shared owner + session/router/workbench contract inspected; high-risk Owner UNKNOWN path requires reconcile review,3ed676061246c9db3e44f29e254c0393ecca3929
52,gateway-apply-status,/gateway-apply-status,MEDIUM,cpf-admin/frontend/src/features/gateway-operations/GatewayOperationsPage.vue,SHARED,SERVER_SESSION_MENU,GET_ONLY+BUTTON_GRANT,SOURCE_REVIEWED,미검증,미통과,QA-B-R6J-NEW-004,route registry + component/shared owner + session/router/workbench contract inspected; high-risk Owner UNKNOWN path requires reconcile review,3ed676061246c9db3e44f29e254c0393ecca3929
53,permissions,/permissions,MEDIUM,cpf-admin/frontend/src/features/permissions/PermissionsPage.vue,DIRECT,SERVER_SESSION_MENU,GET_ONLY+BUTTON_GRANT,SOURCE_REVIEWED,미검증,미통과,,route registry + component/shared owner + session/router/workbench contract inspected,3ed676061246c9db3e44f29e254c0393ecca3929
54,password,/password,HIGH,cpf-admin/frontend/src/features/password/PasswordPage.vue,DIRECT,SERVER_SESSION_MENU,GET_ONLY+BUTTON_GRANT,SOURCE_REVIEWED,미검증,미통과,,route registry + component/shared owner + session/router/workbench contract inspected,3ed676061246c9db3e44f29e254c0393ecca3929
55,security,/security,HIGH,cpf-admin/frontend/src/features/security/SecurityPage.vue,DIRECT,SERVER_SESSION_MENU,GET_ONLY+BUTTON_GRANT,SOURCE_REVIEWED,미검증,미통과,,route registry + component/shared owner + session/router/workbench contract inspected,3ed676061246c9db3e44f29e254c0393ecca3929
56,operators,/operators,HIGH,cpf-admin/frontend/src/features/operators/OperatorsPage.vue,DIRECT,SERVER_SESSION_MENU,GET_ONLY+BUTTON_GRANT,FAIL,미검증,미통과,QA-B-R6J-NEW-007,one or more high-risk direct controls lack exact action-level UI permission projection,3ed676061246c9db3e44f29e254c0393ecca3929
57,secrets,/secrets,HIGH,cpf-admin/frontend/src/features/secrets/SecretsPage.vue,DIRECT,SERVER_SESSION_MENU,GET_ONLY+BUTTON_GRANT,FAIL,미검증,미통과,QA-B-R6J-NEW-007,one or more high-risk direct controls lack exact action-level UI permission projection,3ed676061246c9db3e44f29e254c0393ecca3929
58,approvals,/approvals,HIGH,cpf-admin/frontend/src/features/approvals/ApprovalsPage.vue,DIRECT,SERVER_SESSION_MENU,GET_ONLY+BUTTON_GRANT,SOURCE_REVIEWED,미검증,미통과,QA-B-R6J-NEW-004,"route registry + component/shared owner + session/router/workbench contract inspected; Approval page action permission good, backend owner reconcile issue remains",3ed676061246c9db3e44f29e254c0393ecca3929
59,breakGlass,/breakGlass,HIGH,cpf-admin/frontend/src/features/break-glass/BreakGlassPage.vue,DIRECT,SERVER_SESSION_MENU,GET_ONLY+BUTTON_GRANT,SOURCE_REVIEWED,미검증,미통과,,route registry + component/shared owner + session/router/workbench contract inspected,3ed676061246c9db3e44f29e254c0393ecca3929
60,featureFlags,/featureFlags,CRITICAL,cpf-admin/frontend/src/features/feature-flags/FeatureFlagsPage.vue,DIRECT,SERVER_SESSION_MENU,GET_ONLY+BUTTON_GRANT,FAIL,미검증,미통과,QA-B-R6J-NEW-007,one or more high-risk direct controls lack exact action-level UI permission projection,3ed676061246c9db3e44f29e254c0393ecca3929
61,integrationClosure,/integrationClosure,CRITICAL,cpf-admin/frontend/src/features/integration-closure/IntegrationClosurePage.vue,DIRECT,SERVER_SESSION_MENU,GET_ONLY+BUTTON_GRANT,SOURCE_REVIEWED,미검증,미통과,,route registry + component/shared owner + session/router/workbench contract inspected,3ed676061246c9db3e44f29e254c0393ecca3929
62,openApiOperations,/openApiOperations,HIGH,cpf-admin/frontend/src/features/openapi-operations/OpenApiOperationsPage.vue,DIRECT,SERVER_SESSION_MENU,GET_ONLY+BUTTON_GRANT,FAIL,미검증,미통과,QA-B-R6J-NEW-007,one or more high-risk direct controls lack exact action-level UI permission projection,3ed676061246c9db3e44f29e254c0393ecca3929
63,resiliencePolicies,/resiliencePolicies,CRITICAL,cpf-admin/frontend/src/features/resilience-policies/ResiliencePoliciesPage.vue,DIRECT,SERVER_SESSION_MENU,GET_ONLY+BUTTON_GRANT,FAIL,미검증,미통과,QA-B-R6J-NEW-007,one or more high-risk direct controls lack exact action-level UI permission projection,3ed676061246c9db3e44f29e254c0393ecca3929
